,Financial Benchmarks India Private Ltd,,,,
,,,,,
FBIL SDL/SGS Prices/Yields,,,Thu Sep 03 2026 05:30:00 GMT+0530 (India Standard Time),,
Calculating Agent: FBIL,,,,,
ISIN,Description,Coupon,Maturity (dd-mmm-yyyy),Price(Rs),YTM% p.a. (Semi-Annual)
IN1620160185,07.35 HR SDL 2026,7.35,Mon Sep 14 2026 05:30:00 GMT+0530 (India Standard Time),100.05,5.4352
IN2220160062,07.37 MH SDL 2026,7.37,Mon Sep 14 2026 05:30:00 GMT+0530 (India Standard Time),100.0506,5.4352
IN3120160103,07.37 TN SDL 2026,7.37,Mon Sep 14 2026 05:30:00 GMT+0530 (India Standard Time),100.0506,5.4352
IN2120160030,07.38 MP SDL 2026,7.38,Mon Sep 14 2026 05:30:00 GMT+0530 (India Standard Time),100.0508,5.4352
IN2920160156,07.38 RJ SDL 2026,7.38,Mon Sep 14 2026 05:30:00 GMT+0530 (India Standard Time),100.0508,5.4352
IN4520160099,07.39 TS SDL 2026,7.39,Mon Sep 14 2026 05:30:00 GMT+0530 (India Standard Time),100.0511,5.4352
IN3620160033,07.39 UK SDL 2026,7.39,Mon Sep 14 2026 05:30:00 GMT+0530 (India Standard Time),100.0511,5.4352
IN3320160226,07.39 UP SDL 2026,7.39,Mon Sep 14 2026 05:30:00 GMT+0530 (India Standard Time),100.0511,5.4352
IN2420160045,07.43 ML SDL 2026,7.43,Mon Sep 14 2026 05:30:00 GMT+0530 (India Standard Time),100.0522,5.4352
IN2320160046,07.48 MN SDL 2026,7.48,Mon Sep 14 2026 05:30:00 GMT+0530 (India Standard Time),100.0535,5.4352
IN2620160035,07.49 NL SDL 2026,7.49,Mon Sep 14 2026 05:30:00 GMT+0530 (India Standard Time),100.0538,5.4352
IN3120180127,08.72 TN SDL 2026,8.72,Sat Sep 19 2026 05:30:00 GMT+0530 (India Standard Time),100.1307,5.4352
IN1420160047,07.16 GA SDL 2026,7.16,Mon Sep 28 2026 05:30:00 GMT+0530 (India Standard Time),100.1085,5.4352
IN2220160070,07.16 MH SDL 2026,7.16,Mon Sep 28 2026 05:30:00 GMT+0530 (India Standard Time),100.1085,5.4352
IN2120160048,07.16 MP SDL 2026,7.16,Mon Sep 28 2026 05:30:00 GMT+0530 (India Standard Time),100.1085,5.4352
IN2920160164,07.17 RJ SDL 2026,7.17,Mon Sep 28 2026 05:30:00 GMT+0530 (India Standard Time),100.1091,5.4352
IN1620160193,07.18 HR SDL 2026,7.18,Mon Sep 28 2026 05:30:00 GMT+0530 (India Standard Time),100.1098,5.4352
IN1820160043,07.18 JK SDL 2026,7.18,Mon Sep 28 2026 05:30:00 GMT+0530 (India Standard Time),100.1098,5.4352
IN2420160052,07.18 ML SDL 2026,7.18,Mon Sep 28 2026 05:30:00 GMT+0530 (India Standard Time),100.1098,5.4352
IN3620160041,07.18 UK SDL 2026,7.18,Mon Sep 28 2026 05:30:00 GMT+0530 (India Standard Time),100.1098,5.4352
IN3320160234,07.19 UP SDL 2026,7.19,Mon Sep 28 2026 05:30:00 GMT+0530 (India Standard Time),100.1104,5.4352
IN3420160068,07.19 WB SDL 2026,7.19,Mon Sep 28 2026 05:30:00 GMT+0530 (India Standard Time),100.1104,5.4352
IN1520220097,07.49 GJ SGS 2026,7.49,Mon Sep 28 2026 05:30:00 GMT+0530 (India Standard Time),100.1299,5.4352
IN3820210018,05.96 PY SDL 2026,5.96,Tue Sep 29 2026 05:30:00 GMT+0530 (India Standard Time),100.0319,5.4352
IN2920210316,06.01 RJ SDL 2026,6.01,Tue Oct 06 2026 05:30:00 GMT+0530 (India Standard Time),100.0457,5.4352
IN3620160058,07.18 UK SDL 2026OCT,7.18,Tue Oct 13 2026 05:30:00 GMT+0530 (India Standard Time),100.1797,5.4352
IN1720160010,07.17 HP SDL 2026,7.17,Tue Oct 13 2026 05:30:00 GMT+0530 (India Standard Time),100.1787,5.4352
IN4520160107,07.16 TS SDL 2026,7.16,Tue Oct 13 2026 05:30:00 GMT+0530 (India Standard Time),100.1776,5.4352
IN3320160242,07.16 UP SDL 2026,7.16,Tue Oct 13 2026 05:30:00 GMT+0530 (India Standard Time),100.1776,5.4352
IN3420160076,07.16 WB SDL 2026,7.16,Tue Oct 13 2026 05:30:00 GMT+0530 (India Standard Time),100.1776,5.4352
IN2020160098,07.15 KL SDL 2026,7.15,Tue Oct 13 2026 05:30:00 GMT+0530 (India Standard Time),100.1765,5.4352
IN2120160055,07.15 MP SDL 2026,7.15,Tue Oct 13 2026 05:30:00 GMT+0530 (India Standard Time),100.1765,5.4352
IN2220160088,07.15 MH SDL 2026,7.15,Tue Oct 13 2026 05:30:00 GMT+0530 (India Standard Time),100.1765,5.4352
IN1620160201,07.14 HR SDL 2026,7.14,Tue Oct 13 2026 05:30:00 GMT+0530 (India Standard Time),100.1755,5.4352
IN1920160018,07.14 KA SDL 2026,7.14,Tue Oct 13 2026 05:30:00 GMT+0530 (India Standard Time),100.1755,5.4352
IN3120160111,07.14 TN SDL 2026,7.14,Tue Oct 13 2026 05:30:00 GMT+0530 (India Standard Time),100.1755,5.4352
IN1120160024,07.09 AR SDL 2026,7.09,Tue Oct 13 2026 05:30:00 GMT+0530 (India Standard Time),100.1702,5.4352
IN2320160053,07.09 MN SDL 2026,7.09,Tue Oct 13 2026 05:30:00 GMT+0530 (India Standard Time),100.1702,5.4352
IN1520220121,07.41 GJ SGS 2026,7.41,Mon Oct 19 2026 05:30:00 GMT+0530 (India Standard Time),100.236,5.4352
IN1520210130,06.04 GJ SDL 2026,6.04,Tue Oct 20 2026 05:30:00 GMT+0530 (India Standard Time),100.0709,5.4352
IN3420160084,07.25 WB SDL 2026,7.25,Mon Oct 26 2026 05:30:00 GMT+0530 (India Standard Time),100.251,5.4352
IN3620160066,07.25 UK SDL 2026,7.25,Mon Oct 26 2026 05:30:00 GMT+0530 (India Standard Time),100.251,5.4352
IN3720160016,07.25 JH SDL 2026,7.25,Mon Oct 26 2026 05:30:00 GMT+0530 (India Standard Time),100.251,5.4352
IN3320160259,07.24 UP SDL 2026,7.24,Mon Oct 26 2026 05:30:00 GMT+0530 (India Standard Time),100.2496,5.4352
IN1020160355,07.23 AP SDL 2026,7.23,Mon Oct 26 2026 05:30:00 GMT+0530 (India Standard Time),100.2482,5.4352
IN1220160015,07.23 AS SDL 2026,7.23,Mon Oct 26 2026 05:30:00 GMT+0530 (India Standard Time),100.2482,5.4352
IN2120160063,07.23 MP SDL 2026,7.23,Mon Oct 26 2026 05:30:00 GMT+0530 (India Standard Time),100.2482,5.4352
IN3020160021,07.23 SK SDL 2026,7.23,Mon Oct 26 2026 05:30:00 GMT+0530 (India Standard Time),100.2482,5.4352
IN3120160129,07.23 TN SDL 2026,7.23,Mon Oct 26 2026 05:30:00 GMT+0530 (India Standard Time),100.2482,5.4352
IN1620160219,07.22 HR SDL 2026,7.22,Mon Oct 26 2026 05:30:00 GMT+0530 (India Standard Time),100.2468,5.4352
IN1920160026,07.22 KA SDL 2026,7.22,Mon Oct 26 2026 05:30:00 GMT+0530 (India Standard Time),100.2468,5.4352
IN2220160096,07.22 MH SDL 2026,7.22,Mon Oct 26 2026 05:30:00 GMT+0530 (India Standard Time),100.2468,5.4352
IN2320160061,07.22 MN SDL 2026,7.22,Mon Oct 26 2026 05:30:00 GMT+0530 (India Standard Time),100.2468,5.4352
IN2620160043,07.22 NG SDL 2026,7.22,Mon Oct 26 2026 05:30:00 GMT+0530 (India Standard Time),100.2468,5.4352
IN3220160037,07.22 TR SDL 2026,7.22,Mon Oct 26 2026 05:30:00 GMT+0530 (India Standard Time),100.2468,5.4352
IN2920160172,07.21 RJ SDL 2026,7.21,Mon Oct 26 2026 05:30:00 GMT+0530 (India Standard Time),100.2454,5.4352
IN1220210091,06.09 AS SDL 2026,6.09,Tue Oct 27 2026 05:30:00 GMT+0530 (India Standard Time),100.0897,5.4352
IN3820200035,05.75 PY SDL 2026,5.75,Wed Oct 28 2026 05:30:00 GMT+0530 (India Standard Time),100.0419,5.4352
IN2820200052,06.80 PN SDL 2026,6.8,Fri Nov 06 2026 05:30:00 GMT+0530 (India Standard Time),100.2101,5.4352
IN1020160371,07.42 AP SDL 2026,7.42,Mon Nov 09 2026 05:30:00 GMT+0530 (India Standard Time),100.3304,5.4352
IN1220160023,07.42 AS SDL 2026,7.42,Mon Nov 09 2026 05:30:00 GMT+0530 (India Standard Time),100.3304,5.4352
IN1620160227,07.39 HR SDL 2026,7.39,Mon Nov 09 2026 05:30:00 GMT+0530 (India Standard Time),100.3251,5.4352
IN1720160028,07.39 HP SDL 2026,7.39,Mon Nov 09 2026 05:30:00 GMT+0530 (India Standard Time),100.3251,5.4352
IN3720160024,07.40 JH SDL 2026,7.4,Mon Nov 09 2026 05:30:00 GMT+0530 (India Standard Time),100.3269,5.4352
IN1920160034,07.37 KA SDL 2026,7.37,Mon Nov 09 2026 05:30:00 GMT+0530 (India Standard Time),100.3216,5.4352
IN2020160106,07.38 KL SDL 2026,7.38,Mon Nov 09 2026 05:30:00 GMT+0530 (India Standard Time),100.3233,5.4352
IN2120160071,07.40 MP SDL 2026,7.4,Mon Nov 09 2026 05:30:00 GMT+0530 (India Standard Time),100.3269,5.4352
IN2220160104,07.39 MH SDL 2026,7.39,Mon Nov 09 2026 05:30:00 GMT+0530 (India Standard Time),100.3251,5.4352
IN2320160079,07.35 MN SDL 2026,7.35,Mon Nov 09 2026 05:30:00 GMT+0530 (India Standard Time),100.3181,5.4352
IN2920160180,07.37 RJ SDL 2026,7.37,Mon Nov 09 2026 05:30:00 GMT+0530 (India Standard Time),100.3216,5.4352
IN3120160137,07.39 TN SDL 2026,7.39,Mon Nov 09 2026 05:30:00 GMT+0530 (India Standard Time),100.3251,5.4352
IN4520160115,07.40 TS SDL 2026,7.4,Mon Nov 09 2026 05:30:00 GMT+0530 (India Standard Time),100.3269,5.4352
IN3320160267,07.41 UP SDL 2026,7.41,Mon Nov 09 2026 05:30:00 GMT+0530 (India Standard Time),100.3286,5.4352
IN3620160074,07.42 UK SDL 2026,7.42,Mon Nov 09 2026 05:30:00 GMT+0530 (India Standard Time),100.3304,5.4352
IN3420160092,07.42 WB SDL 2026,7.42,Mon Nov 09 2026 05:30:00 GMT+0530 (India Standard Time),100.3304,5.4352
IN1520220154,07.57 GJ SGS 2026,7.57,Mon Nov 09 2026 05:30:00 GMT+0530 (India Standard Time),100.3567,5.4352
IN3120190191,07.05 TN SDL 2026,7.05,Fri Nov 20 2026 05:30:00 GMT+0530 (India Standard Time),100.3148,5.4352
IN3820190038,07.08 PY SDL 2026,7.08,Fri Nov 20 2026 05:30:00 GMT+0530 (India Standard Time),100.3209,5.4352
IN1220160031,06.97 AS SDL 2026,6.97,Mon Nov 23 2026 05:30:00 GMT+0530 (India Standard Time),100.3112,5.4352
IN1320160113,06.89 BR SDL 2026,6.89,Mon Nov 23 2026 05:30:00 GMT+0530 (India Standard Time),100.2942,5.4352
IN1420160054,06.88 GA SDL 2026,6.88,Mon Nov 23 2026 05:30:00 GMT+0530 (India Standard Time),100.292,5.4352
IN1620160235,06.86 HR SDL 2026,6.86,Mon Nov 23 2026 05:30:00 GMT+0530 (India Standard Time),100.2878,5.4352
IN1820160159,06.97 JK SDL 2026,6.97,Mon Nov 23 2026 05:30:00 GMT+0530 (India Standard Time),100.3112,5.4352
IN3720160032,06.90 JH SDL 2026,6.9,Mon Nov 23 2026 05:30:00 GMT+0530 (India Standard Time),100.2963,5.4352
IN1920160042,06.83 KA SDL 2026,6.83,Mon Nov 23 2026 05:30:00 GMT+0530 (India Standard Time),100.2813,5.4352
IN2020160114,06.85 KL SDL 2026,6.85,Mon Nov 23 2026 05:30:00 GMT+0530 (India Standard Time),100.2856,5.4352
IN2220160112,06.82 MH SDL 2026,6.82,Mon Nov 23 2026 05:30:00 GMT+0530 (India Standard Time),100.2792,5.4352
IN2620160050,06.89 NL SDL 2026,6.89,Mon Nov 23 2026 05:30:00 GMT+0530 (India Standard Time),100.2942,5.4352
IN2920160198,06.82 RJ SDL 2026,6.82,Mon Nov 23 2026 05:30:00 GMT+0530 (India Standard Time),100.2792,5.4352
IN3120160145,06.84 TN SDL 2026,6.84,Mon Nov 23 2026 05:30:00 GMT+0530 (India Standard Time),100.2835,5.4352
IN3320160275,06.85 UP SDL 2026,6.85,Mon Nov 23 2026 05:30:00 GMT+0530 (India Standard Time),100.2856,5.4352
IN3620160082,06.97 UK SDL 2026,6.97,Mon Nov 23 2026 05:30:00 GMT+0530 (India Standard Time),100.3112,5.4352
IN3420160100,06.88 WB SDL 2026,6.88,Mon Nov 23 2026 05:30:00 GMT+0530 (India Standard Time),100.292,5.4352
IN2420220054,07.39 ML SGS 2026,7.39,Mon Nov 23 2026 05:30:00 GMT+0530 (India Standard Time),100.4009,5.4352
IN1520230104,07.58 GJ SGS 2026,7.58,Sun Nov 29 2026 05:30:00 GMT+0530 (India Standard Time),100.4774,5.4352
IN2920160206,06.85 RJ SDL 2026,6.85,Mon Nov 30 2026 05:30:00 GMT+0530 (India Standard Time),100.3136,5.4352
IN3320160283,06.87 UP SDL 2026,6.87,Mon Nov 30 2026 05:30:00 GMT+0530 (India Standard Time),100.3183,5.4352
IN2920210381,06.07 RJ SDL 2026,6.07,Tue Dec 01 2026 05:30:00 GMT+0530 (India Standard Time),100.1342,5.4352
IN1220210158,06.04 AS SDL 2026,6.04,Tue Dec 08 2026 05:30:00 GMT+0530 (India Standard Time),100.0541,5.7652
IN3520200079,05.93 CG SDL 2026,5.93,Wed Dec 09 2026 05:30:00 GMT+0530 (India Standard Time),100.0269,5.7652
IN1020160405,07.08 AP SDL 2026,7.08,Mon Dec 14 2026 05:30:00 GMT+0530 (India Standard Time),100.3408,5.7652
IN1220160049,07.10 AS SDL 2026,7.1,Mon Dec 14 2026 05:30:00 GMT+0530 (India Standard Time),100.3462,5.7652
IN1320160121,07.10 BR SDL 2026,7.1,Mon Dec 14 2026 05:30:00 GMT+0530 (India Standard Time),100.3462,5.7652
IN1420160062,07.10 GA SDL 2026,7.1,Mon Dec 14 2026 05:30:00 GMT+0530 (India Standard Time),100.3462,5.7652
IN1520160152,07.05 GJ SDL 2026,7.05,Mon Dec 14 2026 05:30:00 GMT+0530 (India Standard Time),100.3327,5.7652
IN1820160167,07.10 JK SDL 2026,7.1,Mon Dec 14 2026 05:30:00 GMT+0530 (India Standard Time),100.3462,5.7652
IN1920160059,07.08 KA SDL 2026,7.08,Mon Dec 14 2026 05:30:00 GMT+0530 (India Standard Time),100.3408,5.7652
IN2420160060,07.10 ML SDL 2026,7.1,Mon Dec 14 2026 05:30:00 GMT+0530 (India Standard Time),100.3462,5.7652
IN2620160068,07.10 NL SDL 2026,7.1,Mon Dec 14 2026 05:30:00 GMT+0530 (India Standard Time),100.3462,5.7652
IN2720160075,07.08 OD SDL 2026,7.08,Mon Dec 14 2026 05:30:00 GMT+0530 (India Standard Time),100.3408,5.7652
IN2920160214,07.06 RJ SDL 2026,7.06,Mon Dec 14 2026 05:30:00 GMT+0530 (India Standard Time),100.3354,5.7652
IN3020160039,07.10 SK SDL 2026,7.1,Mon Dec 14 2026 05:30:00 GMT+0530 (India Standard Time),100.3462,5.7652
IN3120160152,07.07 TN SDL 2026,7.07,Mon Dec 14 2026 05:30:00 GMT+0530 (India Standard Time),100.3381,5.7652
IN3420160118,07.10 WB SDL 2026,7.1,Mon Dec 14 2026 05:30:00 GMT+0530 (India Standard Time),100.3462,5.7652
IN1520230146,07.40 GJ SGS 2026,7.4,Sun Dec 27 2026 05:30:00 GMT+0530 (India Standard Time),100.4885,5.7652
IN1020160413,07.25 AP SDL 2026 ,7.25,Mon Dec 28 2026 05:30:00 GMT+0530 (India Standard Time),100.4471,5.7652
IN1220160056,07.22 AS SDL 2026,7.22,Mon Dec 28 2026 05:30:00 GMT+0530 (India Standard Time),100.4379,5.7652
IN1320160139,07.29 BR SDL 2026,7.29,Mon Dec 28 2026 05:30:00 GMT+0530 (India Standard Time),100.4594,5.7652
IN3420160126,07.29 WB SDL 2026,7.29,Mon Dec 28 2026 05:30:00 GMT+0530 (India Standard Time),100.4594,5.7652
IN1520160160,07.24 GJ SDL 2026,7.24,Mon Dec 28 2026 05:30:00 GMT+0530 (India Standard Time),100.444,5.7652
IN1420160070,07.21 GA SDL 2026,7.21,Mon Dec 28 2026 05:30:00 GMT+0530 (India Standard Time),100.4348,5.7652
IN1620160243,07.28 HR SDL 2026,7.28,Mon Dec 28 2026 05:30:00 GMT+0530 (India Standard Time),100.4564,5.7652
IN1920160067,07.27 KA SDL 2026,7.27,Mon Dec 28 2026 05:30:00 GMT+0530 (India Standard Time),100.4533,5.7652
IN2020160122,07.29 KL SDL 2026,7.29,Mon Dec 28 2026 05:30:00 GMT+0530 (India Standard Time),100.4594,5.7652
IN2220160120,07.25 MH SDL 2026,7.25,Mon Dec 28 2026 05:30:00 GMT+0530 (India Standard Time),100.4471,5.7652
IN2520160028,07.21 MZ SDL 2026,7.21,Mon Dec 28 2026 05:30:00 GMT+0530 (India Standard Time),100.4348,5.7652
IN2920210407,06.29 RJ SDL 2026 29 DEC,6.29,Tue Dec 29 2026 05:30:00 GMT+0530 (India Standard Time),100.1534,5.7652
IN1220210182,06.33 AS SDL 2026 29 DEC,6.33,Tue Dec 29 2026 05:30:00 GMT+0530 (India Standard Time),100.1659,5.7652
IN3520200087,05.88 CG SDL 2026,5.88,Wed Dec 30 2026 05:30:00 GMT+0530 (India Standard Time),100.0268,5.7652
IN1520230161,07.43 GJ SGS 2027,7.43,Sun Jan 03 2027 05:30:00 GMT+0530 (India Standard Time),100.511,5.7652
IN2920200556,05.82 RJ SDL 2027,5.82,Wed Jan 06 2027 05:30:00 GMT+0530 (India Standard Time),99.9955,5.7652
IN1020160421,07.14 AP SDL 2027,7.14,Mon Jan 11 2027 05:30:00 GMT+0530 (India Standard Time),100.4507,5.7652
IN1320160147,07.12 BR SDL 2027,7.12,Mon Jan 11 2027 05:30:00 GMT+0530 (India Standard Time),100.4438,5.7652
IN1420160088,07.10 GA SDL 2027,7.1,Mon Jan 11 2027 05:30:00 GMT+0530 (India Standard Time),100.4369,5.7652
IN1520160178,07.14 GJ SDL 2027,7.14,Mon Jan 11 2027 05:30:00 GMT+0530 (India Standard Time),100.4507,5.7652
IN1920160075,07.15 KA SDL 2027,7.15,Mon Jan 11 2027 05:30:00 GMT+0530 (India Standard Time),100.4541,5.7652
IN2020160130,07.15 KL SDL 2027,7.15,Mon Jan 11 2027 05:30:00 GMT+0530 (India Standard Time),100.4541,5.7652
IN2920160222,07.15 RJ SDL 2027,7.15,Mon Jan 11 2027 05:30:00 GMT+0530 (India Standard Time),100.4541,5.7652
IN3120160178,07.16 TN SDL 2027,7.16,Mon Jan 11 2027 05:30:00 GMT+0530 (India Standard Time),100.4575,5.7652
IN3320160291,07.17 UP SDL 2027,7.17,Mon Jan 11 2027 05:30:00 GMT+0530 (India Standard Time),100.4609,5.7652
IN3620160090,07.18 UK SDL 2027,7.18,Mon Jan 11 2027 05:30:00 GMT+0530 (India Standard Time),100.4644,5.7652
IN3420160134,07.16 WB SDL 2027,7.16,Mon Jan 11 2027 05:30:00 GMT+0530 (India Standard Time),100.4575,5.7652
IN3520200095,05.97 CG SDL 2027,5.97,Wed Jan 13 2027 05:30:00 GMT+0530 (India Standard Time),100.0515,5.7652
IN2920210431,06.43 RJ SDL 2027,6.43,Tue Jan 19 2027 05:30:00 GMT+0530 (India Standard Time),100.2251,5.7652
IN2820160348,07.14 PN SDL 2027,7.14,Wed Jan 20 2027 05:30:00 GMT+0530 (India Standard Time),100.4879,5.7652
IN1320160154,07.20 BR SDL 2027,7.2,Mon Jan 25 2027 05:30:00 GMT+0530 (India Standard Time),100.5317,5.7652
IN3520160018,07.22 CG SDL 2027,7.22,Mon Jan 25 2027 05:30:00 GMT+0530 (India Standard Time),100.5393,5.7652
IN1420160096,07.19 GA SDL 2027,7.19,Mon Jan 25 2027 05:30:00 GMT+0530 (India Standard Time),100.5279,5.7652
IN1520160186,07.19 GJ SDL 2027,7.19,Mon Jan 25 2027 05:30:00 GMT+0530 (India Standard Time),100.5279,5.7652
IN1720160036,07.25 HP SDL 2027,7.25,Mon Jan 25 2027 05:30:00 GMT+0530 (India Standard Time),100.5507,5.7652
IN3720160040,07.21 JH SDL 2027,7.21,Mon Jan 25 2027 05:30:00 GMT+0530 (India Standard Time),100.5355,5.7652
IN1920160083,07.20 KA SDL 2027,7.2,Mon Jan 25 2027 05:30:00 GMT+0530 (India Standard Time),100.5317,5.7652
IN2120160089,07.19 MP SDL 2027,7.19,Mon Jan 25 2027 05:30:00 GMT+0530 (India Standard Time),100.5279,5.7652
IN2620160076,07.27 NG SDL 2027,7.27,Mon Jan 25 2027 05:30:00 GMT+0530 (India Standard Time),100.5583,5.7652
IN3020160047,07.24 SK SDL 2027,7.24,Mon Jan 25 2027 05:30:00 GMT+0530 (India Standard Time),100.5469,5.7652
IN3120160186,07.20 TN SDL 2027,7.2,Mon Jan 25 2027 05:30:00 GMT+0530 (India Standard Time),100.5317,5.7652
IN3220160045,07.22 TR SDL 2027,7.22,Mon Jan 25 2027 05:30:00 GMT+0530 (India Standard Time),100.5393,5.7652
IN3320160309,07.20 UP SDL 2027,7.2,Mon Jan 25 2027 05:30:00 GMT+0530 (India Standard Time),100.5317,5.7652
IN3420160142,07.21 WB SDL 2027,7.21,Mon Jan 25 2027 05:30:00 GMT+0530 (India Standard Time),100.5355,5.7652
IN2920210449,06.45 RJ SDL 2027 25 JAN,6.45,Mon Jan 25 2027 05:30:00 GMT+0530 (India Standard Time),100.2462,5.7652
IN3520200103,06.10 CG SDL 2027,6.1,Wed Jan 27 2027 05:30:00 GMT+0530 (India Standard Time),100.1158,5.7652
IN2920200614,06.45 RJ SDL 2027,6.45,Wed Feb 03 2027 05:30:00 GMT+0530 (India Standard Time),100.2494,5.7652
IN1520240186,06.75 GJ SGS 2027,6.75,Fri Feb 05 2027 05:30:00 GMT+0530 (India Standard Time),100.3764,5.7652
IN2220210271,06.54 MH SDL 2027,6.54,Tue Feb 09 2027 05:30:00 GMT+0530 (India Standard Time),100.3013,5.7652
IN3420160159,07.63 WB SDL 2027,7.63,Mon Feb 15 2027 05:30:00 GMT+0530 (India Standard Time),100.791,5.7652
IN3320160317,07.62 UP SDL 2027,7.62,Mon Feb 15 2027 05:30:00 GMT+0530 (India Standard Time),100.7866,5.7652
IN1020160439,07.61 AP SDL 2027,7.61,Mon Feb 15 2027 05:30:00 GMT+0530 (India Standard Time),100.7823,5.7652
IN3120160194,07.61 TN SDL 2027,7.61,Mon Feb 15 2027 05:30:00 GMT+0530 (India Standard Time),100.7823,5.7652
IN2120160097,07.60 MP SDL 2027,7.6,Mon Feb 15 2027 05:30:00 GMT+0530 (India Standard Time),100.7779,5.7652
IN1520160194,07.59 GJ SDL 2027,7.59,Mon Feb 15 2027 05:30:00 GMT+0530 (India Standard Time),100.7736,5.7652
IN1620160268,07.59 HR SDL 2027,7.59,Mon Feb 15 2027 05:30:00 GMT+0530 (India Standard Time),100.7736,5.7652
IN1920160091,07.59 KA SDL 2027,7.59,Mon Feb 15 2027 05:30:00 GMT+0530 (India Standard Time),100.7736,5.7652
IN2820160355,07.59 PN SDL 2027,7.59,Mon Feb 15 2027 05:30:00 GMT+0530 (India Standard Time),100.7736,5.7652
IN2920160412,07.59 RJ SDL 2027,7.59,Mon Feb 15 2027 05:30:00 GMT+0530 (India Standard Time),100.7736,5.7652
IN1320160162,07.59 BR SDL 2027,7.59,Mon Feb 15 2027 05:30:00 GMT+0530 (India Standard Time),100.7736,5.7652
IN1820160175,07.58 JK SDL 2027,7.58,Mon Feb 15 2027 05:30:00 GMT+0530 (India Standard Time),100.7693,5.7652
IN2320160087,07.57 MN SDL 2027,7.57,Mon Feb 15 2027 05:30:00 GMT+0530 (India Standard Time),100.7649,5.7652
IN2420160078,07.57 MG SDL 2027,7.57,Mon Feb 15 2027 05:30:00 GMT+0530 (India Standard Time),100.7649,5.7652
IN3820230024,07.35 PY SGS 2027,7.35,Sun Feb 21 2027 05:30:00 GMT+0530 (India Standard Time),100.6985,5.7652
IN1220200290,06.70 AS SDL 2027,6.7,Wed Feb 24 2027 05:30:00 GMT+0530 (India Standard Time),100.4149,5.7652
IN1320160170,07.78 BR SDL 2027,7.78,Mon Mar 01 2027 05:30:00 GMT+0530 (India Standard Time),100.9841,5.7652
IN3520160026,07.80 CG SDL 2027,7.8,Mon Mar 01 2027 05:30:00 GMT+0530 (India Standard Time),100.9937,5.7652
IN1520160202,07.71 GJ SDL 2027,7.71,Mon Mar 01 2027 05:30:00 GMT+0530 (India Standard Time),100.9507,5.7652
IN1620160276,07.80 HR SDL 2027,7.8,Mon Mar 01 2027 05:30:00 GMT+0530 (India Standard Time),100.9937,5.7652
IN3720160057,07.80 JH SDL 2027,7.8,Mon Mar 01 2027 05:30:00 GMT+0530 (India Standard Time),100.9937,5.7652
IN1920160109,07.75 KA SDL 2027,7.75,Mon Mar 01 2027 05:30:00 GMT+0530 (India Standard Time),100.9698,5.7652
IN2020160148,07.77 KL SDL 2027,7.77,Mon Mar 01 2027 05:30:00 GMT+0530 (India Standard Time),100.9794,5.7652
IN2120160105,07.76 MP SDL 2027,7.76,Mon Mar 01 2027 05:30:00 GMT+0530 (India Standard Time),100.9746,5.7652
IN2620160084,07.74 NL SDL 2027,7.74,Mon Mar 01 2027 05:30:00 GMT+0530 (India Standard Time),100.965,5.7652
IN2820160363,07.88 PN SDL 2027,7.88,Mon Mar 01 2027 05:30:00 GMT+0530 (India Standard Time),101.0319,5.7652
IN2920160420,07.73 RJ SDL 2027,7.73,Mon Mar 01 2027 05:30:00 GMT+0530 (India Standard Time),100.9602,5.7652
IN3120161309,07.74 TN SDL 2027,7.74,Mon Mar 01 2027 05:30:00 GMT+0530 (India Standard Time),100.965,5.7652
IN4520160156,07.79 TS SDL 2027,7.79,Mon Mar 01 2027 05:30:00 GMT+0530 (India Standard Time),100.9889,5.7652
IN3320160325,07.78 UP SDL 2027,7.78,Mon Mar 01 2027 05:30:00 GMT+0530 (India Standard Time),100.9841,5.7652
IN3420160167,07.78 WB SDL 2027,7.78,Mon Mar 01 2027 05:30:00 GMT+0530 (India Standard Time),100.9841,5.7652
IN2920210506,06.48 RJ SDL 2027,6.48,Tue Mar 02 2027 05:30:00 GMT+0530 (India Standard Time),100.3653,5.7652
IN3820180070,08.35 PY SDL 2027,8.35,Sat Mar 13 2027 05:30:00 GMT+0530 (India Standard Time),101.0877,6.2063
IN1020160454,07.88 AP SDL 2027,7.88,Mon Mar 15 2027 05:30:00 GMT+0530 (India Standard Time),100.857,6.2063
IN1320160188,07.85 BR SDL 2027,7.85,Mon Mar 15 2027 05:30:00 GMT+0530 (India Standard Time),100.8416,6.2063
IN3520160034,07.88 CG SDL 2027,7.88,Mon Mar 15 2027 05:30:00 GMT+0530 (India Standard Time),100.857,6.2063
IN1420160104,07.89 GA SDL 2027,7.89,Mon Mar 15 2027 05:30:00 GMT+0530 (India Standard Time),100.8621,6.2063
IN1620160284,07.89 HR SDL 2027,7.89,Mon Mar 15 2027 05:30:00 GMT+0530 (India Standard Time),100.8621,6.2063
IN1720160549,07.91 HP SDL 2027,7.91,Mon Mar 15 2027 05:30:00 GMT+0530 (India Standard Time),100.8724,6.2063
IN1820160183,08.05 JK SDL 2027,8.05,Mon Mar 15 2027 05:30:00 GMT+0530 (India Standard Time),100.9443,6.2063
IN3720160065,07.94 JH SDL 2027,7.94,Mon Mar 15 2027 05:30:00 GMT+0530 (India Standard Time),100.8878,6.2063
IN1920160117,07.86 KA SDL 2027,7.86,Mon Mar 15 2027 05:30:00 GMT+0530 (India Standard Time),100.8467,6.2063
IN2020160155,07.80 KL SDL 2027,7.8,Mon Mar 15 2027 05:30:00 GMT+0530 (India Standard Time),100.8159,6.2063
IN2420160086,07.83 MG SDL 2027,7.83,Mon Mar 15 2027 05:30:00 GMT+0530 (India Standard Time),100.8313,6.2063
IN2820160371,07.88 PN SDL 2027MAR,7.88,Mon Mar 15 2027 05:30:00 GMT+0530 (India Standard Time),100.857,6.2063
IN2920160438,07.85 RJ SDL 2027,7.85,Mon Mar 15 2027 05:30:00 GMT+0530 (India Standard Time),100.8416,6.2063
IN3120161317,07.85 TN SDL 2027,7.85,Mon Mar 15 2027 05:30:00 GMT+0530 (India Standard Time),100.8416,6.2063
IN3320160341,07.87 UP SDL 2027,7.87,Mon Mar 15 2027 05:30:00 GMT+0530 (India Standard Time),100.8518,6.2063
IN3620160108,07.93 UK SDL 2027,7.93,Mon Mar 15 2027 05:30:00 GMT+0530 (India Standard Time),100.8827,6.2063
IN3420160175,07.92 WB SDL 2027,7.92,Mon Mar 15 2027 05:30:00 GMT+0530 (India Standard Time),100.8775,6.2063
IN2020200290,06.72 KL SDL 2027,6.72,Wed Mar 24 2027 05:30:00 GMT+0530 (India Standard Time),100.2712,6.2063
IN1020160462,07.62 AP SDL 2027,7.62,Mon Mar 29 2027 05:30:00 GMT+0530 (India Standard Time),100.7721,6.2063
IN1120160032,07.60 AR SDL 2027,7.6,Mon Mar 29 2027 05:30:00 GMT+0530 (India Standard Time),100.7611,6.2063
IN1420160112,07.60 GA SDL 2027,7.6,Mon Mar 29 2027 05:30:00 GMT+0530 (India Standard Time),100.7611,6.2063
IN1620160292,07.64 HR SDL 2027,7.64,Mon Mar 29 2027 05:30:00 GMT+0530 (India Standard Time),100.7831,6.2063
IN1720160556,07.62 HP SDL 2027,7.62,Mon Mar 29 2027 05:30:00 GMT+0530 (India Standard Time),100.7721,6.2063
IN3720160073,07.59 JH SDL 2027,7.59,Mon Mar 29 2027 05:30:00 GMT+0530 (India Standard Time),100.7556,6.2063
IN1920160125,07.59 KA SDL 2027MAR,7.59,Mon Mar 29 2027 05:30:00 GMT+0530 (India Standard Time),100.7556,6.2063
IN2420160094,07.60 MG SDL 2027,7.6,Mon Mar 29 2027 05:30:00 GMT+0530 (India Standard Time),100.7611,6.2063
IN2620160092,07.60 NG SDL 2027,7.6,Mon Mar 29 2027 05:30:00 GMT+0530 (India Standard Time),100.7611,6.2063
IN2820160389,07.60 PN SDL 2027,7.6,Mon Mar 29 2027 05:30:00 GMT+0530 (India Standard Time),100.7611,6.2063
IN2920160446,07.61 RJ SDL 2027,7.61,Mon Mar 29 2027 05:30:00 GMT+0530 (India Standard Time),100.7666,6.2063
IN3120161424,07.62 TN SDL 2027,7.62,Mon Mar 29 2027 05:30:00 GMT+0530 (India Standard Time),100.7721,6.2063
IN3320160358,07.64 UP SDL 2027,7.64,Mon Mar 29 2027 05:30:00 GMT+0530 (India Standard Time),100.7831,6.2063
IN3420160183,07.64 WB SDL 2027,7.64,Mon Mar 29 2027 05:30:00 GMT+0530 (India Standard Time),100.7831,6.2063
IN3120190274,07.25 TN SDL 2027,7.25,Wed Mar 31 2027 05:30:00 GMT+0530 (India Standard Time),100.5711,6.2063
IN1520200347,06.58 GJ SDL 2027,6.58,Wed Mar 31 2027 05:30:00 GMT+0530 (India Standard Time),100.2007,6.2063
IN2920200036,08.31 RJ SDL 2027,8.31,Thu Apr 08 2027 05:30:00 GMT+0530 (India Standard Time),101.1996,6.2063
IN1520170011,07.63 GJ SDL 2027,7.63,Mon Apr 12 2027 05:30:00 GMT+0530 (India Standard Time),100.8238,6.2063
IN2020170014,07.64 KL SDL 2027,7.64,Mon Apr 12 2027 05:30:00 GMT+0530 (India Standard Time),100.8296,6.2063
IN2820170016,07.63 PN SDL 2027,7.63,Mon Apr 12 2027 05:30:00 GMT+0530 (India Standard Time),100.8238,6.2063
IN3120170011,07.63 TN SDL 2027,7.63,Mon Apr 12 2027 05:30:00 GMT+0530 (India Standard Time),100.8238,6.2063
IN3320170019,07.67 UP SDL 2027,7.67,Mon Apr 12 2027 05:30:00 GMT+0530 (India Standard Time),100.8471,6.2063
IN1120170015,07.62 AR SDL 2027,7.62,Mon Apr 19 2027 05:30:00 GMT+0530 (India Standard Time),100.8428,6.2063
IN1020200086,06.90 AP SDL 2027,6.9,Thu Apr 22 2027 05:30:00 GMT+0530 (India Standard Time),100.414,6.2063
IN1020170016,07.60 AP SDL 2027,7.6,Mon Apr 26 2027 05:30:00 GMT+0530 (India Standard Time),100.8553,6.2063
IN1820170018,07.59 JK SDL 2027,7.59,Mon Apr 26 2027 05:30:00 GMT+0530 (India Standard Time),100.8491,6.2063
IN2820170024,07.59 PN SDL 2027APR,7.59,Mon Apr 26 2027 05:30:00 GMT+0530 (India Standard Time),100.8491,6.2063
IN3620170016,07.59 UK SDL 2027,7.59,Mon Apr 26 2027 05:30:00 GMT+0530 (India Standard Time),100.8491,6.2063
IN3320170027,07.61 UP SDL 2027,7.61,Mon Apr 26 2027 05:30:00 GMT+0530 (India Standard Time),100.8616,6.2063
IN1020200110,06.35 AP SDL 2027,6.35,Thu May 06 2027 05:30:00 GMT+0530 (India Standard Time),100.0822,6.2063
IN3120170029,07.55 TN SDL 2027,7.55,Tue May 11 2027 05:30:00 GMT+0530 (India Standard Time),100.8756,6.2063
IN2020170022,07.55 KL SDL 2027,7.55,Tue May 11 2027 05:30:00 GMT+0530 (India Standard Time),100.8756,6.2063
IN2820170032,07.55 PN SDL 2027,7.55,Tue May 11 2027 05:30:00 GMT+0530 (India Standard Time),100.8756,6.2063
IN3320170035,07.61 UP SDL 2027MAY,7.61,Tue May 11 2027 05:30:00 GMT+0530 (India Standard Time),100.9152,6.2063
IN1020220100,07.46 AP SDL 2027,7.46,Tue May 18 2027 05:30:00 GMT+0530 (India Standard Time),100.8388,6.2063
IN1220170014,07.55 AS SDL 2027,7.55,Mon May 24 2027 05:30:00 GMT+0530 (India Standard Time),100.9206,6.2063
IN1420170012,07.49 GA SDL 2027,7.49,Mon May 24 2027 05:30:00 GMT+0530 (India Standard Time),100.879,6.2063
IN1520170045,07.52 GJ SDL 2027,7.52,Mon May 24 2027 05:30:00 GMT+0530 (India Standard Time),100.8998,6.2063
IN1620170010,07.53 HR SDL 2027,7.53,Mon May 24 2027 05:30:00 GMT+0530 (India Standard Time),100.9068,6.2063
IN1720170019,07.54 HP SDL 2027,7.54,Mon May 24 2027 05:30:00 GMT+0530 (India Standard Time),100.9137,6.2063
IN1820170026,07.50 JK SDL 2027,7.5,Mon May 24 2027 05:30:00 GMT+0530 (India Standard Time),100.8859,6.2063
IN2220170020,07.51 MH SDL 2027,7.51,Mon May 24 2027 05:30:00 GMT+0530 (India Standard Time),100.8929,6.2063
IN2820170040,07.49 PN SDL 2027,7.49,Mon May 24 2027 05:30:00 GMT+0530 (India Standard Time),100.879,6.2063
IN2920170015,07.51 RJ SDL 2027,7.51,Mon May 24 2027 05:30:00 GMT+0530 (India Standard Time),100.8929,6.2063
IN3020170012,07.51 SK SDL 2027,7.51,Mon May 24 2027 05:30:00 GMT+0530 (India Standard Time),100.8929,6.2063
IN3120170037,07.52 TN SDL 2027,7.52,Mon May 24 2027 05:30:00 GMT+0530 (India Standard Time),100.8998,6.2063
IN3220170010,07.50 TR SDL 2027,7.5,Mon May 24 2027 05:30:00 GMT+0530 (India Standard Time),100.8859,6.2063
IN3320170043,07.52 UP SDL 2027,7.52,Mon May 24 2027 05:30:00 GMT+0530 (India Standard Time),100.8998,6.2063
IN1620230046,07.16 HR SGS 2027,7.16,Mon May 24 2027 05:30:00 GMT+0530 (India Standard Time),100.65,6.2063
IN1320210017,06.39 BR SDL 2027,6.39,Tue May 25 2027 05:30:00 GMT+0530 (India Standard Time),100.1162,6.2063
IN4520190021,07.78 TS SDL 2027,7.78,Sat May 29 2027 05:30:00 GMT+0530 (India Standard Time),101.1007,6.2063
IN1020180098,08.34 AP SDL 2027,8.34,Sun May 30 2027 05:30:00 GMT+0530 (India Standard Time),101.5021,6.2063
IN1320210025,06.45 BR SDL 2027,6.45,Wed Jun 02 2027 05:30:00 GMT+0530 (India Standard Time),100.1623,6.2063
IN3720190013,07.60 JH SDL 2027,7.6,Sat Jun 12 2027 05:30:00 GMT+0530 (India Standard Time),101.0208,6.2063
IN4520190039,07.61 TS SDL 2027,7.61,Sat Jun 12 2027 05:30:00 GMT+0530 (India Standard Time),101.0283,6.2063
IN1220170022,07.15 AS SDL 2027,7.15,Mon Jun 14 2027 05:30:00 GMT+0530 (India Standard Time),100.6924,6.2063
IN1520170052,07.20 GJ SDL 2027,7.2,Mon Jun 14 2027 05:30:00 GMT+0530 (India Standard Time),100.7297,6.2063
IN2020170030,07.20 KL SDL 2027,7.2,Mon Jun 14 2027 05:30:00 GMT+0530 (India Standard Time),100.7297,6.2063
IN2320170011,07.15 MN SDL 2027,7.15,Mon Jun 14 2027 05:30:00 GMT+0530 (India Standard Time),100.6924,6.2063
IN2820170057,07.25 PN SDL 2027,7.25,Mon Jun 14 2027 05:30:00 GMT+0530 (India Standard Time),100.767,6.2063
IN2920170023,07.23 RJ SDL 2027,7.23,Mon Jun 14 2027 05:30:00 GMT+0530 (India Standard Time),100.7521,6.2063
IN3120170045,07.23 TN SDL 2027,7.23,Mon Jun 14 2027 05:30:00 GMT+0530 (India Standard Time),100.7521,6.2063
IN3620170024,07.21 UK SDL 2027,7.21,Mon Jun 14 2027 05:30:00 GMT+0530 (India Standard Time),100.7372,6.2063
IN1620220096,07.69 HR SDL 2027,7.69,Tue Jun 15 2027 05:30:00 GMT+0530 (India Standard Time),101.0992,6.2063
IN1020200193,06.48 AP SDL 2027,6.48,Thu Jun 17 2027 05:30:00 GMT+0530 (India Standard Time),100.1947,6.2063
IN1520240012,07.23 GJ SGS 2027,7.23,Sat Jun 19 2027 05:30:00 GMT+0530 (India Standard Time),100.7657,6.2063
IN4520190047,07.38 TS SDL 2027,7.38,Sat Jun 26 2027 05:30:00 GMT+0530 (India Standard Time),100.9014,6.2063
IN1020170040,07.24 AP SDL 2027,7.24,Mon Jun 28 2027 05:30:00 GMT+0530 (India Standard Time),100.7981,6.2063
IN1220170030,07.29 AS SDL 2027,7.29,Mon Jun 28 2027 05:30:00 GMT+0530 (India Standard Time),100.8372,6.2063
IN1620170028,07.26 HR SDL 2027,7.26,Mon Jun 28 2027 05:30:00 GMT+0530 (India Standard Time),100.8138,6.2063
IN1820170034,07.20 JK SDL 2027,7.2,Mon Jun 28 2027 05:30:00 GMT+0530 (India Standard Time),100.7668,6.2063
IN3720170015,07.27 JH SDL 2027,7.27,Mon Jun 28 2027 05:30:00 GMT+0530 (India Standard Time),100.8216,6.2063
IN2020170048,07.22 KL SDL 2027,7.22,Mon Jun 28 2027 05:30:00 GMT+0530 (India Standard Time),100.7824,6.2063
IN2820170065,07.20 PN SDL 2027,7.2,Mon Jun 28 2027 05:30:00 GMT+0530 (India Standard Time),100.7668,6.2063
IN2920170031,07.22 RJ SDL 2027,7.22,Mon Jun 28 2027 05:30:00 GMT+0530 (India Standard Time),100.7824,6.2063
IN3120170052,07.24 TN SDL 2027,7.24,Mon Jun 28 2027 05:30:00 GMT+0530 (India Standard Time),100.7981,6.2063
IN3420170018,07.28 WB SDL 2027,7.28,Mon Jun 28 2027 05:30:00 GMT+0530 (India Standard Time),100.8294,6.2063
IN1220220025,07.53 AS SDL 2027,7.53,Tue Jun 29 2027 05:30:00 GMT+0530 (India Standard Time),101.0286,6.2063
IN4520190054,07.28 TS SDL 2027,7.28,Sat Jul 03 2027 05:30:00 GMT+0530 (India Standard Time),100.8438,6.2063
IN1320210033,06.75 BR SDL 2027,6.75,Wed Jul 07 2027 05:30:00 GMT+0530 (India Standard Time),100.4281,6.2063
IN1120170023,07.22 AR SDL 2027,7.22,Mon Jul 12 2027 05:30:00 GMT+0530 (India Standard Time),100.8208,6.2063
IN1420170020,07.22 GA SDL 2027,7.22,Mon Jul 12 2027 05:30:00 GMT+0530 (India Standard Time),100.8208,6.2063
IN1520170060,07.25 GJ SDL 2027,7.25,Mon Jul 12 2027 05:30:00 GMT+0530 (India Standard Time),100.8454,6.2063
IN1720170027,07.27 HP SDL 2027,7.27,Mon Jul 12 2027 05:30:00 GMT+0530 (India Standard Time),100.8618,6.2063
IN1820170042,07.34 JK SDL 2027,7.34,Mon Jul 12 2027 05:30:00 GMT+0530 (India Standard Time),100.9191,6.2063
IN2020170055,07.25 KL SDL 2027,7.25,Mon Jul 12 2027 05:30:00 GMT+0530 (India Standard Time),100.8454,6.2063
IN2520170019,07.22 MZ SDL 2027,7.22,Mon Jul 12 2027 05:30:00 GMT+0530 (India Standard Time),100.8208,6.2063
IN2820170073,07.34 PN SDL 2027,7.34,Mon Jul 12 2027 05:30:00 GMT+0530 (India Standard Time),100.9191,6.2063
IN3120170060,07.27 TN SDL 2027,7.27,Mon Jul 12 2027 05:30:00 GMT+0530 (India Standard Time),100.8618,6.2063
IN3620170032,07.22 UK SDL 2027,7.22,Mon Jul 12 2027 05:30:00 GMT+0530 (India Standard Time),100.8208,6.2063
IN3320170050,07.29 UP SDL 2027,7.29,Mon Jul 12 2027 05:30:00 GMT+0530 (India Standard Time),100.8782,6.2063
IN3420170026,07.28 WB SDL 2027JUL,7.28,Mon Jul 12 2027 05:30:00 GMT+0530 (India Standard Time),100.87,6.2063
IN1920200087,06.12 KA SDL 2027,6.12,Thu Jul 22 2027 05:30:00 GMT+0530 (India Standard Time),99.9186,6.2063
IN4520190062,07.05 TS SDL 2027,7.05,Sat Jul 24 2027 05:30:00 GMT+0530 (India Standard Time),100.7095,6.2063
IN1220170048,07.30 AS SDL 2027,7.3,Mon Jul 26 2027 05:30:00 GMT+0530 (India Standard Time),100.9282,6.2063
IN1520170078,07.17 GJ SDL 2027,7.17,Mon Jul 26 2027 05:30:00 GMT+0530 (India Standard Time),100.817,6.2063
IN2020170063,07.19 KL SDL 2027,7.19,Mon Jul 26 2027 05:30:00 GMT+0530 (India Standard Time),100.8341,6.2063
IN2420170010,07.26 MG SDL 2027,7.26,Mon Jul 26 2027 05:30:00 GMT+0530 (India Standard Time),100.894,6.2063
IN2820170081,07.24 PN SDL 2027,7.24,Mon Jul 26 2027 05:30:00 GMT+0530 (India Standard Time),100.8769,6.2063
IN3120170078,07.18 TN SDL 2027,7.18,Mon Jul 26 2027 05:30:00 GMT+0530 (India Standard Time),100.8255,6.2063
IN3320170068,07.19 UP SDL 2027,7.19,Mon Jul 26 2027 05:30:00 GMT+0530 (India Standard Time),100.8341,6.2063
IN3420170034,07.20 WB SDL 2027,7.2,Mon Jul 26 2027 05:30:00 GMT+0530 (India Standard Time),100.8426,6.2063
IN2920200267,06.20 RJ SDL 2027,6.2,Thu Jul 29 2027 05:30:00 GMT+0530 (India Standard Time),99.9871,6.2063
IN4520190070,07.03 TS SDL 2027,7.03,Sat Aug 07 2027 05:30:00 GMT+0530 (India Standard Time),100.7227,6.2063
IN1920190023,07.04 KA SDL 2027,7.04,Sat Aug 07 2027 05:30:00 GMT+0530 (India Standard Time),100.7315,6.2063
IN1220170055,07.26 AS SDL 2027,7.26,Mon Aug 09 2027 05:30:00 GMT+0530 (India Standard Time),100.932,6.2063
IN3420170042,07.25 WB SDL 2027,7.25,Mon Aug 09 2027 05:30:00 GMT+0530 (India Standard Time),100.9231,6.2063
IN1420170038,07.20 GA SDL 2027,7.2,Mon Aug 09 2027 05:30:00 GMT+0530 (India Standard Time),100.8786,6.2063
IN1520170086,07.21 GJ SDL 2027,7.21,Mon Aug 09 2027 05:30:00 GMT+0530 (India Standard Time),100.8875,6.2063
IN1820170059,07.27 JK SDL 2027,7.27,Mon Aug 09 2027 05:30:00 GMT+0530 (India Standard Time),100.9409,6.2063
IN2120170013,07.22 MP SDL 2027,7.22,Mon Aug 09 2027 05:30:00 GMT+0530 (India Standard Time),100.8964,6.2063
IN2220170061,07.20 MH SDL 2027,7.2,Mon Aug 09 2027 05:30:00 GMT+0530 (India Standard Time),100.8786,6.2063
IN2820170099,07.30 PN SDL 2027,7.3,Mon Aug 09 2027 05:30:00 GMT+0530 (India Standard Time),100.9676,6.2063
IN3120170086,07.21 TN SDL 2027,7.21,Mon Aug 09 2027 05:30:00 GMT+0530 (India Standard Time),100.8875,6.2063
IN3220170028,07.27 TR SDL 2027,7.27,Mon Aug 09 2027 05:30:00 GMT+0530 (India Standard Time),100.9409,6.2063
IN3320170076,07.23 UP SDL 2027,7.23,Mon Aug 09 2027 05:30:00 GMT+0530 (India Standard Time),100.9053,6.2063
IN2220210222,06.43 MH SDL 2027,6.43,Wed Aug 18 2027 05:30:00 GMT+0530 (India Standard Time),100.2005,6.2063
IN1020180213,08.49 AP SDL 2027,8.49,Sat Aug 21 2027 05:30:00 GMT+0530 (India Standard Time),102.1008,6.2063
IN1220170063,07.30 AS SDL 2027AUG,7.3,Mon Aug 23 2027 05:30:00 GMT+0530 (India Standard Time),101.0106,6.2063
IN1520170094,07.25 GJ SDL 2027AUG,7.25,Mon Aug 23 2027 05:30:00 GMT+0530 (India Standard Time),100.9643,6.2063
IN1420170046,07.32 GA SDL 2027,7.32,Mon Aug 23 2027 05:30:00 GMT+0530 (India Standard Time),101.0292,6.2063
IN1620170036,07.29 HR SDL 2027,7.29,Mon Aug 23 2027 05:30:00 GMT+0530 (India Standard Time),101.0014,6.2063
IN1720170035,07.30 HP SDL 2027,7.3,Mon Aug 23 2027 05:30:00 GMT+0530 (India Standard Time),101.0106,6.2063
IN2120170021,07.28 MP SDL 2027,7.28,Mon Aug 23 2027 05:30:00 GMT+0530 (India Standard Time),100.9921,6.2063
IN2420170028,07.31 ML SDL 2027,7.31,Mon Aug 23 2027 05:30:00 GMT+0530 (India Standard Time),101.0199,6.2063
IN2820170107,07.32 PN SDL 2027,7.32,Mon Aug 23 2027 05:30:00 GMT+0530 (India Standard Time),101.0292,6.2063
IN3020170020,07.33 SK SDL 2027,7.33,Mon Aug 23 2027 05:30:00 GMT+0530 (India Standard Time),101.0384,6.2063
IN3320170084,07.27 UP SDL 2027,7.27,Mon Aug 23 2027 05:30:00 GMT+0530 (India Standard Time),100.9828,6.2063
IN3620170040,07.29 UK SDL 2027,7.29,Mon Aug 23 2027 05:30:00 GMT+0530 (India Standard Time),101.0014,6.2063
IN2220210230,06.38 MH SDL 2027,6.38,Wed Aug 25 2027 05:30:00 GMT+0530 (India Standard Time),100.1596,6.2063
IN4520190088,07.03 TS SDL 2027AUG,7.03,Sat Aug 28 2027 05:30:00 GMT+0530 (India Standard Time),100.7724,6.2063
IN1520210098,06.28 GJ SDL 2027,6.28,Wed Sep 01 2027 05:30:00 GMT+0530 (India Standard Time),100.069,6.2063
IN3120180119,08.61 TN SDL 2027,8.61,Fri Sep 03 2027 05:30:00 GMT+0530 (India Standard Time),102.2897,6.2063
IN3120250243,06.27 TN SGS 2027,6.27,Fri Sep 03 2027 05:30:00 GMT+0530 (India Standard Time),100.0604,6.2063
IN4520190096,07.11 TS SDL 2027,7.11,Sat Sep 04 2027 05:30:00 GMT+0530 (India Standard Time),100.8633,6.2063
IN1620170044,07.32 HR SDL 2027,7.32,Mon Sep 13 2027 05:30:00 GMT+0530 (India Standard Time),101.1198,6.1731
IN1820170067,07.44 JK SDL 2027,7.44,Mon Sep 13 2027 05:30:00 GMT+0530 (India Standard Time),101.2372,6.1731
IN2120170039,07.35 MP SDL 2027,7.35,Mon Sep 13 2027 05:30:00 GMT+0530 (India Standard Time),101.1492,6.1731
IN2220170103,07.33 MH SDL 2027,7.33,Mon Sep 13 2027 05:30:00 GMT+0530 (India Standard Time),101.1296,6.1731
IN2420170036,07.43 ML SDL 2027,7.43,Mon Sep 13 2027 05:30:00 GMT+0530 (India Standard Time),101.2274,6.1731
IN2520170027,07.41 MZ SDL 2027,7.41,Mon Sep 13 2027 05:30:00 GMT+0530 (India Standard Time),101.2079,6.1731
IN2620170018,07.43 NL SDL 2027,7.43,Mon Sep 13 2027 05:30:00 GMT+0530 (India Standard Time),101.2274,6.1731
IN3820170022,07.39 PY SDL 2027,7.39,Mon Sep 13 2027 05:30:00 GMT+0530 (India Standard Time),101.1883,6.1731
IN2820170115,07.42 PN SDL 2027,7.42,Mon Sep 13 2027 05:30:00 GMT+0530 (India Standard Time),101.2177,6.1731
IN3620170057,07.35 UK SDL 2027,7.35,Mon Sep 13 2027 05:30:00 GMT+0530 (India Standard Time),101.1492,6.1731
IN3320170092,07.37 UP SDL 2027,7.37,Mon Sep 13 2027 05:30:00 GMT+0530 (India Standard Time),101.1687,6.1731
IN1520230062,07.40 GJ SGS 2027,7.4,Wed Sep 22 2027 05:30:00 GMT+0530 (India Standard Time),101.2241,6.1731
IN3520190023,07.28 CG SDL 2027,7.28,Sat Sep 25 2027 05:30:00 GMT+0530 (India Standard Time),101.1117,6.1731
IN4520190104,07.38 TS SDL 2027SEP,7.38,Sat Sep 25 2027 05:30:00 GMT+0530 (India Standard Time),101.2126,6.1731
IN3520170017,07.47 CG SDL 2027,7.47,Mon Sep 27 2027 05:30:00 GMT+0530 (India Standard Time),101.3096,6.1731
IN1620170051,07.41 HR SDL 2027,7.41,Mon Sep 27 2027 05:30:00 GMT+0530 (India Standard Time),101.2487,6.1731
IN1820170075,07.42 JK SDL 2027,7.42,Mon Sep 27 2027 05:30:00 GMT+0530 (India Standard Time),101.2589,6.1731
IN1920170025,07.38 KA SDL 2027,7.38,Mon Sep 27 2027 05:30:00 GMT+0530 (India Standard Time),101.2183,6.1731
IN2120170047,07.46 MP SDL 2027,7.46,Mon Sep 27 2027 05:30:00 GMT+0530 (India Standard Time),101.2994,6.1731
IN2820170123,07.42 PN SDL 2027SEP,7.42,Mon Sep 27 2027 05:30:00 GMT+0530 (India Standard Time),101.2589,6.1731
IN2920170072,07.45 RJ SDL 2027,7.45,Mon Sep 27 2027 05:30:00 GMT+0530 (India Standard Time),101.2893,6.1731
IN3320170100,07.47 UP SDL 2027,7.47,Mon Sep 27 2027 05:30:00 GMT+0530 (India Standard Time),101.3096,6.1731
IN3620170065,07.40 UK SDL 2027,7.4,Mon Sep 27 2027 05:30:00 GMT+0530 (India Standard Time),101.2386,6.1731
IN2920210290,06.23 RJ SDL 2027,6.23,Wed Sep 29 2027 05:30:00 GMT+0530 (India Standard Time),100.0524,6.1731
IN1920240026,06.90 KA SGS 2027,6.9,Sun Oct 03 2027 05:30:00 GMT+0530 (India Standard Time),100.7416,6.1731
IN2820170131,07.46 PN SDL 2027,7.46,Mon Oct 04 2027 05:30:00 GMT+0530 (India Standard Time),101.3209,6.1731
IN3120200305,06.72 TN SDL 2027,6.72,Thu Oct 07 2027 05:30:00 GMT+0530 (India Standard Time),100.5613,6.1731
IN1420170053,07.54 GA SDL 2027,7.54,Mon Oct 11 2027 05:30:00 GMT+0530 (India Standard Time),101.4266,6.1731
IN1820170083,07.56 JK SDL 2027,7.56,Mon Oct 11 2027 05:30:00 GMT+0530 (India Standard Time),101.4475,6.1731
IN1920170033,07.51 KA SDL 2027,7.51,Mon Oct 11 2027 05:30:00 GMT+0530 (India Standard Time),101.3951,6.1731
IN2120170054,07.55 MP SDL 2027,7.55,Mon Oct 11 2027 05:30:00 GMT+0530 (India Standard Time),101.437,6.1731
IN2820170149,07.61 PN SDL 2027,7.61,Mon Oct 11 2027 05:30:00 GMT+0530 (India Standard Time),101.5,6.1731
IN2920170080,07.55 RJ SDL 2027,7.55,Mon Oct 11 2027 05:30:00 GMT+0530 (India Standard Time),101.437,6.1731
IN3020170038,07.55 SK SDL 2027,7.55,Mon Oct 11 2027 05:30:00 GMT+0530 (India Standard Time),101.437,6.1731
IN3320170118,07.56 UP SDL 2027,7.56,Mon Oct 11 2027 05:30:00 GMT+0530 (India Standard Time),101.4475,6.1731
IN3620170073,07.54 UK SDL 2027,7.54,Mon Oct 11 2027 05:30:00 GMT+0530 (India Standard Time),101.4266,6.1731
IN2220200249,06.45 MH SDL 2027,6.45,Thu Oct 14 2027 05:30:00 GMT+0530 (India Standard Time),100.2845,6.1731
IN1920190072,07.17 KA SDL 2027,7.17,Sat Oct 16 2027 05:30:00 GMT+0530 (India Standard Time),101.0502,6.1731
IN1520240046,06.82 GJ SGS 2027,6.82,Sat Oct 16 2027 05:30:00 GMT+0530 (India Standard Time),100.6786,6.1731
IN1520190126,07.19 GJ SDL 2027OCT,7.19,Sat Oct 23 2027 05:30:00 GMT+0530 (India Standard Time),101.0886,6.1731
IN1220170071,07.61 AS SDL 2027,7.61,Mon Oct 25 2027 05:30:00 GMT+0530 (India Standard Time),101.5491,6.1731
IN1620170069,07.57 HR SDL 2027,7.57,Mon Oct 25 2027 05:30:00 GMT+0530 (India Standard Time),101.5057,6.1731
IN1920170041,07.55 KA SDL 2027,7.55,Mon Oct 25 2027 05:30:00 GMT+0530 (India Standard Time),101.484,6.1731
IN2820170156,07.62 PN SDL 2027,7.62,Mon Oct 25 2027 05:30:00 GMT+0530 (India Standard Time),101.56,6.1731
IN3620170081,07.59 UK SDL 2027OCT,7.59,Mon Oct 25 2027 05:30:00 GMT+0530 (India Standard Time),101.5274,6.1731
IN3320170126,07.59 UP SDL 2027,7.59,Mon Oct 25 2027 05:30:00 GMT+0530 (India Standard Time),101.5274,6.1731
IN2920210340,06.34 RJ SDL 2027,6.34,Wed Oct 27 2027 05:30:00 GMT+0530 (India Standard Time),100.1721,6.1731
IN2920200440,06.10 RJ SDL 2027,6.1,Thu Oct 28 2027 05:30:00 GMT+0530 (India Standard Time),99.9103,6.1731
IN3120190134,07.20 TN SDL 2027OCT,7.2,Sat Oct 30 2027 05:30:00 GMT+0530 (India Standard Time),101.1169,6.1731
IN1520170110,07.62 GJ SDL 2027,7.62,Mon Nov 01 2027 05:30:00 GMT+0530 (India Standard Time),101.5813,6.1731
IN1620170077,07.64 HR SDL 2027NOV,7.64,Mon Nov 01 2027 05:30:00 GMT+0530 (India Standard Time),101.6033,6.1731
IN1920170058,07.62 KA SDL 2027,7.62,Mon Nov 01 2027 05:30:00 GMT+0530 (India Standard Time),101.5813,6.1731
IN2120170062,07.65 MP SDL 2027,7.65,Mon Nov 01 2027 05:30:00 GMT+0530 (India Standard Time),101.6143,6.1731
IN2820170164,07.65 PN SDL 2027,7.65,Mon Nov 01 2027 05:30:00 GMT+0530 (India Standard Time),101.6143,6.1731
IN2920170098,07.64 RJ SDL 2027,7.64,Mon Nov 01 2027 05:30:00 GMT+0530 (India Standard Time),101.6033,6.1731
IN3620170099,07.65 UK SDL 2027,7.65,Mon Nov 01 2027 05:30:00 GMT+0530 (India Standard Time),101.6143,6.1731
IN3420170091,07.66 WB SDL 2027,7.66,Mon Nov 01 2027 05:30:00 GMT+0530 (India Standard Time),101.6253,6.1731
IN2020200050,06.70 KL SDL 2027,6.7,Sat Nov 06 2027 05:30:00 GMT+0530 (India Standard Time),100.5756,6.1731
IN1220170089,07.67 AS SDL 2027,7.67,Mon Nov 08 2027 05:30:00 GMT+0530 (India Standard Time),101.6623,6.1731
IN1420170061,07.66 GA SDL 2027,7.66,Mon Nov 08 2027 05:30:00 GMT+0530 (India Standard Time),101.6511,6.1731
IN1520170128,07.64 GJ SDL 2027,7.64,Mon Nov 08 2027 05:30:00 GMT+0530 (India Standard Time),101.6288,6.1731
IN1920170066,07.64 KA SDL 2027,7.64,Mon Nov 08 2027 05:30:00 GMT+0530 (India Standard Time),101.6288,6.1731
IN3620170107,07.67 UK SDL 2027,7.67,Mon Nov 08 2027 05:30:00 GMT+0530 (India Standard Time),101.6623,6.1731
IN1220170097,07.73 AS SDL 2027,7.73,Mon Nov 15 2027 05:30:00 GMT+0530 (India Standard Time),101.7565,6.1731
IN1620170085,07.70 HR SDL 2027,7.7,Mon Nov 15 2027 05:30:00 GMT+0530 (India Standard Time),101.7225,6.1731
IN1820170091,07.75 JK SDL 2027,7.75,Mon Nov 15 2027 05:30:00 GMT+0530 (India Standard Time),101.7792,6.1731
IN1920170074,07.70 KA SDL 2027,7.7,Mon Nov 15 2027 05:30:00 GMT+0530 (India Standard Time),101.7225,6.1731
IN2820170172,07.75 PN SDL 2027,7.75,Mon Nov 15 2027 05:30:00 GMT+0530 (India Standard Time),101.7792,6.1731
IN3320170134,07.70 UP SDL 2027,7.7,Mon Nov 15 2027 05:30:00 GMT+0530 (India Standard Time),101.7225,6.1731
IN3120190209,07.15 TN SDL 2027,7.15,Sat Nov 20 2027 05:30:00 GMT+0530 (India Standard Time),101.1101,6.1731
IN2020200084,06.50 KL SDL 2027,6.5,Sat Nov 20 2027 05:30:00 GMT+0530 (India Standard Time),100.3639,6.1731
IN1720170050,07.53 HP SDL 2027,7.53,Mon Nov 22 2027 05:30:00 GMT+0530 (India Standard Time),101.5532,6.1731
IN1920170082,07.54 KA SDL 2027,7.54,Mon Nov 22 2027 05:30:00 GMT+0530 (India Standard Time),101.5647,6.1731
IN2420170044,07.53 MG SDL 2027,7.53,Mon Nov 22 2027 05:30:00 GMT+0530 (India Standard Time),101.5532,6.1731
IN3820170048,07.53 PY SDL 2027,7.53,Mon Nov 22 2027 05:30:00 GMT+0530 (India Standard Time),101.5532,6.1731
IN3020170046,07.53 SK SDL 2027,7.53,Mon Nov 22 2027 05:30:00 GMT+0530 (India Standard Time),101.5532,6.1731
IN3420170117,07.53 WB SDL 2027,7.53,Mon Nov 22 2027 05:30:00 GMT+0530 (India Standard Time),101.5532,6.1731
IN1020170123,07.66 AP SDL 2027,7.66,Mon Nov 29 2027 05:30:00 GMT+0530 (India Standard Time),101.7293,6.1731
IN3520170025,07.68 CG SDL 2027,7.68,Mon Nov 29 2027 05:30:00 GMT+0530 (India Standard Time),101.7528,6.1731
IN1620170093,07.68 HR SDL 2027,7.68,Mon Nov 29 2027 05:30:00 GMT+0530 (India Standard Time),101.7528,6.1731
IN1920170090,07.65 KA SDL 2027,7.65,Mon Nov 29 2027 05:30:00 GMT+0530 (India Standard Time),101.7176,6.1731
IN2720170074,07.65 OD SDL 2027,7.65,Mon Nov 29 2027 05:30:00 GMT+0530 (India Standard Time),101.7176,6.1731
IN2820170180,07.67 PN SDL 2027,7.67,Mon Nov 29 2027 05:30:00 GMT+0530 (India Standard Time),101.7411,6.1731
IN2920170106,07.65 RJ SDL 2027,7.65,Mon Nov 29 2027 05:30:00 GMT+0530 (India Standard Time),101.7176,6.1731
IN3320170142,07.67 UP SDL 2027NOV,7.67,Mon Nov 29 2027 05:30:00 GMT+0530 (India Standard Time),101.7411,6.1731
IN3620170115,07.67 UK SDL 2027NOV,7.67,Mon Nov 29 2027 05:30:00 GMT+0530 (India Standard Time),101.7411,6.1731
IN1620220294,07.44 HR SGS 2027,7.44,Tue Nov 30 2027 05:30:00 GMT+0530 (India Standard Time),101.4749,6.1731
IN2020200225,06.22 KL SDL 2027,6.22,Thu Dec 02 2027 05:30:00 GMT+0530 (India Standard Time),100.0436,6.1731
IN3520190031,07.18 CG SDL 2027,7.18,Sat Dec 04 2027 05:30:00 GMT+0530 (India Standard Time),101.18,6.1731
IN1720170068,07.68 HP SDL 2027,7.68,Mon Dec 06 2027 05:30:00 GMT+0530 (India Standard Time),101.7795,6.1731
IN1920170108,07.65 KA SDL 2027DEC,7.65,Mon Dec 06 2027 05:30:00 GMT+0530 (India Standard Time),101.7438,6.1731
IN2420170051,07.69 MG SDL 2027,7.69,Mon Dec 06 2027 05:30:00 GMT+0530 (India Standard Time),101.7914,6.1731
IN2920170114,07.65 RJ SDL 2027DEC,7.65,Mon Dec 06 2027 05:30:00 GMT+0530 (India Standard Time),101.7438,6.1731
IN3120170094,07.65 TN SDL 2027,7.65,Mon Dec 06 2027 05:30:00 GMT+0530 (India Standard Time),101.7438,6.1731
IN3420170133,07.68 WB SDL 2027,7.68,Mon Dec 06 2027 05:30:00 GMT+0530 (India Standard Time),101.7795,6.1731
IN3720190021,07.26 JH SDL 2027,7.26,Sat Dec 11 2027 05:30:00 GMT+0530 (India Standard Time),101.2941,6.1731
IN1420170079,07.80 GA SDL 2027,7.8,Mon Dec 13 2027 05:30:00 GMT+0530 (India Standard Time),101.9511,6.1731
IN1520170136,07.75 GJ SDL 2027,7.75,Mon Dec 13 2027 05:30:00 GMT+0530 (India Standard Time),101.8908,6.1731
IN1920170116,07.76 KA SDL 2027,7.76,Mon Dec 13 2027 05:30:00 GMT+0530 (India Standard Time),101.9029,6.1731
IN2620170026,07.78 NG SDL 2027,7.78,Mon Dec 13 2027 05:30:00 GMT+0530 (India Standard Time),101.927,6.1731
IN2820170198,07.78 PN SDL 2027,7.78,Mon Dec 13 2027 05:30:00 GMT+0530 (India Standard Time),101.927,6.1731
IN3320170159,07.76 UP SDL 2027,7.76,Mon Dec 13 2027 05:30:00 GMT+0530 (India Standard Time),101.9029,6.1731
IN3620170123,07.77 UK SDL 2027,7.77,Mon Dec 13 2027 05:30:00 GMT+0530 (India Standard Time),101.9149,6.1731
IN2420220062,07.40 ML SGS 2027,7.4,Tue Dec 14 2027 05:30:00 GMT+0530 (India Standard Time),101.4717,6.1731
IN3820210042,06.30 PY SDL 2027,6.3,Wed Dec 15 2027 05:30:00 GMT+0530 (India Standard Time),100.1422,6.1731
IN1520170144,07.69 GJ SDL 2027,7.69,Mon Dec 20 2027 05:30:00 GMT+0530 (India Standard Time),101.8456,6.1731
IN1920170124,07.69 KA SDL 2027,7.69,Mon Dec 20 2027 05:30:00 GMT+0530 (India Standard Time),101.8456,6.1731
IN2520170035,07.71 MZ SDL 2027,7.71,Mon Dec 20 2027 05:30:00 GMT+0530 (India Standard Time),101.8701,6.1731
IN2820170206,07.72 PN SDL 2027,7.72,Mon Dec 20 2027 05:30:00 GMT+0530 (India Standard Time),101.8823,6.1731
IN3120170102,07.69 TN SDL 2027,7.69,Mon Dec 20 2027 05:30:00 GMT+0530 (India Standard Time),101.8456,6.1731
IN3420170158,07.72 WB SDL 2027,7.72,Mon Dec 20 2027 05:30:00 GMT+0530 (India Standard Time),101.8823,6.1731
IN2420220070,07.49 ML SGS 2027,7.49,Tue Dec 21 2027 05:30:00 GMT+0530 (India Standard Time),101.6042,6.1731
IN1520170151,07.80 GJ SDL 2027,7.8,Mon Dec 27 2027 05:30:00 GMT+0530 (India Standard Time),102.0095,6.1731
IN1620170101,07.86 HR SDL 2027,7.86,Mon Dec 27 2027 05:30:00 GMT+0530 (India Standard Time),102.0841,6.1731
IN1920170132,07.82 KA SDL 2027,7.82,Mon Dec 27 2027 05:30:00 GMT+0530 (India Standard Time),102.0344,6.1731
IN2820170214,07.82 PN SDL 2027,7.82,Mon Dec 27 2027 05:30:00 GMT+0530 (India Standard Time),102.0344,6.1731
IN2920170122,07.86 RJ SDL 2027,7.86,Mon Dec 27 2027 05:30:00 GMT+0530 (India Standard Time),102.0841,6.1731
IN3320170167,07.85 UP SDL 2027,7.85,Mon Dec 27 2027 05:30:00 GMT+0530 (India Standard Time),102.0716,6.1731
IN2020200233,06.17 KL SDL 2027,6.17,Thu Dec 30 2027 05:30:00 GMT+0530 (India Standard Time),99.9854,6.1731
IN3520170033,07.79 CG SDL 2028,7.79,Mon Jan 03 2028 05:30:00 GMT+0530 (India Standard Time),101.4405,6.6297
IN1920170140,07.79 KA SDL 2028,7.79,Mon Jan 03 2028 05:30:00 GMT+0530 (India Standard Time),101.4405,6.6297
IN2820170222,07.79 PN SDL 2028,7.79,Mon Jan 03 2028 05:30:00 GMT+0530 (India Standard Time),101.4405,6.6297
IN1520230179,07.47 GJ SGS 2028,7.47,Mon Jan 03 2028 05:30:00 GMT+0530 (India Standard Time),101.0399,6.6297
IN1020170131,07.77 AP SDL 2028,7.77,Mon Jan 10 2028 05:30:00 GMT+0530 (India Standard Time),101.4364,6.6297
IN1320170013,07.74 BR SDL 2028,7.74,Mon Jan 10 2028 05:30:00 GMT+0530 (India Standard Time),101.3983,6.6297
IN1520170169,07.75 GJ SDL 2028,7.75,Mon Jan 10 2028 05:30:00 GMT+0530 (India Standard Time),101.411,6.6297
IN2020170105,07.75 KL SDL 2028,7.75,Mon Jan 10 2028 05:30:00 GMT+0530 (India Standard Time),101.411,6.6297
IN2820170230,07.77 PN SDL 2028,7.77,Mon Jan 10 2028 05:30:00 GMT+0530 (India Standard Time),101.4364,6.6297
IN3420170166,07.77 WB SDL 2028,7.77,Mon Jan 10 2028 05:30:00 GMT+0530 (India Standard Time),101.4364,6.6297
IN1320170021,07.89 BR SDL 2028,7.89,Mon Jan 17 2028 05:30:00 GMT+0530 (India Standard Time),101.6119,6.6297
IN1520170177,07.90 GJ SDL 2028,7.9,Mon Jan 17 2028 05:30:00 GMT+0530 (India Standard Time),101.6248,6.6297
IN1820170109,08.00 JK SDL 2028,8,Mon Jan 17 2028 05:30:00 GMT+0530 (India Standard Time),101.7535,6.6297
IN1920170157,08.00 KA SDL 2028,8,Mon Jan 17 2028 05:30:00 GMT+0530 (India Standard Time),101.7535,6.6297
IN2320170029,08.02 MN SDL 2028JAN,8.02,Mon Jan 17 2028 05:30:00 GMT+0530 (India Standard Time),101.7792,6.6297
IN1320170039,07.86 BR SDL 2028,7.86,Mon Jan 24 2028 05:30:00 GMT+0530 (India Standard Time),101.5961,6.6297
IN1420170087,07.88 GA SDL 2028,7.88,Mon Jan 24 2028 05:30:00 GMT+0530 (India Standard Time),101.6222,6.6297
IN1720170076,07.88 HP SDL 2028,7.88,Mon Jan 24 2028 05:30:00 GMT+0530 (India Standard Time),101.6222,6.6297
IN2120170070,07.88 MP SDL 2028,7.88,Mon Jan 24 2028 05:30:00 GMT+0530 (India Standard Time),101.6222,6.6297
IN2620170034,07.88 NG SDL 2028,7.88,Mon Jan 24 2028 05:30:00 GMT+0530 (India Standard Time),101.6222,6.6297
IN3820170063,07.88 PD SDL 2028,7.88,Mon Jan 24 2028 05:30:00 GMT+0530 (India Standard Time),101.6222,6.6297
IN2920170130,07.88 RJ SDL 2028,7.88,Mon Jan 24 2028 05:30:00 GMT+0530 (India Standard Time),101.6222,6.6297
IN3020170053,07.88 SK SDL 2028,7.88,Mon Jan 24 2028 05:30:00 GMT+0530 (India Standard Time),101.6222,6.6297
IN3220170036,07.88 TR SDL 2028,7.88,Mon Jan 24 2028 05:30:00 GMT+0530 (India Standard Time),101.6222,6.6297
IN3320170175,07.92 UP SDL 2028,7.92,Mon Jan 24 2028 05:30:00 GMT+0530 (India Standard Time),101.6744,6.6297
IN1220170113,08.08 AS SDL 2028,8.08,Mon Jan 31 2028 05:30:00 GMT+0530 (India Standard Time),101.9061,6.6297
IN3520170041,08.11 CG SDL 2028,8.11,Mon Jan 31 2028 05:30:00 GMT+0530 (India Standard Time),101.9457,6.6297
IN1520170185,08.05 GJ SDL 2028,8.05,Mon Jan 31 2028 05:30:00 GMT+0530 (India Standard Time),101.8665,6.6297
IN1620170119,08.20 HR SDL 2028,8.2,Mon Jan 31 2028 05:30:00 GMT+0530 (India Standard Time),102.0645,6.6297
IN1820170117,08.10 JK SDL 2028,8.1,Mon Jan 31 2028 05:30:00 GMT+0530 (India Standard Time),101.9325,6.6297
IN1920170165,08.03 KA SDL 2028,8.03,Mon Jan 31 2028 05:30:00 GMT+0530 (India Standard Time),101.8401,6.6297
IN2320170037,08.02 MN SDL 2028,8.02,Mon Jan 31 2028 05:30:00 GMT+0530 (India Standard Time),101.8269,6.6297
IN2920170148,08.07 RJ SDL 2028,8.07,Mon Jan 31 2028 05:30:00 GMT+0530 (India Standard Time),101.8929,6.6297
IN3620170131,08.08 UK SDL 2028,8.08,Mon Jan 31 2028 05:30:00 GMT+0530 (India Standard Time),101.9061,6.6297
IN3420170174,08.09 WB SDL 2028,8.09,Mon Jan 31 2028 05:30:00 GMT+0530 (India Standard Time),101.9193,6.6297
IN1320200141,06.89 BR SDL 2028,6.89,Thu Feb 03 2028 05:30:00 GMT+0530 (India Standard Time),100.3378,6.6297
IN1720190116,07.11 HP SDL 2028,7.11,Sat Feb 05 2028 05:30:00 GMT+0530 (India Standard Time),100.6327,6.6297
IN1020180403,08.32 AP SDL 2028,8.32,Sun Feb 06 2028 05:30:00 GMT+0530 (India Standard Time),102.2497,6.6297
IN1220170121,08.20 AS SDL 2028,8.2,Mon Feb 07 2028 05:30:00 GMT+0530 (India Standard Time),102.0936,6.6297
IN1520170193,08.19 GJ SDL 2028,8.19,Mon Feb 07 2028 05:30:00 GMT+0530 (India Standard Time),102.0803,6.6297
IN1620170127,08.20 HR SDL 2028FEB,8.2,Mon Feb 07 2028 05:30:00 GMT+0530 (India Standard Time),102.0936,6.6297
IN2020170113,08.20 KL SDL 2028,8.2,Mon Feb 07 2028 05:30:00 GMT+0530 (India Standard Time),102.0936,6.6297
IN2820170248,08.20 PN SDL 2028,8.2,Mon Feb 07 2028 05:30:00 GMT+0530 (India Standard Time),102.0936,6.6297
IN3320170183,08.20 UK SDL 2028,8.2,Mon Feb 07 2028 05:30:00 GMT+0530 (India Standard Time),102.0936,6.6297
IN2220190119,07.00 MH SDL 2028,7,Sat Feb 12 2028 05:30:00 GMT+0530 (India Standard Time),100.4942,6.6297
IN3820190061,07.03 PY SDL 2028,7.03,Sat Feb 12 2028 05:30:00 GMT+0530 (India Standard Time),100.5347,6.6297
IN1220170139,08.05 AS SDL 2028,8.05,Mon Feb 14 2028 05:30:00 GMT+0530 (India Standard Time),101.9196,6.6297
IN1320170047,08.05 BR SDL 2028,8.05,Mon Feb 14 2028 05:30:00 GMT+0530 (India Standard Time),101.9196,6.6297
IN1420170095,08.13 GA SDL 2028,8.13,Mon Feb 14 2028 05:30:00 GMT+0530 (India Standard Time),102.028,6.6297
IN1520170201,08.05 GJ SDL 2028FEB,8.05,Mon Feb 14 2028 05:30:00 GMT+0530 (India Standard Time),101.9196,6.6297
IN2120170088,08.05 MP SDL 2028,8.05,Mon Feb 14 2028 05:30:00 GMT+0530 (India Standard Time),101.9196,6.6297
IN3120170110,08.05 TN SDL 2028,8.05,Mon Feb 14 2028 05:30:00 GMT+0530 (India Standard Time),101.9196,6.6297
IN3620170149,08.05 UK SDL 2028,8.05,Mon Feb 14 2028 05:30:00 GMT+0530 (India Standard Time),101.9196,6.6297
IN2220190127,06.97 MH SDL 2028,6.97,Fri Feb 18 2028 05:30:00 GMT+0530 (India Standard Time),100.4602,6.6297
IN2720240059,06.89 OD SGS 2028,6.89,Sun Feb 20 2028 05:30:00 GMT+0530 (India Standard Time),100.3528,6.6297
IN1220170147,08.29 AS SDL 2028,8.29,Mon Feb 21 2028 05:30:00 GMT+0530 (India Standard Time),102.2759,6.6297
IN1520170219,08.23 GJ SDL 2028,8.23,Mon Feb 21 2028 05:30:00 GMT+0530 (India Standard Time),102.1935,6.6297
IN1620170135,08.25 HR SDL 2028,8.25,Mon Feb 21 2028 05:30:00 GMT+0530 (India Standard Time),102.221,6.6297
IN1820170125,08.34 JK SDL 2028,8.34,Mon Feb 21 2028 05:30:00 GMT+0530 (India Standard Time),102.3446,6.6297
IN2020170121,08.27 KL SDL 2028,8.27,Mon Feb 21 2028 05:30:00 GMT+0530 (India Standard Time),102.2485,6.6297
IN2620170042,08.25 NG SDL 2028,8.25,Mon Feb 21 2028 05:30:00 GMT+0530 (India Standard Time),102.221,6.6297
IN2820170255,08.25 PN SDL 2028,8.25,Mon Feb 21 2028 05:30:00 GMT+0530 (India Standard Time),102.221,6.6297
IN2920170155,08.28 RJ SDL 2028,8.28,Mon Feb 21 2028 05:30:00 GMT+0530 (India Standard Time),102.2622,6.6297
IN3120170128,08.28 TN SDL 2028,8.28,Mon Feb 21 2028 05:30:00 GMT+0530 (India Standard Time),102.2622,6.6297
IN3620170156,08.25 UK SDL 2028,8.25,Mon Feb 21 2028 05:30:00 GMT+0530 (India Standard Time),102.221,6.6297
IN3420170182,08.29 WB SDL 2028,8.29,Mon Feb 21 2028 05:30:00 GMT+0530 (India Standard Time),102.2759,6.6297
IN1920190189,06.97 KA SDL 2028,6.97,Sat Feb 26 2028 05:30:00 GMT+0530 (India Standard Time),100.4862,6.6175
IN2220190135,06.98 MH SDL 2028,6.98,Sat Feb 26 2028 05:30:00 GMT+0530 (India Standard Time),100.483,6.6297
IN1220170154,08.36 AS SDL 2028,8.36,Mon Feb 28 2028 05:30:00 GMT+0530 (India Standard Time),102.4045,6.6297
IN1320170054,08.36 BR SDL 2028,8.36,Mon Feb 28 2028 05:30:00 GMT+0530 (India Standard Time),102.4045,6.6297
IN3520170058,08.33 CG SDL 2028,8.33,Mon Feb 28 2028 05:30:00 GMT+0530 (India Standard Time),102.3627,6.6297
IN1520170227,08.35 GJ SDL 2028,8.35,Mon Feb 28 2028 05:30:00 GMT+0530 (India Standard Time),102.3906,6.6297
IN1820170133,08.33 JK SDL 2028,8.33,Mon Feb 28 2028 05:30:00 GMT+0530 (India Standard Time),102.3627,6.6297
IN2020170139,08.37 KL SDL 2028,8.37,Mon Feb 28 2028 05:30:00 GMT+0530 (India Standard Time),102.4184,6.6297
IN2820170271,08.36 PN SDL 2028,8.36,Mon Feb 28 2028 05:30:00 GMT+0530 (India Standard Time),102.4045,6.6297
IN2920170171,08.33 RJ SDL 2028,8.33,Mon Feb 28 2028 05:30:00 GMT+0530 (India Standard Time),102.3627,6.6297
IN3120170136,08.34 TN SDL 2028,8.34,Mon Feb 28 2028 05:30:00 GMT+0530 (India Standard Time),102.3766,6.6297
IN3320170191,08.34 UP SDL 2028,8.34,Mon Feb 28 2028 05:30:00 GMT+0530 (India Standard Time),102.3766,6.6297
IN1020220696,07.70 AP SGS 2028,7.7,Wed Mar 01 2028 05:30:00 GMT+0530 (India Standard Time),101.4956,6.6297
IN2020200266,07.02 KL SDL 2028,7.02,Fri Mar 03 2028 05:30:00 GMT+0530 (India Standard Time),100.5473,6.6297
IN1120170031,08.41 AR SDL 2028,8.41,Tue Mar 07 2028 05:30:00 GMT+0530 (India Standard Time),102.5148,6.6297
IN3520170066,08.41 CG SDL 2028,8.41,Tue Mar 07 2028 05:30:00 GMT+0530 (India Standard Time),102.5148,6.6297
IN1520170235,08.39 GJ SDL 2028,8.39,Tue Mar 07 2028 05:30:00 GMT+0530 (India Standard Time),102.4865,6.6297
IN1620170143,08.45 HR SDL 2028,8.45,Tue Mar 07 2028 05:30:00 GMT+0530 (India Standard Time),102.5713,6.6297
IN2820170289,08.44 PN SDL 2028,8.44,Tue Mar 07 2028 05:30:00 GMT+0530 (India Standard Time),102.5572,6.6297
IN2920170189,08.44 RJ SDL 2028,8.44,Tue Mar 07 2028 05:30:00 GMT+0530 (India Standard Time),102.5572,6.6297
IN3120170144,08.43 TN SDL 2028,8.43,Tue Mar 07 2028 05:30:00 GMT+0530 (India Standard Time),102.5139,6.65
IN3320170209,08.43 UP SDL 2028,8.43,Tue Mar 07 2028 05:30:00 GMT+0530 (India Standard Time),102.543,6.6297
IN3620170164,08.42 UK SDL 2028,8.42,Tue Mar 07 2028 05:30:00 GMT+0530 (India Standard Time),102.5289,6.6297
IN3420170190,08.42 WB SDL 2028,8.42,Tue Mar 07 2028 05:30:00 GMT+0530 (India Standard Time),102.5289,6.6297
IN2820200219,07.02 PN SDL 2028,7.02,Fri Mar 10 2028 05:30:00 GMT+0530 (India Standard Time),100.5526,6.6297
IN1520240285,06.87 GJ SGS 2028,6.87,Sun Mar 12 2028 05:30:00 GMT+0530 (India Standard Time),100.3401,6.6297
IN1220170170,08.29 AS SDL 2028MAR,8.29,Tue Mar 14 2028 05:30:00 GMT+0530 (India Standard Time),102.3715,6.6297
IN3520170074,08.28 CG SDL 2028,8.28,Tue Mar 14 2028 05:30:00 GMT+0530 (India Standard Time),102.3572,6.6297
IN1420170103,08.29 GA SDL 2028,8.29,Tue Mar 14 2028 05:30:00 GMT+0530 (India Standard Time),102.3715,6.6297
IN1520170243,08.26 GJ SDL 2028,8.26,Tue Mar 14 2028 05:30:00 GMT+0530 (India Standard Time),102.3286,6.6297
IN1620170150,08.29 HR SDL 2028,8.29,Tue Mar 14 2028 05:30:00 GMT+0530 (India Standard Time),102.3715,6.6297
IN2420170069,08.28 ML SDL 2028,8.28,Tue Mar 14 2028 05:30:00 GMT+0530 (India Standard Time),102.3572,6.6297
IN3820170089,08.29 PY SDL 2028,8.29,Tue Mar 14 2028 05:30:00 GMT+0530 (India Standard Time),102.3715,6.6297
IN2920170197,08.28 RJ SDL 2028MAR,8.28,Tue Mar 14 2028 05:30:00 GMT+0530 (India Standard Time),102.3572,6.6297
IN3120170151,08.28 TN SDL 2028MAR,8.28,Tue Mar 14 2028 05:30:00 GMT+0530 (India Standard Time),102.3572,6.6297
IN3620170172,08.29 UK SDL 2028,8.29,Tue Mar 14 2028 05:30:00 GMT+0530 (India Standard Time),102.3715,6.6297
IN3320170217,08.27 UP SDL 2028,8.27,Tue Mar 14 2028 05:30:00 GMT+0530 (India Standard Time),102.3429,6.6297
IN3420170208,08.27 WB SDL 2028,8.27,Tue Mar 14 2028 05:30:00 GMT+0530 (India Standard Time),102.3429,6.6297
IN1920200681,06.99 KA SDL 2028,6.99,Fri Mar 17 2028 05:30:00 GMT+0530 (India Standard Time),100.5142,6.6297
IN3720240016,06.92 JH SGS 2028,6.92,Sun Mar 19 2028 05:30:00 GMT+0530 (India Standard Time),100.4145,6.6297
IN1120170049,08.12 AR SDL 2028,8.12,Tue Mar 21 2028 05:30:00 GMT+0530 (India Standard Time),102.152,6.6297
IN3520170082,08.13 CG SDL 2028,8.13,Tue Mar 21 2028 05:30:00 GMT+0530 (India Standard Time),102.1665,6.6297
IN1420170111,08.13 GA SDL 2028MAR,8.13,Tue Mar 21 2028 05:30:00 GMT+0530 (India Standard Time),102.1665,6.6297
IN2020170147,08.13 KL SDL 2028,8.13,Tue Mar 21 2028 05:30:00 GMT+0530 (India Standard Time),102.1665,6.6297
IN2420170077,08.14 MG SDL 2028,8.14,Tue Mar 21 2028 05:30:00 GMT+0530 (India Standard Time),102.1809,6.6297
IN2520170043,08.14 MZ SDL 2028,8.14,Tue Mar 21 2028 05:30:00 GMT+0530 (India Standard Time),102.1809,6.6297
IN2620170059,08.14 NL SDL 2028,8.14,Tue Mar 21 2028 05:30:00 GMT+0530 (India Standard Time),102.1809,6.6297
IN2820170297,08.13 PN SDL 2028,8.13,Tue Mar 21 2028 05:30:00 GMT+0530 (India Standard Time),102.1665,6.6297
IN3320170225,08.14 UP SDL 2028,8.14,Tue Mar 21 2028 05:30:00 GMT+0530 (India Standard Time),102.1809,6.6297
IN1320170062,08.15 BR SDL 2028,8.15,Mon Mar 27 2028 05:30:00 GMT+0530 (India Standard Time),102.2913,6.5792
IN3520170090,08.15 CG SDL 2028,8.15,Mon Mar 27 2028 05:30:00 GMT+0530 (India Standard Time),102.2162,6.6297
IN1620170168,08.14 HR SDL 2028,8.14,Mon Mar 27 2028 05:30:00 GMT+0530 (India Standard Time),102.2016,6.6297
IN2420170085,08.10 ML SDL 2028,8.1,Mon Mar 27 2028 05:30:00 GMT+0530 (India Standard Time),102.1431,6.6297
IN2920170205,08.13 RJ SDL 2028,8.13,Mon Mar 27 2028 05:30:00 GMT+0530 (India Standard Time),102.187,6.6297
IN3620170180,08.14 UK SDL 2028,8.14,Mon Mar 27 2028 05:30:00 GMT+0530 (India Standard Time),102.2016,6.6297
IN3420170216,08.09 WB SDL 2028MAR,8.09,Mon Mar 27 2028 05:30:00 GMT+0530 (India Standard Time),102.1285,6.6297
IN1520220337,07.49 GJ SGS 2028,7.49,Wed Mar 29 2028 05:30:00 GMT+0530 (India Standard Time),101.2552,6.6297
IN4520190203,07.25 TS SDL 2028,7.25,Fri Mar 31 2028 05:30:00 GMT+0530 (India Standard Time),100.9045,6.6297
IN1020180015,07.80 AP SDL 2028,7.8,Tue Apr 11 2028 05:30:00 GMT+0530 (India Standard Time),101.7417,6.6297
IN1120180014,07.80 AR SDL 2028,7.8,Tue Apr 11 2028 05:30:00 GMT+0530 (India Standard Time),101.7417,6.6297
IN1220180013,07.97 AS SDL 2028,7.97,Tue Apr 11 2028 05:30:00 GMT+0530 (India Standard Time),101.996,6.6297
IN1520180010,07.77 GJ SDL 2028,7.77,Tue Apr 11 2028 05:30:00 GMT+0530 (India Standard Time),101.6968,6.6297
IN1620180019,07.80 HR SDL 2028,7.8,Tue Apr 11 2028 05:30:00 GMT+0530 (India Standard Time),101.7417,6.6297
IN2020180013,08.00 KL SDL 2028,8,Tue Apr 11 2028 05:30:00 GMT+0530 (India Standard Time),102.0408,6.6297
IN2320180010,07.80 MN SDL 2028,7.8,Tue Apr 11 2028 05:30:00 GMT+0530 (India Standard Time),101.7417,6.6297
IN2820180015,07.99 PN SDL 2028,7.99,Tue Apr 11 2028 05:30:00 GMT+0530 (India Standard Time),102.0259,6.6297
IN2920180014,07.98 RJ SDL 2028,7.98,Tue Apr 11 2028 05:30:00 GMT+0530 (India Standard Time),102.0109,6.6297
IN3320180018,07.98 UP SDL 2028,7.98,Tue Apr 11 2028 05:30:00 GMT+0530 (India Standard Time),102.0109,6.6297
IN3620180015,07.80 UK SDL 2028,7.8,Tue Apr 11 2028 05:30:00 GMT+0530 (India Standard Time),101.7417,6.6297
IN2220230014,07.36 MH SGS 2028,7.36,Wed Apr 12 2028 05:30:00 GMT+0530 (India Standard Time),101.0851,6.6297
IN4520200010,07.50 TS SDL 2028,7.5,Sat Apr 15 2028 05:30:00 GMT+0530 (India Standard Time),101.3007,6.6297
IN1220180021,07.97 AS SDL 2028APR,7.97,Tue Apr 18 2028 05:30:00 GMT+0530 (India Standard Time),102.0176,6.6297
IN1420180011,07.95 GA SDL 2028,7.95,Tue Apr 18 2028 05:30:00 GMT+0530 (India Standard Time),101.9874,6.6297
IN1520180028,07.95 GJ SDL 2028,7.95,Tue Apr 18 2028 05:30:00 GMT+0530 (India Standard Time),101.9874,6.6297
IN2120180012,08.05 MP SDL 2028APR,8.05,Tue Apr 18 2028 05:30:00 GMT+0530 (India Standard Time),102.1387,6.6297
IN2620180017,07.97 NL SDL 2028,7.97,Tue Apr 18 2028 05:30:00 GMT+0530 (India Standard Time),102.0176,6.6297
IN3120180010,08.05 TN SDL 2028APR,8.05,Tue Apr 18 2028 05:30:00 GMT+0530 (India Standard Time),102.1387,6.6297
IN4520200044,06.98 TS SDL 2028,6.98,Sat Apr 22 2028 05:30:00 GMT+0530 (India Standard Time),100.5227,6.6297
IN1520180036,08.25 GJ SDL 2028,8.25,Tue Apr 25 2028 05:30:00 GMT+0530 (India Standard Time),102.4679,6.6297
IN1820180017,08.26 JK SDL 2028,8.26,Tue Apr 25 2028 05:30:00 GMT+0530 (India Standard Time),102.4832,6.6297
IN3120180028,08.24 TN SDL 2028,8.24,Tue Apr 25 2028 05:30:00 GMT+0530 (India Standard Time),102.4526,6.6297
IN3220180019,08.20 TR SDL 2028,8.2,Tue Apr 25 2028 05:30:00 GMT+0530 (India Standard Time),102.3914,6.6297
IN1620220013,07.15 HR SDL 2028,7.15,Thu May 04 2028 05:30:00 GMT+0530 (India Standard Time),100.7953,6.6297
IN3120190027,08.06 TN SDL 2028,8.06,Mon May 08 2028 05:30:00 GMT+0530 (India Standard Time),102.2211,6.6297
IN1520180044,08.16 GJ SDL 2028,8.16,Tue May 09 2028 05:30:00 GMT+0530 (India Standard Time),102.3809,6.6297
IN2720180032,08.19 OD SDL 2028,8.19,Tue May 09 2028 05:30:00 GMT+0530 (India Standard Time),102.4278,6.6297
IN2920180030,08.16 RJ SDL 2028,8.16,Tue May 09 2028 05:30:00 GMT+0530 (India Standard Time),102.3809,6.6297
IN3120180036,08.15 TN SDL 2028,8.15,Tue May 09 2028 05:30:00 GMT+0530 (India Standard Time),102.3653,6.6297
IN3620180023,08.20 UK SDL 2028MAY,8.2,Tue May 09 2028 05:30:00 GMT+0530 (India Standard Time),102.4435,6.6297
IN1020200128,06.72 AP SDL 2028,6.72,Sat May 13 2028 05:30:00 GMT+0530 (India Standard Time),100.1293,6.6297
IN3120180044,08.37 TN SDL 2028,8.37,Tue May 16 2028 05:30:00 GMT+0530 (India Standard Time),102.7385,6.6297
IN3320180026,08.39 UP SDL 2028,8.39,Tue May 16 2028 05:30:00 GMT+0530 (India Standard Time),102.7702,6.6297
IN1020180080,08.39 AP SDL 2028,8.39,Tue May 23 2028 05:30:00 GMT+0530 (India Standard Time),102.7998,6.6297
IN1420180029,08.34 GA SDL 2028,8.34,Tue May 23 2028 05:30:00 GMT+0530 (India Standard Time),102.7199,6.6297
IN1820180025,08.34 JK SDL 2028MAY,8.34,Tue May 23 2028 05:30:00 GMT+0530 (India Standard Time),102.7199,6.6297
IN3120180051,08.32 TN SDL 2028,8.32,Tue May 23 2028 05:30:00 GMT+0530 (India Standard Time),102.688,6.6297
IN2220230030,07.20 MH SGS 2028,7.2,Wed May 24 2028 05:30:00 GMT+0530 (India Standard Time),100.8994,6.6297
IN1020200144,06.55 AP SDL 2028,6.55,Sat May 27 2028 05:30:00 GMT+0530 (India Standard Time),99.8584,6.6297
IN2020180039,08.33 KL SDL 2028,8.33,Tue May 30 2028 05:30:00 GMT+0530 (India Standard Time),102.7328,6.6297
IN2120180020,08.33 MP SDL 2028,8.33,Tue May 30 2028 05:30:00 GMT+0530 (India Standard Time),102.7328,6.6297
IN2820180049,08.34 PN SDL 2028,8.34,Tue May 30 2028 05:30:00 GMT+0530 (India Standard Time),102.749,6.6297
IN3620180031,08.29 UK SDL 2028MAY,8.29,Tue May 30 2028 05:30:00 GMT+0530 (India Standard Time),102.6682,6.6297
IN1620220070,07.63 HR SDL 2028,7.63,Thu Jun 01 2028 05:30:00 GMT+0530 (India Standard Time),101.6046,6.6297
IN3420210020,06.65 WB SDL 2028,6.65,Fri Jun 02 2028 05:30:00 GMT+0530 (India Standard Time),100.0193,6.6297
IN3620180049,08.39 UK SDL 2028,8.39,Tue Jun 06 2028 05:30:00 GMT+0530 (India Standard Time),102.8554,6.6297
IN2020180047,08.41 KL SDL 2028,8.41,Tue Jun 06 2028 05:30:00 GMT+0530 (India Standard Time),102.888,6.6297
IN2920180063,08.40 RJ SDL 2028,8.4,Tue Jun 06 2028 05:30:00 GMT+0530 (India Standard Time),102.8717,6.6297
IN1520230039,07.18 GJ SGS 2028,7.18,Wed Jun 07 2028 05:30:00 GMT+0530 (India Standard Time),100.8847,6.6297
IN2020200134,06.73 KL SDL 2028,6.73,Sat Jun 10 2028 05:30:00 GMT+0530 (India Standard Time),100.1509,6.6297
IN4520200093,06.99 TS SDL 2028,6.99,Sat Jun 10 2028 05:30:00 GMT+0530 (India Standard Time),100.5772,6.6297
IN3120250102,06.00 TN SGS 2028,6,Sun Jun 11 2028 05:30:00 GMT+0530 (India Standard Time),98.9525,6.6297
IN1820180033,08.61 JK SDL 2028,8.61,Tue Jun 13 2028 05:30:00 GMT+0530 (India Standard Time),103.2479,6.6297
IN2820180056,08.62 PN SDL 2028,8.62,Tue Jun 13 2028 05:30:00 GMT+0530 (India Standard Time),103.2644,6.6297
IN1520230047,07.22 GJ SGS 2028,7.22,Wed Jun 14 2028 05:30:00 GMT+0530 (India Standard Time),100.9602,6.6297
IN1020180130,08.40 AP SDL 2028,8.4,Tue Jun 20 2028 05:30:00 GMT+0530 (India Standard Time),102.9326,6.6297
IN1420180037,08.40 GA SDL 2028,8.4,Tue Jun 20 2028 05:30:00 GMT+0530 (India Standard Time),102.9326,6.6297
IN2920180097,08.40 RJ SDL 2028JUN,8.4,Tue Jun 20 2028 05:30:00 GMT+0530 (India Standard Time),102.9326,6.6297
IN3620180056,08.40 UK SDL 2028,8.4,Tue Jun 20 2028 05:30:00 GMT+0530 (India Standard Time),102.9326,6.6297
IN1520250086,06.10 GJ SGS 2028,6.1,Sun Jun 25 2028 05:30:00 GMT+0530 (India Standard Time),99.0993,6.6297
IN2920180105,08.44 RJ SDL 2028JUN,8.44,Tue Jun 27 2028 05:30:00 GMT+0530 (India Standard Time),103.0305,6.6297
IN3420180017,08.44 WB SDL 2028,8.44,Tue Jun 27 2028 05:30:00 GMT+0530 (India Standard Time),103.0305,6.6297
IN1020180148,08.45 AP SDL 2028,8.45,Tue Jun 27 2028 05:30:00 GMT+0530 (India Standard Time),103.0474,6.6297
IN3320180034,08.45 UP SDL 2028,8.45,Tue Jun 27 2028 05:30:00 GMT+0530 (India Standard Time),103.0474,6.6297
IN3420210046,06.79 WB SDL 2028,6.79,Fri Jun 30 2028 05:30:00 GMT+0530 (India Standard Time),100.2582,6.6297
IN1220180070,8.54 AS SDL 2028,8.54,Tue Jul 04 2028 05:30:00 GMT+0530 (India Standard Time),103.2319,6.6297
IN1620180035,8.57 HR SDL 2028,8.57,Tue Jul 04 2028 05:30:00 GMT+0530 (India Standard Time),103.2828,6.6297
IN2120180046,8.55 MP SDL 2028,8.55,Tue Jul 04 2028 05:30:00 GMT+0530 (India Standard Time),103.2489,6.6297
IN2920180121,8.54 RJ SDL 2028,8.54,Tue Jul 04 2028 05:30:00 GMT+0530 (India Standard Time),103.2319,6.6297
IN3620180064,8.53 UK SDL 2028,8.53,Tue Jul 04 2028 05:30:00 GMT+0530 (India Standard Time),103.2149,6.6297
IN3520210029,06.82 CG SDL 2028,6.82,Fri Jul 07 2028 05:30:00 GMT+0530 (India Standard Time),100.3128,6.6297
IN3420210053,06.83 WB SDL 2028,6.83,Fri Jul 07 2028 05:30:00 GMT+0530 (India Standard Time),100.3299,6.6297
IN1020180163,08.56 AP SDL 2028,8.56,Tue Jul 11 2028 05:30:00 GMT+0530 (India Standard Time),103.2996,6.6297
IN1820180041,08.59 JK SDL 2028,8.59,Tue Jul 11 2028 05:30:00 GMT+0530 (India Standard Time),103.3511,6.6297
IN2220180037,08.56 MH SDL 2028,8.56,Tue Jul 11 2028 05:30:00 GMT+0530 (India Standard Time),103.2996,6.6297
IN2920180139,08.57 RJ SDL 2028,8.57,Tue Jul 11 2028 05:30:00 GMT+0530 (India Standard Time),103.3168,6.6297
IN3020180011,08.59 SK SDL 2028,8.59,Tue Jul 11 2028 05:30:00 GMT+0530 (India Standard Time),103.3511,6.6297
IN3620180072,08.58 UK SDL 2028,8.58,Tue Jul 11 2028 05:30:00 GMT+0530 (India Standard Time),103.3339,6.6297
IN1020170057,07.22 AP SDL 2028,7.22,Wed Jul 12 2028 05:30:00 GMT+0530 (India Standard Time),101.0028,6.6297
IN1320210041,06.82 BR SDL 2028,6.82,Fri Jul 14 2028 05:30:00 GMT+0530 (India Standard Time),100.3169,6.6297
IN2720250017,06.13 OD SGS 2028,6.13,Sun Jul 16 2028 05:30:00 GMT+0530 (India Standard Time),99.1262,6.6297
IN1020180171,08.42 AP SDL 2028,8.42,Tue Jul 18 2028 05:30:00 GMT+0530 (India Standard Time),103.0886,6.6311
IN1220180088,08.42 AS SDL 2028,8.42,Tue Jul 18 2028 05:30:00 GMT+0530 (India Standard Time),103.091,6.6297
IN1620180043,08.41 HR SDL 2028,8.41,Tue Jul 18 2028 05:30:00 GMT+0530 (India Standard Time),103.0737,6.6297
IN3420180025,08.40 WB SDL 2028,8.4,Tue Jul 18 2028 05:30:00 GMT+0530 (India Standard Time),103.0564,6.6297
IN1920200095,06.09 KA SDL 2028,6.09,Sat Jul 22 2028 05:30:00 GMT+0530 (India Standard Time),99.0501,6.6297
IN2220200116,06.24 MH SDL 2028,6.24,Sat Jul 22 2028 05:30:00 GMT+0530 (India Standard Time),99.3114,6.6297
IN1420180045,08.44 GA SDL 2028,8.44,Tue Jul 25 2028 05:30:00 GMT+0530 (India Standard Time),103.1577,6.6297
IN2020180054,08.44 KL SDL 2028,8.44,Tue Jul 25 2028 05:30:00 GMT+0530 (India Standard Time),103.1577,6.6297
IN2920180147,08.44 RJ SDL 2028JUL,8.44,Tue Jul 25 2028 05:30:00 GMT+0530 (India Standard Time),103.1577,6.6297
IN3620180080,08.46 UK SDL 2028,8.46,Tue Jul 25 2028 05:30:00 GMT+0530 (India Standard Time),103.1927,6.6297
IN3420180033,08.45 WB SDL 2028,8.45,Tue Jul 25 2028 05:30:00 GMT+0530 (India Standard Time),103.1752,6.6297
IN3820210075,06.90 PY SDL 2028,6.9,Tue Jul 25 2028 05:30:00 GMT+0530 (India Standard Time),100.4637,6.6297
IN1720200030,06.36 HP SDL 2028,6.36,Sat Jul 29 2028 05:30:00 GMT+0530 (India Standard Time),99.5171,6.6297
IN3120250185,06.14 TN SGS 2028,6.14,Sun Jul 30 2028 05:30:00 GMT+0530 (India Standard Time),99.129,6.6297
IN1220180096,08.41 AS SDL 2028,8.41,Tue Aug 01 2028 05:30:00 GMT+0530 (India Standard Time),103.1324,6.6297
IN2020180062,08.41 KL SDL 2028JUL,8.41,Tue Aug 01 2028 05:30:00 GMT+0530 (India Standard Time),103.1324,6.6297
IN2220180045,08.42 MH SDL 2028,8.42,Tue Aug 01 2028 05:30:00 GMT+0530 (India Standard Time),103.15,6.6297
IN1720220038,07.43 HP SDL 2028,7.43,Thu Aug 03 2028 05:30:00 GMT+0530 (India Standard Time),101.4079,6.6297
IN1320210058,06.77 BR SDL 2028,6.77,Fri Aug 04 2028 05:30:00 GMT+0530 (India Standard Time),100.241,6.6297
IN1920200129,06.32 KA SDL 2028,6.32,Sat Aug 05 2028 05:30:00 GMT+0530 (India Standard Time),99.4433,6.6297
IN1220180104,08.42 AS SDL 2028AUG,8.42,Tue Aug 08 2028 05:30:00 GMT+0530 (India Standard Time),103.182,6.6297
IN2120180053,08.42 MP SDL 2028,8.42,Tue Aug 08 2028 05:30:00 GMT+0530 (India Standard Time),103.182,6.6297
IN2920180154,08.43 RJ SDL 2028,8.43,Tue Aug 08 2028 05:30:00 GMT+0530 (India Standard Time),103.1998,6.6297
IN3220180027,08.43 TR SDL 2028,8.43,Tue Aug 08 2028 05:30:00 GMT+0530 (India Standard Time),103.1998,6.6297
IN3620180098,08.42 UK SDL 2028AUG,8.42,Tue Aug 08 2028 05:30:00 GMT+0530 (India Standard Time),103.182,6.6297
IN1220220074,07.54 AS SDL 2028,7.54,Thu Aug 10 2028 05:30:00 GMT+0530 (India Standard Time),101.6195,6.6297
IN3420210095,06.79 WB SDL 2028 11 AUG,6.79,Fri Aug 11 2028 05:30:00 GMT+0530 (India Standard Time),100.2806,6.6297
IN2220200124,06.44 MH SDL 2028,6.44,Sat Aug 12 2028 05:30:00 GMT+0530 (India Standard Time),99.6544,6.6297
IN1520240020,07.05 GJ SGS 2028,7.05,Mon Aug 14 2028 05:30:00 GMT+0530 (India Standard Time),100.7494,6.6297
IN1020180221,08.52 AP SDL 2028,8.52,Mon Aug 21 2028 05:30:00 GMT+0530 (India Standard Time),103.4232,6.6297
IN1220180112,08.54 AS SDL 2028AUG,8.54,Mon Aug 21 2028 05:30:00 GMT+0530 (India Standard Time),103.4595,6.6297
IN1420180052,08.49 GA SDL 2028,8.49,Mon Aug 21 2028 05:30:00 GMT+0530 (India Standard Time),103.3688,6.6297
IN1520180077,08.47 GJ SDL 2028,8.47,Mon Aug 21 2028 05:30:00 GMT+0530 (India Standard Time),103.3326,6.6297
IN1820180058,08.52 JK SDL 2028,8.52,Mon Aug 21 2028 05:30:00 GMT+0530 (India Standard Time),103.4232,6.6297
IN3720180014,08.51 JH SDL 2028,8.51,Mon Aug 21 2028 05:30:00 GMT+0530 (India Standard Time),103.4051,6.6297
IN2920180162,08.49 RJ SDL 2028,8.49,Mon Aug 21 2028 05:30:00 GMT+0530 (India Standard Time),103.3688,6.6297
IN3620180106,08.49 UK SDL 2028,8.49,Mon Aug 21 2028 05:30:00 GMT+0530 (India Standard Time),103.3688,6.6297
IN2020180088,08.50 KL SDL 2028,8.5,Mon Aug 21 2028 05:30:00 GMT+0530 (India Standard Time),103.387,6.6297
IN1220230081,07.47 AS SGS 2028,7.47,Wed Aug 23 2028 05:30:00 GMT+0530 (India Standard Time),101.5243,6.6297
IN2920180170,08.53 RJ SDL 2028,8.53,Tue Aug 29 2028 05:30:00 GMT+0530 (India Standard Time),103.4806,6.6297
IN1620180050,08.62 HR SDL 2028,8.62,Sun Sep 03 2028 05:30:00 GMT+0530 (India Standard Time),103.6662,6.6297
IN2920180188,08.63 RJ SDL 2028,8.63,Sun Sep 03 2028 05:30:00 GMT+0530 (India Standard Time),103.6846,6.6297
IN3620180114,08.61 UK SDL 2028,8.61,Sun Sep 03 2028 05:30:00 GMT+0530 (India Standard Time),103.6477,6.6297
IN1420180060,08.60 GA SDL 2028,8.6,Sun Sep 03 2028 05:30:00 GMT+0530 (India Standard Time),103.6293,6.6297
IN1520180101,08.79 GJ SDL 2028,8.79,Tue Sep 12 2028 05:30:00 GMT+0530 (India Standard Time),104.0233,6.6297
IN3720180022,08.84 JH SDL 2028,8.84,Tue Sep 12 2028 05:30:00 GMT+0530 (India Standard Time),104.1164,6.6297
IN2920180196,08.84 RJ SDL 2028,8.84,Tue Sep 12 2028 05:30:00 GMT+0530 (India Standard Time),104.1164,6.6297
IN3220180035,08.82 TR SDL 2028,8.82,Tue Sep 12 2028 05:30:00 GMT+0530 (India Standard Time),104.0792,6.6297
IN3620180122,08.74 UK SDL 2028,8.74,Tue Sep 12 2028 05:30:00 GMT+0530 (India Standard Time),103.9301,6.6297
IN2720240141,06.93 OD SGS 2028,6.93,Tue Sep 12 2028 05:30:00 GMT+0530 (India Standard Time),100.5572,6.6297
IN3520210037,06.53 CG SDL 2028,6.53,Fri Sep 15 2028 05:30:00 GMT+0530 (India Standard Time),99.8103,6.6297
IN1520180119,08.70 GJ SDL 2028,8.7,Tue Sep 19 2028 05:30:00 GMT+0530 (India Standard Time),103.8878,6.6297
IN3020180029,08.70 SK SDL 2028,8.7,Tue Sep 19 2028 05:30:00 GMT+0530 (India Standard Time),103.8878,6.6297
IN3120240681,06.89 TN SGS 2028,6.89,Tue Sep 19 2028 05:30:00 GMT+0530 (India Standard Time),100.4851,6.6297
IN2220200181,06.70 MH SDL 2028,6.7,Sat Sep 23 2028 05:30:00 GMT+0530 (India Standard Time),100.1276,6.6297
IN1920240018,06.95 KA SGS 2028,6.95,Mon Sep 25 2028 05:30:00 GMT+0530 (India Standard Time),100.601,6.6297
IN1220180138,08.75 AS SDL 2028,8.75,Tue Sep 26 2028 05:30:00 GMT+0530 (India Standard Time),104.0151,6.6297
IN1420180078,08.75 GA SDL 2028,8.75,Tue Sep 26 2028 05:30:00 GMT+0530 (India Standard Time),104.0151,6.6297
IN1820180066,08.75 JK SDL 2028,8.75,Tue Sep 26 2028 05:30:00 GMT+0530 (India Standard Time),104.0151,6.6297
IN2620180025,08.75 NL SDL 2028,8.75,Tue Sep 26 2028 05:30:00 GMT+0530 (India Standard Time),104.0151,6.6297
IN2920180204,08.76 RJ SDL 2028,8.76,Tue Sep 26 2028 05:30:00 GMT+0530 (India Standard Time),104.0341,6.6297
IN3620180130,08.76 UK SDL 2028,8.76,Tue Sep 26 2028 05:30:00 GMT+0530 (India Standard Time),104.0341,6.6297
IN1520240293,06.87 GJ SGS 2028 26 SEP,6.87,Tue Sep 26 2028 05:30:00 GMT+0530 (India Standard Time),100.4498,6.6297
IN3120240749,06.87 TN SGS 2028,6.87,Tue Sep 26 2028 05:30:00 GMT+0530 (India Standard Time),100.4498,6.6297
IN1020220514,07.60 AP SGS 2028,7.6,Thu Sep 28 2028 05:30:00 GMT+0530 (India Standard Time),101.8383,6.6297
IN2920180212,08.65 RJ SDL 2028,8.65,Tue Oct 03 2028 05:30:00 GMT+0530 (India Standard Time),103.8573,6.6297
IN3520210045,06.59 CG SDL 2028,6.59,Fri Oct 06 2028 05:30:00 GMT+0530 (India Standard Time),99.9158,6.6297
IN2220200215,06.81 MH SDL 2028,6.81,Sat Oct 07 2028 05:30:00 GMT+0530 (India Standard Time),100.3384,6.6297
IN1920190056,07.15 KA SDL 2028,7.15,Mon Oct 09 2028 05:30:00 GMT+0530 (India Standard Time),100.9941,6.6297
IN1520180143,08.65 GJ SDL 2028,8.65,Tue Oct 10 2028 05:30:00 GMT+0530 (India Standard Time),103.8892,6.6297
IN1820180074,08.86 JK SDL 2028,8.86,Tue Oct 10 2028 05:30:00 GMT+0530 (India Standard Time),104.2944,6.6297
IN3020180037,08.85 SK SDL 2028,8.85,Tue Oct 10 2028 05:30:00 GMT+0530 (India Standard Time),104.2751,6.6297
IN3120180143,08.68 TN SDL 2028,8.68,Tue Oct 10 2028 05:30:00 GMT+0530 (India Standard Time),103.9471,6.6297
IN3320180042,08.73 UP SDL 2028,8.73,Tue Oct 10 2028 05:30:00 GMT+0530 (India Standard Time),104.0436,6.6297
IN1520230088,07.62 GJ SGS 2028,7.62,Wed Oct 11 2028 05:30:00 GMT+0530 (India Standard Time),101.9041,6.6297
IN2220200256,06.55 MH SDL 2028,6.55,Sat Oct 14 2028 05:30:00 GMT+0530 (India Standard Time),99.836,6.6297
IN2420180019,08.74 ML SDL 2028,8.74,Tue Oct 17 2028 05:30:00 GMT+0530 (India Standard Time),104.0965,6.6297
IN3320180059,08.71 UP SDL 2028,8.71,Tue Oct 17 2028 05:30:00 GMT+0530 (India Standard Time),104.0381,6.6297
IN1520180150,08.60 GJ SDL 2028,8.6,Tue Oct 17 2028 05:30:00 GMT+0530 (India Standard Time),103.8241,6.6297
IN3620180148,08.70 UK SDL 2028,8.7,Tue Oct 17 2028 05:30:00 GMT+0530 (India Standard Time),104.0187,6.6297
IN2220200272,06.47 MH SDL 2028,6.47,Sat Oct 21 2028 05:30:00 GMT+0530 (India Standard Time),99.6772,6.6297
IN1420180086,08.65 GA SDL 2028,8.65,Tue Oct 24 2028 05:30:00 GMT+0530 (India Standard Time),103.9537,6.6297
IN1520180168,08.61 GJ SDL 2028,8.61,Tue Oct 24 2028 05:30:00 GMT+0530 (India Standard Time),103.8752,6.6297
IN1720180026,08.77 HP SDL 2028,8.77,Tue Oct 24 2028 05:30:00 GMT+0530 (India Standard Time),104.1892,6.6297
IN3320180067,08.73 UP SDL 2028OCT,8.73,Tue Oct 24 2028 05:30:00 GMT+0530 (India Standard Time),104.1107,6.6297
IN3820170030,07.63 PY SDL 2028,7.63,Wed Oct 25 2028 05:30:00 GMT+0530 (India Standard Time),101.9543,6.6297
IN3520210052,06.62 CG SDL 2028,6.62,Fri Oct 27 2028 05:30:00 GMT+0530 (India Standard Time),99.9696,6.6297
IN1620210121,06.63 HR SDL 2028,6.63,Fri Oct 27 2028 05:30:00 GMT+0530 (India Standard Time),99.9893,6.6297
IN3120190142,07.22 TN SDL 2028,7.22,Mon Oct 30 2028 05:30:00 GMT+0530 (India Standard Time),101.1551,6.6297
IN1520180176,08.58 GJ SDL 2028,8.58,Tue Oct 31 2028 05:30:00 GMT+0530 (India Standard Time),103.8431,6.6297
IN2920180220,08.57 RJ SDL 2028OCT,8.57,Tue Oct 31 2028 05:30:00 GMT+0530 (India Standard Time),103.8234,6.6297
IN3120180150,08.56 TN SDL 2028,8.56,Tue Oct 31 2028 05:30:00 GMT+0530 (India Standard Time),103.8036,6.6297
IN3320180075,08.66 UP SDL 2028,8.66,Tue Oct 31 2028 05:30:00 GMT+0530 (India Standard Time),104.0013,6.6297
IN1420180094,08.62 GA SDL 2028,8.62,Mon Nov 06 2028 05:30:00 GMT+0530 (India Standard Time),103.9497,6.6297
IN1520180184,08.57 GJ SDL 2028,8.57,Mon Nov 06 2028 05:30:00 GMT+0530 (India Standard Time),103.8502,6.6297
IN2320180028,08.62 MN SDL 2028,8.62,Mon Nov 06 2028 05:30:00 GMT+0530 (India Standard Time),103.9497,6.6297
IN3020180052,08.62 SK SDL 2028,8.62,Mon Nov 06 2028 05:30:00 GMT+0530 (India Standard Time),103.9497,6.6297
IN2920180238,08.60 RJ SDL 2028,8.6,Mon Nov 06 2028 05:30:00 GMT+0530 (India Standard Time),103.9099,6.6297
IN1020190303,07.22 AP SDL 2028NOV,7.22,Mon Nov 06 2028 05:30:00 GMT+0530 (India Standard Time),101.1628,6.6297
IN1920190098,07.23 KA SDL 2028,7.23,Mon Nov 06 2028 05:30:00 GMT+0530 (India Standard Time),101.1827,6.6297
IN1820180082,08.59 JK SDL 2028NOV,8.59,Tue Nov 14 2028 05:30:00 GMT+0530 (India Standard Time),103.9264,6.6297
IN2820180106,08.61 PN SDL 2028,8.61,Tue Nov 14 2028 05:30:00 GMT+0530 (India Standard Time),103.9666,6.6297
IN3620180155,08.56 UK SDL 2028,8.56,Tue Nov 14 2028 05:30:00 GMT+0530 (India Standard Time),103.8661,6.6297
IN3320180083,08.60 UP SDL 2028,8.6,Tue Nov 14 2028 05:30:00 GMT+0530 (India Standard Time),103.9465,6.6297
IN1520180192,08.53 GJ SDL 2028,8.53,Mon Nov 20 2028 05:30:00 GMT+0530 (India Standard Time),103.8324,6.6297
IN2920180246,08.55 RJ SDL 2028,8.55,Mon Nov 20 2028 05:30:00 GMT+0530 (India Standard Time),103.8728,6.6297
IN3820210034,06.62 PY SDL 2028,6.62,Fri Nov 24 2028 05:30:00 GMT+0530 (India Standard Time),99.9669,6.6297
IN2220200314,06.35 MH SDL 2028,6.35,Sat Nov 25 2028 05:30:00 GMT+0530 (India Standard Time),99.4172,6.6297
IN1720180034,08.56 HP SDL 2028,8.56,Tue Nov 28 2028 05:30:00 GMT+0530 (India Standard Time),103.9292,6.6297
IN1820180090,08.56 JK SDL 2028,8.56,Tue Nov 28 2028 05:30:00 GMT+0530 (India Standard Time),103.9292,6.6297
IN1920180081,08.52 KA SDL 2028,8.52,Tue Nov 28 2028 05:30:00 GMT+0530 (India Standard Time),103.8475,6.6297
IN2020180104,08.54 KL SDL 2028,8.54,Tue Nov 28 2028 05:30:00 GMT+0530 (India Standard Time),103.8884,6.6297
IN2420180027,08.55 ML SDL 2028,8.55,Tue Nov 28 2028 05:30:00 GMT+0530 (India Standard Time),103.9088,6.6297
IN3120180168,08.53 TN SDL 2028,8.53,Tue Nov 28 2028 05:30:00 GMT+0530 (India Standard Time),103.868,6.6297
IN3620180163,08.55 UK SDL 2028,8.55,Tue Nov 28 2028 05:30:00 GMT+0530 (India Standard Time),103.9088,6.6297
IN1520180200,08.50 GJ SDL 2028,8.5,Tue Nov 28 2028 05:30:00 GMT+0530 (India Standard Time),103.8069,6.6296
IN1020220589,07.50 AP SGS 2028,7.5,Thu Nov 30 2028 05:30:00 GMT+0530 (India Standard Time),101.7682,6.6297
IN1020200474,06.40 AP SDL 2028,6.4,Sat Dec 02 2028 05:30:00 GMT+0530 (India Standard Time),99.5151,6.6297
IN1020190386,07.18 AP SDL 2028,7.18,Mon Dec 04 2028 05:30:00 GMT+0530 (India Standard Time),101.1182,6.6297
IN3820190046,07.21 PY SDL 2028,7.21,Mon Dec 04 2028 05:30:00 GMT+0530 (India Standard Time),101.1799,6.6297
IN3120240400,06.96 TN SGS 2028,6.96,Mon Dec 04 2028 05:30:00 GMT+0530 (India Standard Time),100.6658,6.6297
IN2020180112,08.38 KL SDL 2028,8.38,Tue Dec 05 2028 05:30:00 GMT+0530 (India Standard Time),103.5904,6.6297
IN2120180095,08.37 MP SDL 2028,8.37,Tue Dec 05 2028 05:30:00 GMT+0530 (India Standard Time),103.5698,6.6297
IN2820180114,08.43 PN SDL 2028,8.43,Tue Dec 05 2028 05:30:00 GMT+0530 (India Standard Time),103.6934,6.6297
IN2920180253,08.38 RJ SDL 2028,8.38,Tue Dec 05 2028 05:30:00 GMT+0530 (India Standard Time),103.5904,6.6297
IN3120180176,08.37 TN SDL 2028DEC,8.37,Tue Dec 05 2028 05:30:00 GMT+0530 (India Standard Time),103.5698,6.6297
IN3720180030,08.40 JH SDL 2028,8.4,Tue Dec 05 2028 05:30:00 GMT+0530 (India Standard Time),103.6316,6.6297
IN1420180102,08.36 GA SDL 2028,8.36,Tue Dec 12 2028 05:30:00 GMT+0530 (India Standard Time),103.5779,6.6297
IN1520180218,08.32 GJ SDL 2028,8.32,Tue Dec 12 2028 05:30:00 GMT+0530 (India Standard Time),103.4949,6.6297
IN3720180048,08.35 JH SDL 2028,8.35,Tue Dec 12 2028 05:30:00 GMT+0530 (India Standard Time),103.5572,6.6297
IN2920180261,08.36 RJ SDL 2028,8.36,Tue Dec 12 2028 05:30:00 GMT+0530 (India Standard Time),103.5779,6.6297
IN3120180184,08.36 TN SDL 2028,8.36,Tue Dec 12 2028 05:30:00 GMT+0530 (India Standard Time),103.575,6.6311
IN3620180171,08.38 UK SDL 2028,8.38,Tue Dec 12 2028 05:30:00 GMT+0530 (India Standard Time),103.6195,6.6297
IN2420180035,08.40 ML SDL 2028,8.4,Tue Dec 12 2028 05:30:00 GMT+0530 (India Standard Time),103.661,6.6297
IN3120240434,06.97 TN SGS 2028,6.97,Mon Dec 18 2028 05:30:00 GMT+0530 (India Standard Time),100.6979,6.6297
IN1420180110,08.21 GA SDL 2028,8.21,Tue Dec 19 2028 05:30:00 GMT+0530 (India Standard Time),103.293,6.6297
IN1520180226,08.17 GJ SDL 2028,8.17,Tue Dec 19 2028 05:30:00 GMT+0530 (India Standard Time),103.2093,6.6297
IN2020180120,08.19 KL SDL 2028,8.19,Tue Dec 19 2028 05:30:00 GMT+0530 (India Standard Time),103.2511,6.6297
IN2620180033,08.19 NL SDL 2028,8.19,Tue Dec 19 2028 05:30:00 GMT+0530 (India Standard Time),103.2511,6.6297
IN3120180192,08.18 TN SDL 2028,8.18,Tue Dec 19 2028 05:30:00 GMT+0530 (India Standard Time),103.2302,6.6297
IN3620180189,08.19 UK SDL 2028,8.19,Tue Dec 19 2028 05:30:00 GMT+0530 (India Standard Time),103.2511,6.6297
IN3320180091,08.19 UP SDL 2028,8.19,Tue Dec 19 2028 05:30:00 GMT+0530 (India Standard Time),103.2511,6.6297
IN1220230156,07.54 AS SGS 2028,7.54,Wed Dec 20 2028 05:30:00 GMT+0530 (India Standard Time),101.8935,6.6297
IN1520180234,08.08 GJ SDL 2028,8.08,Tue Dec 26 2028 05:30:00 GMT+0530 (India Standard Time),103.0454,6.6297
IN1920180115,08.08 KA SDL 2028,8.08,Tue Dec 26 2028 05:30:00 GMT+0530 (India Standard Time),103.0454,6.6297
IN2220180052,08.08 MH SDL 2028,8.08,Tue Dec 26 2028 05:30:00 GMT+0530 (India Standard Time),102.9596,6.6696
IN2320180036,08.09 MN SDL 2028,8.09,Tue Dec 26 2028 05:30:00 GMT+0530 (India Standard Time),103.0665,6.6297
IN2420180043,08.09 ML SDL 2028,8.09,Tue Dec 26 2028 05:30:00 GMT+0530 (India Standard Time),103.0665,6.6297
IN2920180279,08.09 RJ SDL 2028,8.09,Tue Dec 26 2028 05:30:00 GMT+0530 (India Standard Time),103.0665,6.6297
IN3120180200,08.08 TN SDL 2028,8.08,Tue Dec 26 2028 05:30:00 GMT+0530 (India Standard Time),103.0454,6.6297
IN3220180043,08.09 TR SDL 2028,8.09,Tue Dec 26 2028 05:30:00 GMT+0530 (India Standard Time),103.0665,6.6297
IN3320180109,08.08 UP SDL 2028,8.08,Tue Dec 26 2028 05:30:00 GMT+0530 (India Standard Time),103.0454,6.6297
IN1520180242,08.25 GJ SDL 2029,8.25,Tue Jan 02 2029 05:30:00 GMT+0530 (India Standard Time),102.2847,7.1593
IN2220180060,08.26 MH SDL 2029,8.26,Tue Jan 02 2029 05:30:00 GMT+0530 (India Standard Time),102.3057,7.1593
IN2820180122,08.34 PN SDL 2029,8.34,Tue Jan 02 2029 05:30:00 GMT+0530 (India Standard Time),102.4743,7.1593
IN2920180287,08.27 RJ SDL 2029,8.27,Tue Jan 02 2029 05:30:00 GMT+0530 (India Standard Time),102.3268,7.1593
IN3120180218,08.25 TN SDL 2029,8.25,Tue Jan 02 2029 05:30:00 GMT+0530 (India Standard Time),102.2847,7.1593
IN3620180197,08.23 UK SDL 2029,8.23,Tue Jan 02 2029 05:30:00 GMT+0530 (India Standard Time),102.2425,7.1593
IN3320180117,08.29 UP SDL 2029,8.29,Tue Jan 02 2029 05:30:00 GMT+0530 (India Standard Time),102.369,7.1593
IN1620220344,07.50 HR SGS 2029,7.5,Thu Jan 04 2029 05:30:00 GMT+0530 (India Standard Time),100.7057,7.1593
IN1320180012,08.27 BR SDL 2029,8.27,Tue Jan 09 2029 05:30:00 GMT+0530 (India Standard Time),102.3458,7.1593
IN1520180259,08.27 GJ SDL 2029,8.27,Tue Jan 09 2029 05:30:00 GMT+0530 (India Standard Time),102.3458,7.1593
IN1920180123,08.28 KA SDL 2029,8.28,Tue Jan 09 2029 05:30:00 GMT+0530 (India Standard Time),102.367,7.1593
IN3020180060,08.27 SK SDL 2029,8.27,Tue Jan 09 2029 05:30:00 GMT+0530 (India Standard Time),102.3458,7.1593
IN3220180050,08.27 TR SDL 2029,8.27,Tue Jan 09 2029 05:30:00 GMT+0530 (India Standard Time),102.3458,7.1593
IN3620180205,08.32 UK SDL 2029,8.32,Tue Jan 09 2029 05:30:00 GMT+0530 (India Standard Time),102.452,7.1593
IN1720180042,08.30 HP SDL 2029,8.3,Tue Jan 09 2029 05:30:00 GMT+0530 (India Standard Time),102.4095,7.1593
IN1220230164,07.53 AS SGS 2029,7.53,Wed Jan 10 2029 05:30:00 GMT+0530 (India Standard Time),100.775,7.1593
IN1020220613,07.54 AP SGS 2029,7.54,Thu Jan 11 2029 05:30:00 GMT+0530 (India Standard Time),100.7973,7.1593
IN1320180020,08.21 BR SDL 2029,8.21,Tue Jan 16 2029 05:30:00 GMT+0530 (India Standard Time),102.2366,7.1593
IN1920180131,08.17 KA SDL 2029,8.17,Tue Jan 16 2029 05:30:00 GMT+0530 (India Standard Time),102.151,7.1593
IN3320180125,08.22 UP SDL 2029,8.22,Tue Jan 16 2029 05:30:00 GMT+0530 (India Standard Time),102.258,7.1593
IN1420180128,08.22 GA SDL 2029,8.22,Tue Jan 23 2029 05:30:00 GMT+0530 (India Standard Time),102.2765,7.1593
IN1920180149,08.19 KA SDL 2029,8.19,Tue Jan 23 2029 05:30:00 GMT+0530 (India Standard Time),102.2118,7.1593
IN3420180124,08.21 WB SDL 2029,8.21,Tue Jan 23 2029 05:30:00 GMT+0530 (India Standard Time),102.255,7.1593
IN1320180038,08.20 BR SDL 2029,8.2,Tue Jan 23 2029 05:30:00 GMT+0530 (India Standard Time),102.2334,7.1593
IN1220180211,08.19 AS SDL 2029,8.19,Tue Jan 30 2029 05:30:00 GMT+0530 (India Standard Time),102.2301,7.1593
IN1320180046,08.18 BR SDL 2029,8.18,Tue Jan 30 2029 05:30:00 GMT+0530 (India Standard Time),102.2084,7.1593
IN1520180267,08.16 GJ SDL 2029,8.16,Tue Jan 30 2029 05:30:00 GMT+0530 (India Standard Time),102.1649,7.1593
IN2920180295,08.17 RJ SDL 2029,8.17,Tue Jan 30 2029 05:30:00 GMT+0530 (India Standard Time),102.1867,7.1593
IN3320180133,08.18 UP SDL 2029,8.18,Tue Jan 30 2029 05:30:00 GMT+0530 (India Standard Time),102.2084,7.1593
IN1820180108,08.20 JK SDL 2029,8.2,Tue Jan 30 2029 05:30:00 GMT+0530 (India Standard Time),102.2518,7.1593
IN1620210147,06.96 HR SDL 2029,6.96,Fri Feb 02 2029 05:30:00 GMT+0530 (India Standard Time),99.5568,7.1593
IN1920180164,08.32 KA SDL 2029,8.32,Tue Feb 06 2029 05:30:00 GMT+0530 (India Standard Time),102.5302,7.1593
IN2920180303,08.32 RJ SDL 2029,8.32,Tue Feb 06 2029 05:30:00 GMT+0530 (India Standard Time),102.5302,7.1593
IN1220180229,08.34 AS SDL 2029,8.34,Tue Feb 06 2029 05:30:00 GMT+0530 (India Standard Time),102.574,7.1593
IN3320180141,08.34 UP SDL 2029,8.34,Tue Feb 06 2029 05:30:00 GMT+0530 (India Standard Time),102.574,7.1593
IN2020180138,08.35 KL SDL 2029,8.35,Tue Feb 06 2029 05:30:00 GMT+0530 (India Standard Time),102.5959,7.1593
IN1320180053,08.36 BR SDL 2029,8.36,Tue Feb 06 2029 05:30:00 GMT+0530 (India Standard Time),102.6177,7.1593
IN3720180055,08.36 JH SDL 2029,8.36,Tue Feb 06 2029 05:30:00 GMT+0530 (India Standard Time),102.6177,7.1593
IN1420180136,08.38 GA SDL 2029,8.38,Tue Feb 06 2029 05:30:00 GMT+0530 (India Standard Time),102.6615,7.1593
IN1820180116,08.38 JK SDL 2029,8.38,Tue Feb 06 2029 05:30:00 GMT+0530 (India Standard Time),102.6615,7.1593
IN2320180044,08.38 MN SDL 2029,8.38,Tue Feb 06 2029 05:30:00 GMT+0530 (India Standard Time),102.6615,7.1593
IN2820180130,08.38 PN SDL 2029,8.38,Tue Feb 06 2029 05:30:00 GMT+0530 (India Standard Time),102.6615,7.1593
IN3220180068,08.38 TR SDL 2029,8.38,Tue Feb 06 2029 05:30:00 GMT+0530 (India Standard Time),102.6615,7.1593
IN1520180275,08.30 GJ SDL 2029,8.3,Tue Feb 06 2029 05:30:00 GMT+0530 (India Standard Time),102.4865,7.1593
IN1020230752,07.39 AP SGS 2029,7.39,Wed Feb 07 2029 05:30:00 GMT+0530 (India Standard Time),100.4971,7.1593
IN2220210289,06.99 MH SDL 2029,6.99,Fri Feb 09 2029 05:30:00 GMT+0530 (India Standard Time),99.6211,7.1593
IN2520210062,07.05 MZ SDL 2029,7.05,Fri Feb 09 2029 05:30:00 GMT+0530 (India Standard Time),99.7527,7.1593
IN1520180283,08.28 GJ SDL 2029,8.28,Tue Feb 13 2029 05:30:00 GMT+0530 (India Standard Time),102.4629,7.1593
IN3720180063,08.31 JH SDL 2029,8.31,Tue Feb 13 2029 05:30:00 GMT+0530 (India Standard Time),102.529,7.1593
IN2020180146,08.31 KL SDL 2029,8.31,Tue Feb 13 2029 05:30:00 GMT+0530 (India Standard Time),102.529,7.1593
IN3320180158,08.32 UP SDL 2029,8.32,Tue Feb 13 2029 05:30:00 GMT+0530 (India Standard Time),102.551,7.1593
IN3520230142,07.43 CG SGS 2029,7.43,Wed Feb 14 2029 05:30:00 GMT+0530 (India Standard Time),100.5909,7.1593
IN1220210224,06.85 AS SDL 2029,6.85,Fri Feb 16 2029 05:30:00 GMT+0530 (India Standard Time),99.3107,7.1593
IN1420180144,08.36 GA SDL 2029,8.36,Tue Feb 20 2029 05:30:00 GMT+0530 (India Standard Time),102.6607,7.1593
IN1520180291,08.28 GJ SDL 2029FEB,8.28,Tue Feb 20 2029 05:30:00 GMT+0530 (India Standard Time),102.4832,7.1593
IN1820180124,08.37 JK SDL 2029,8.37,Tue Feb 20 2029 05:30:00 GMT+0530 (India Standard Time),102.6829,7.1593
IN2620180041,08.37 NL SDL 2029,8.37,Tue Feb 20 2029 05:30:00 GMT+0530 (India Standard Time),102.6829,7.1593
IN3820180062,08.37 PY SDL 2029,8.37,Tue Feb 20 2029 05:30:00 GMT+0530 (India Standard Time),102.6829,7.1593
IN3420180157,08.35 WB SDL 2029,8.35,Tue Feb 20 2029 05:30:00 GMT+0530 (India Standard Time),102.6385,7.1593
IN1920180172,08.30 KA SDL 2029,8.3,Tue Feb 20 2029 05:30:00 GMT+0530 (India Standard Time),102.5275,7.1593
IN3520230183,07.44 CG SGS 2029,7.44,Wed Feb 21 2029 05:30:00 GMT+0530 (India Standard Time),100.6195,7.1593
IN3520200111,07.08 CG SDL 2029,7.08,Sat Feb 24 2029 05:30:00 GMT+0530 (India Standard Time),99.8199,7.1593
IN3120250730,06.54 TN SGS 2029,6.54,Sun Feb 25 2029 05:30:00 GMT+0530 (India Standard Time),98.6151,7.1593
IN1520180309,08.38 GJ SDL 2029,8.38,Tue Feb 27 2029 05:30:00 GMT+0530 (India Standard Time),102.7272,7.1593
IN1720180059,08.43 HP SDL 2029,8.43,Tue Feb 27 2029 05:30:00 GMT+0530 (India Standard Time),102.839,7.1593
IN3720180071,08.44 JH SDL 2029,8.44,Tue Feb 27 2029 05:30:00 GMT+0530 (India Standard Time),102.8614,7.1593
IN1920180180,08.34 KA SDL 2029,8.34,Tue Feb 27 2029 05:30:00 GMT+0530 (India Standard Time),102.6378,7.1593
IN2420180050,08.43 ML SDL 2029,8.43,Tue Feb 27 2029 05:30:00 GMT+0530 (India Standard Time),102.839,7.1593
IN2920180311,08.44 RJ SDL 2029,8.44,Tue Feb 27 2029 05:30:00 GMT+0530 (India Standard Time),102.8614,7.1593
IN3320180166,08.45 UP SDL 2029,8.45,Tue Feb 27 2029 05:30:00 GMT+0530 (India Standard Time),102.8838,7.1593
IN3420180165,08.44 WB SDL 2029,8.44,Tue Feb 27 2029 05:30:00 GMT+0530 (India Standard Time),102.8614,7.1593
IN1620200163,07.02 HR SDL 2029,7.02,Sat Mar 03 2029 05:30:00 GMT+0530 (India Standard Time),99.6862,7.1593
IN2220200355,07.04 MH SDL 2029,7.04,Sat Mar 03 2029 05:30:00 GMT+0530 (India Standard Time),99.7312,7.1593
IN1220180245,08.45 AS SDL 2029,8.45,Tue Mar 06 2029 05:30:00 GMT+0530 (India Standard Time),102.9123,7.1593
IN1320180061,08.44 BR SDL 2029,8.44,Tue Mar 06 2029 05:30:00 GMT+0530 (India Standard Time),102.8897,7.1593
IN1520180317,08.35 GJ SDL 2029,8.35,Tue Mar 06 2029 05:30:00 GMT+0530 (India Standard Time),102.6866,7.1593
IN1820180132,08.44 JK SDL 2029,8.44,Tue Mar 06 2029 05:30:00 GMT+0530 (India Standard Time),102.8897,7.1593
IN3720180089,08.43 JH SDL 2029,8.43,Tue Mar 06 2029 05:30:00 GMT+0530 (India Standard Time),102.8672,7.1593
IN2320180051,08.43 MN SDL 2029,8.43,Tue Mar 06 2029 05:30:00 GMT+0530 (India Standard Time),102.8672,7.1593
IN2920180329,08.41 RJ SDL 2029,8.41,Tue Mar 06 2029 05:30:00 GMT+0530 (India Standard Time),102.822,7.1593
IN3120180226,08.37 TN SDL 2029,8.37,Tue Mar 06 2029 05:30:00 GMT+0530 (India Standard Time),102.7318,7.1593
IN3320180174,08.43 UP SDL 2029,8.43,Tue Mar 06 2029 05:30:00 GMT+0530 (India Standard Time),102.8672,7.1593
IN1020220720,07.70 AP SGS 2029,7.7,Thu Mar 08 2029 05:30:00 GMT+0530 (India Standard Time),101.2214,7.1593
IN2120210066,07.08 MP SDL 2029,7.08,Fri Mar 09 2029 05:30:00 GMT+0530 (India Standard Time),99.8188,7.1593
IN2220200363,07.02 MH SDL 2029,7.02,Sat Mar 10 2029 05:30:00 GMT+0530 (India Standard Time),99.6823,7.1593
IN1720190173,06.95 HP SDL 2029,6.95,Sun Mar 11 2029 05:30:00 GMT+0530 (India Standard Time),99.5229,7.1593
IN3120250797,06.64 TN SGS 2029,6.64,Sun Mar 11 2029 05:30:00 GMT+0530 (India Standard Time),98.8198,7.1593
IN3120240640,07.00 TN SGS 2029 12 MAR,7,Mon Mar 12 2029 05:30:00 GMT+0530 (India Standard Time),99.6356,7.1593
IN1320180079,08.39 BR SDL 2029,8.39,Tue Mar 13 2029 05:30:00 GMT+0530 (India Standard Time),102.7939,7.1593
IN1420180151,08.43 GA SDL 2029,8.43,Tue Mar 13 2029 05:30:00 GMT+0530 (India Standard Time),102.8848,7.1593
IN1920180206,08.32 KA SDL 2029MAR,8.32,Tue Mar 13 2029 05:30:00 GMT+0530 (India Standard Time),102.6348,7.1593
IN2020180161,08.35 KL SDL 2029MAR,8.35,Tue Mar 13 2029 05:30:00 GMT+0530 (India Standard Time),102.703,7.1593
IN2420180068,08.42 ML SDL 2029,8.42,Tue Mar 13 2029 05:30:00 GMT+0530 (India Standard Time),102.8621,7.1593
IN3320180182,08.39 UP SDL 2029,8.39,Tue Mar 13 2029 05:30:00 GMT+0530 (India Standard Time),102.7939,7.1593
IN3620180213,08.41 UK SDL 2029,8.41,Tue Mar 13 2029 05:30:00 GMT+0530 (India Standard Time),102.8393,7.1593
IN3420180181,08.39 WB SDL 2029,8.39,Tue Mar 13 2029 05:30:00 GMT+0530 (India Standard Time),102.7939,7.1593
IN1520180325,08.30 GJ SDL 2029MAR,8.3,Tue Mar 13 2029 05:30:00 GMT+0530 (India Standard Time),102.5894,7.1593
IN2920180337,08.40 RJ SDL 2029,8.4,Tue Mar 13 2029 05:30:00 GMT+0530 (India Standard Time),102.8166,7.1593
IN3520200129,07.06 CG SDL 2029,7.06,Sat Mar 17 2029 05:30:00 GMT+0530 (India Standard Time),99.7692,7.1593
IN1620190190,07.24 HR SDL 2029,7.24,Sun Mar 18 2029 05:30:00 GMT+0530 (India Standard Time),100.1798,7.1593
IN1120180022,08.17 AR SDL 2029,8.17,Tue Mar 20 2029 05:30:00 GMT+0530 (India Standard Time),102.3077,7.1593
IN1520180333,08.14 GJ SDL 2029,8.14,Tue Mar 20 2029 05:30:00 GMT+0530 (India Standard Time),102.239,7.1593
IN1920180214,08.16 KA SDL 2029,8.16,Tue Mar 20 2029 05:30:00 GMT+0530 (India Standard Time),102.2848,7.1593
IN2620180058,08.17 NL SDL 2029,8.17,Tue Mar 20 2029 05:30:00 GMT+0530 (India Standard Time),102.3077,7.1593
IN2820180155,08.23 PN SDL 2029,8.23,Tue Mar 20 2029 05:30:00 GMT+0530 (India Standard Time),102.445,7.1593
IN3020180078,08.21 SK SDL 2029,8.21,Tue Mar 20 2029 05:30:00 GMT+0530 (India Standard Time),102.3992,7.1593
IN1620210196,07.09 HR SDL 2029,7.09,Fri Mar 23 2029 05:30:00 GMT+0530 (India Standard Time),99.835,7.1593
IN1620220450,07.66 HR SGS 2029,7.66,Fri Mar 23 2029 05:30:00 GMT+0530 (India Standard Time),101.1431,7.1593
IN2220190143,07.78 MH SDL 2029,7.78,Sat Mar 24 2029 05:30:00 GMT+0530 (India Standard Time),101.4197,7.1593
IN3520200137,06.94 CG SDL 2029,6.94,Sat Mar 24 2029 05:30:00 GMT+0530 (India Standard Time),99.49,7.1593
IN1420180169,08.08 GA SDL 2029,8.08,Tue Mar 27 2029 05:30:00 GMT+0530 (India Standard Time),102.1142,7.1593
IN1520180341,08.05 GJ SDL 2029,8.05,Tue Mar 27 2029 05:30:00 GMT+0530 (India Standard Time),102.0451,7.1593
IN1920180222,08.06 KA SDL 2029,8.06,Tue Mar 27 2029 05:30:00 GMT+0530 (India Standard Time),102.0673,7.1597
IN2320180069,08.09 MN SDL 2029,8.09,Tue Mar 27 2029 05:30:00 GMT+0530 (India Standard Time),102.1373,7.1593
IN2420180076,08.09 ML SDL 2029,8.09,Tue Mar 27 2029 05:30:00 GMT+0530 (India Standard Time),102.1373,7.1593
IN3620180221,08.08 UK SDL 2029,8.08,Tue Mar 27 2029 05:30:00 GMT+0530 (India Standard Time),102.1142,7.1593
IN3420180207,08.10 WB SDL 2029,8.1,Tue Mar 27 2029 05:30:00 GMT+0530 (India Standard Time),102.1603,7.1593
IN2920210555,07.13 RJ SDL 2029 30 MAR,7.13,Fri Mar 30 2029 05:30:00 GMT+0530 (India Standard Time),99.9245,7.1593
IN2120190235,07.35 MP SDL 2029,7.35,Sat Mar 31 2029 05:30:00 GMT+0530 (India Standard Time),100.4328,7.1593
IN1020230018,07.60 AP SGS 2029,7.6,Fri Apr 06 2029 05:30:00 GMT+0530 (India Standard Time),101.015,7.1593
IN1520200016,07.73 GJ SDL 2029,7.73,Sun Apr 08 2029 05:30:00 GMT+0530 (India Standard Time),101.3193,7.1593
IN2220220015,07.11 MH SDL 2029 08 APR,7.11,Sun Apr 08 2029 05:30:00 GMT+0530 (India Standard Time),99.8755,7.1593
IN2920190013,08.12 RJ SDL 2029,8.12,Tue Apr 10 2029 05:30:00 GMT+0530 (India Standard Time),102.2313,7.1593
IN1520190019,08.14 GJ SDL 2029APR,8.14,Tue Apr 10 2029 05:30:00 GMT+0530 (India Standard Time),102.278,7.1593
IN3120190019,08.16 TN SDL 2029,8.16,Tue Apr 10 2029 05:30:00 GMT+0530 (India Standard Time),102.3247,7.1593
IN2020190012,08.17 KL SDL 2029,8.17,Tue Apr 10 2029 05:30:00 GMT+0530 (India Standard Time),102.348,7.1593
IN3620190014,08.19 UK SDL 2029,8.19,Tue Apr 10 2029 05:30:00 GMT+0530 (India Standard Time),102.3947,7.1593
IN1820190016,08.22 JK SDL 2029,8.22,Tue Apr 10 2029 05:30:00 GMT+0530 (India Standard Time),102.4647,7.1593
IN2520190017,08.22 MZ SDL 2029,8.22,Tue Apr 10 2029 05:30:00 GMT+0530 (India Standard Time),102.4647,7.1593
IN1120190013,08.23 AR SDL 2029,8.23,Tue Apr 10 2029 05:30:00 GMT+0530 (India Standard Time),102.488,7.1593
IN3120200024,07.50 TN SDL 2029,7.5,Sun Apr 15 2029 05:30:00 GMT+0530 (India Standard Time),100.7876,7.1593
IN1420190010,08.15 GA SDL 2029,8.15,Mon Apr 16 2029 05:30:00 GMT+0530 (India Standard Time),102.3135,7.1593
IN2620190016,08.15 NL SDL 2029,8.15,Mon Apr 16 2029 05:30:00 GMT+0530 (India Standard Time),102.3135,7.1593
IN2920190021,08.15 RJ SDL 2029,8.15,Mon Apr 16 2029 05:30:00 GMT+0530 (India Standard Time),102.3135,7.1593
IN2020190020,08.18 KL SDL 2029,8.18,Mon Apr 16 2029 05:30:00 GMT+0530 (India Standard Time),102.3839,7.1593
IN3620240017,07.50 UK SGS 2029,7.5,Wed Apr 18 2029 05:30:00 GMT+0530 (India Standard Time),100.7894,7.1593
IN2020190038,08.16 KL SDL 2029,8.16,Tue Apr 24 2029 05:30:00 GMT+0530 (India Standard Time),102.3536,7.1593
IN2320190019,08.16 MN SDL 2029,8.16,Tue Apr 24 2029 05:30:00 GMT+0530 (India Standard Time),102.3536,7.1593
IN1520190035,08.17 GJ SDL 2029,8.17,Tue Apr 24 2029 05:30:00 GMT+0530 (India Standard Time),102.3772,7.1593
IN1820190024,08.17 JK SDL 2029,8.17,Tue Apr 24 2029 05:30:00 GMT+0530 (India Standard Time),102.3772,7.1593
IN1620230020,07.39 HR SGS 2029,7.39,Thu Apr 26 2029 05:30:00 GMT+0530 (India Standard Time),100.5336,7.1593
IN1720200071,06.45 HP SDL 2029,6.45,Sat Apr 28 2029 05:30:00 GMT+0530 (India Standard Time),98.3032,7.1593
IN3620260015,07.08 UK SGS 2029,7.08,Sun Apr 29 2029 05:30:00 GMT+0530 (India Standard Time),99.7982,7.1593
IN1720190025,08.12 HP SDL 2029,8.12,Thu May 03 2029 05:30:00 GMT+0530 (India Standard Time),102.2772,7.1593
IN2020190046,08.06 KL SDL 2029,8.06,Tue May 08 2029 05:30:00 GMT+0530 (India Standard Time),102.1436,7.1593
IN2920190039,08.07 RJ SDL 2029,8.07,Tue May 08 2029 05:30:00 GMT+0530 (India Standard Time),102.1676,7.1593
IN1020230075,07.34 AP SGS 2029,7.34,Thu May 10 2029 05:30:00 GMT+0530 (India Standard Time),100.4191,7.1593
IN2220220031,07.61 MH SDL 2029,7.61,Fri May 11 2029 05:30:00 GMT+0530 (India Standard Time),101.0682,7.1593
IN1620220047,07.63 HR SDL 2029,7.63,Fri May 11 2029 05:30:00 GMT+0530 (India Standard Time),101.1162,7.1593
IN2020190053,08.01 KL SDL 2029,8.01,Tue May 15 2029 05:30:00 GMT+0530 (India Standard Time),102.0366,7.1593
IN2920190047,08.01 RJ SDL 2029,8.01,Tue May 15 2029 05:30:00 GMT+0530 (India Standard Time),102.0366,7.1593
IN1520200032,06.60 GJ SDL 2029,6.6,Sun May 20 2029 05:30:00 GMT+0530 (India Standard Time),98.6295,7.1593
IN1420190028,07.94 GA SDL 2029,7.94,Tue May 22 2029 05:30:00 GMT+0530 (India Standard Time),101.8797,7.1593
IN1820190032,07.94 JK SDL 2029,7.94,Tue May 22 2029 05:30:00 GMT+0530 (India Standard Time),101.8797,7.1593
IN1720200097,06.53 HP SDL 2029,6.53,Fri May 25 2029 05:30:00 GMT+0530 (India Standard Time),98.4526,7.1593
IN2020190061,07.78 KL SDL 2029,7.78,Tue May 29 2029 05:30:00 GMT+0530 (India Standard Time),101.5008,7.1593
IN3120240061,07.34 TN SGS 2029,7.34,Tue May 29 2029 05:30:00 GMT+0530 (India Standard Time),100.4258,7.1593
IN1020180106,08.34 AP SDL 2029,8.34,Wed May 30 2029 05:30:00 GMT+0530 (India Standard Time),102.8717,7.1593
IN1620230061,07.29 HR SGS 2029,7.29,Thu May 31 2029 05:30:00 GMT+0530 (India Standard Time),100.3039,7.1593
IN1520200057,06.57 GJ SDL 2029,6.57,Sun Jun 03 2029 05:30:00 GMT+0530 (India Standard Time),98.5392,7.1593
IN1820190040,07.59 JK SDL 2029,7.59,Mon Jun 04 2029 05:30:00 GMT+0530 (India Standard Time),101.0414,7.1593
IN2020190079,07.59 KL SDL 2029,7.59,Mon Jun 04 2029 05:30:00 GMT+0530 (India Standard Time),101.0414,7.1593
IN2120190011,07.59 MP SDL 2029,7.59,Mon Jun 04 2029 05:30:00 GMT+0530 (India Standard Time),101.0414,7.1593
IN2920190054,07.59 RJ SDL 2029,7.59,Mon Jun 04 2029 05:30:00 GMT+0530 (India Standard Time),101.0414,7.1593
IN3020190010,07.59 SK SDL 2029,7.59,Mon Jun 04 2029 05:30:00 GMT+0530 (India Standard Time),101.0414,7.1593
IN2820190014,07.60 PN SDL 2029,7.6,Mon Jun 04 2029 05:30:00 GMT+0530 (India Standard Time),101.0659,7.1593
IN1720230011,07.26 HP SGS 2029,7.26,Thu Jun 07 2029 05:30:00 GMT+0530 (India Standard Time),100.2321,7.1593
IN1520190050,07.60 GJ SDL 2029,7.6,Tue Jun 12 2029 05:30:00 GMT+0530 (India Standard Time),101.074,7.1593
IN1420190036,07.61 GA SDL 2029,7.61,Tue Jun 12 2029 05:30:00 GMT+0530 (India Standard Time),101.0987,7.1593
IN2120190029,07.61 MP SDL 2029,7.61,Tue Jun 12 2029 05:30:00 GMT+0530 (India Standard Time),101.0987,7.1593
IN2920190062,07.61 RJ SDL 2029,7.61,Tue Jun 12 2029 05:30:00 GMT+0530 (India Standard Time),101.0987,7.1593
IN1020170032,07.16 AP SDL 2029,7.16,Thu Jun 14 2029 05:30:00 GMT+0530 (India Standard Time),99.9862,7.1593
IN2320190027,07.22 MN SDL 2029,7.22,Thu Jun 21 2029 05:30:00 GMT+0530 (India Standard Time),100.1361,7.1593
IN3120200156,06.60 TN SDL 2029,6.6,Sun Jun 24 2029 05:30:00 GMT+0530 (India Standard Time),98.5871,7.1593
IN1020190105,07.31 AP SDL 2029,7.31,Tue Jun 26 2029 05:30:00 GMT+0530 (India Standard Time),100.3626,7.1593
IN1120190021,07.31 AR SDL 2029,7.31,Tue Jun 26 2029 05:30:00 GMT+0530 (India Standard Time),100.3626,7.1593
IN1420190044,07.31 GA SDL 2029,7.31,Tue Jun 26 2029 05:30:00 GMT+0530 (India Standard Time),100.3626,7.1593
IN1520190068,07.31 GJ SDL 2029,7.31,Tue Jun 26 2029 05:30:00 GMT+0530 (India Standard Time),100.3626,7.1593
IN2020190087,07.31 KL SDL 2029,7.31,Tue Jun 26 2029 05:30:00 GMT+0530 (India Standard Time),100.3626,7.1593
IN2920190070,07.31 RJ SDL 2029,7.31,Tue Jun 26 2029 05:30:00 GMT+0530 (India Standard Time),100.3626,7.1593
IN3420190016,07.32 WB SDL 2029,7.32,Tue Jun 26 2029 05:30:00 GMT+0530 (India Standard Time),100.3876,7.1593
IN2220170038,07.18 MH SDL 2029,7.18,Thu Jun 28 2029 05:30:00 GMT+0530 (India Standard Time),100.0373,7.1593
IN1820190057,07.28 JK SDL 2029,7.28,Tue Jul 03 2029 05:30:00 GMT+0530 (India Standard Time),100.2901,7.1593
IN2020190095,07.28 KL SDL 2029,7.28,Tue Jul 03 2029 05:30:00 GMT+0530 (India Standard Time),100.2901,7.1593
IN2820190022,07.28 PN SDL 2029,7.28,Tue Jul 03 2029 05:30:00 GMT+0530 (India Standard Time),100.2901,7.1593
IN2920190104,07.28 RJ SDL 2029,7.28,Tue Jul 03 2029 05:30:00 GMT+0530 (India Standard Time),100.2901,7.1593
IN3120190043,07.28 TN SDL 2029,7.28,Tue Jul 03 2029 05:30:00 GMT+0530 (India Standard Time),100.2901,7.1593
IN1520220048,07.65 GJ SDL 2029,7.65,Fri Jul 06 2029 05:30:00 GMT+0530 (India Standard Time),101.226,7.1593
IN3120220063,07.65 TN SDL 2029,7.65,Fri Jul 06 2029 05:30:00 GMT+0530 (India Standard Time),101.226,7.1593
IN1520200081,06.44 GJ SDL 2029,6.44,Sun Jul 08 2029 05:30:00 GMT+0530 (India Standard Time),98.166,7.1593
IN1420190051,07.13 GA SDL 2029,7.13,Tue Jul 10 2029 05:30:00 GMT+0530 (India Standard Time),99.9125,7.1593
IN1720190033,07.13 HP SDL 2029,7.13,Tue Jul 10 2029 05:30:00 GMT+0530 (India Standard Time),99.9125,7.1593
IN2020190103,07.13 KL SDL 2029,7.13,Tue Jul 10 2029 05:30:00 GMT+0530 (India Standard Time),99.9125,7.1593
IN2420190018,07.13 ML SDL 2029,7.13,Tue Jul 10 2029 05:30:00 GMT+0530 (India Standard Time),99.9125,7.1593
IN2120190037,07.13 MP SDL 2029,7.13,Tue Jul 10 2029 05:30:00 GMT+0530 (India Standard Time),99.9125,7.1593
IN1320190011,07.14 BR SDL 2029,7.14,Tue Jul 10 2029 05:30:00 GMT+0530 (India Standard Time),99.9379,7.1593
IN1220190012,06.90 AS SDL 2029,6.9,Tue Jul 17 2029 05:30:00 GMT+0530 (India Standard Time),99.3263,7.1593
IN1320190029,06.90 BR SDL 2029,6.9,Tue Jul 17 2029 05:30:00 GMT+0530 (India Standard Time),99.3263,7.1593
IN1820190065,06.90 JK SDL 2029,6.9,Tue Jul 17 2029 05:30:00 GMT+0530 (India Standard Time),99.3263,7.1593
IN1920190015,06.90 KA SDL 2029,6.9,Tue Jul 17 2029 05:30:00 GMT+0530 (India Standard Time),99.3263,7.1593
IN3620190022,06.90 UK SDL 2029,6.9,Tue Jul 17 2029 05:30:00 GMT+0530 (India Standard Time),99.3263,7.1593
IN1320190037,07.03 BR SDL 2029,7.03,Tue Jul 24 2029 05:30:00 GMT+0530 (India Standard Time),99.6572,7.1593
IN1420190069,7.04 GA SDL 2029,7.04,Tue Jul 24 2029 05:30:00 GMT+0530 (India Standard Time),99.6829,7.1593
IN2720190031,7.05 OD SDL 2029,7.05,Tue Jul 24 2029 05:30:00 GMT+0530 (India Standard Time),99.7086,7.1593
IN3420190032,7.06 WB SDL 2029,7.06,Tue Jul 24 2029 05:30:00 GMT+0530 (India Standard Time),99.7342,7.1593
IN1020170065,07.22 AP SDL 2029,7.22,Thu Jul 26 2029 05:30:00 GMT+0530 (India Standard Time),100.1456,7.1593
IN3120220089,07.64 TN SDL 2029,7.64,Fri Jul 27 2029 05:30:00 GMT+0530 (India Standard Time),101.227,7.1593
IN2920190112,07.09 RJ SDL 2029,7.09,Tue Jul 31 2029 05:30:00 GMT+0530 (India Standard Time),99.8116,7.1593
IN2020190111,07.10 KL SDL 2029,7.1,Tue Jul 31 2029 05:30:00 GMT+0530 (India Standard Time),99.8374,7.1593
IN1320190045,07.11 BR SDL 2029,7.11,Tue Jul 31 2029 05:30:00 GMT+0530 (India Standard Time),99.8632,7.1593
IN2220190044,07.11 MH SDL 2029,7.11,Tue Jul 31 2029 05:30:00 GMT+0530 (India Standard Time),99.8632,7.1593
IN3120190068,07.11 TN SDL 2029,7.11,Tue Jul 31 2029 05:30:00 GMT+0530 (India Standard Time),99.8632,7.1593
IN3320190017,07.12 UP SDL 2029,7.12,Tue Jul 31 2029 05:30:00 GMT+0530 (India Standard Time),99.889,7.1593
IN3620190030,07.14 UK SDL 2029,7.14,Tue Jul 31 2029 05:30:00 GMT+0530 (India Standard Time),99.9406,7.1593
IN1020180197,08.42 AP SDL 2029,8.42,Wed Aug 01 2029 05:30:00 GMT+0530 (India Standard Time),103.2468,7.1593
IN3120250193,06.27 TN SGS 2029,6.27,Mon Aug 06 2029 05:30:00 GMT+0530 (India Standard Time),97.6848,7.1593
IN1720190041,07.05 HP SDL 2029,7.05,Tue Aug 07 2029 05:30:00 GMT+0530 (India Standard Time),99.7082,7.1593
IN3320190025,07.05 UP SDL 2029,7.05,Tue Aug 07 2029 05:30:00 GMT+0530 (India Standard Time),99.7082,7.1593
IN1620190075,07.06 HR SDL 2029,7.06,Tue Aug 07 2029 05:30:00 GMT+0530 (India Standard Time),99.7342,7.1593
IN1320190052,07.07 BR SDL 2029,7.07,Tue Aug 07 2029 05:30:00 GMT+0530 (India Standard Time),99.7602,7.1593
IN2420190026,07.16 ML SDL 2029,7.16,Tue Aug 07 2029 05:30:00 GMT+0530 (India Standard Time),99.9938,7.1593
IN1820190073,07.39 JK SDL 2029,7.39,Tue Aug 07 2029 05:30:00 GMT+0530 (India Standard Time),100.591,7.1593
IN1020180205,08.42 AP SDL 2029AUG,8.42,Wed Aug 08 2029 05:30:00 GMT+0530 (India Standard Time),103.2683,7.1593
IN1020170073,07.22 AP SDL 2029AUG,7.22,Thu Aug 09 2029 05:30:00 GMT+0530 (India Standard Time),100.1504,7.1593
IN1520200115,06.44 GJ SDL 2029AUG,6.44,Sun Aug 12 2029 05:30:00 GMT+0530 (India Standard Time),98.1176,7.1593
IN1220190020,07.15 AS SDL 2029,7.15,Tue Aug 14 2029 05:30:00 GMT+0530 (India Standard Time),99.9695,7.1593
IN2020190129,07.15 KL SDL 2029,7.15,Tue Aug 14 2029 05:30:00 GMT+0530 (India Standard Time),99.9695,7.1593
IN3620190048,07.15 UK SDL 2029,7.15,Tue Aug 14 2029 05:30:00 GMT+0530 (India Standard Time),99.9695,7.1593
IN3320190033,07.17 UP SDL 2029,7.17,Tue Aug 14 2029 05:30:00 GMT+0530 (India Standard Time),100.0218,7.1593
IN1320190060,07.18 BR SDL 2029,7.18,Tue Aug 14 2029 05:30:00 GMT+0530 (India Standard Time),100.0479,7.1593
IN1620190083,07.18 HR SDL 2029,7.18,Tue Aug 14 2029 05:30:00 GMT+0530 (India Standard Time),100.0479,7.1593
IN3420190057,07.18 WB SDL 2029,7.18,Tue Aug 14 2029 05:30:00 GMT+0530 (India Standard Time),100.0479,7.1593
IN3220190018,07.20 TR SDL 2029,7.2,Tue Aug 14 2029 05:30:00 GMT+0530 (India Standard Time),100.1001,7.1593
IN2820190055,07.21 PN SDL 2029,7.21,Tue Aug 14 2029 05:30:00 GMT+0530 (India Standard Time),100.1262,7.1593
IN2520190025,07.22 MZ SDL 2029,7.22,Tue Aug 14 2029 05:30:00 GMT+0530 (India Standard Time),100.1524,7.1593
IN2320190035,07.25 MN SDL 2029,7.25,Tue Aug 14 2029 05:30:00 GMT+0530 (India Standard Time),100.2307,7.1593
IN1520240038,07.06 GJ SGS 2029,7.06,Tue Aug 14 2029 05:30:00 GMT+0530 (India Standard Time),99.7344,7.1593
IN1320190078,07.18 BR SDL 2029AUG,7.18,Tue Aug 21 2029 05:30:00 GMT+0530 (India Standard Time),100.0502,7.1593
IN1420190077,07.18 GA SDL 2029,7.18,Tue Aug 21 2029 05:30:00 GMT+0530 (India Standard Time),100.0502,7.1593
IN1720190058,07.18 HP SDL 2029,7.18,Tue Aug 21 2029 05:30:00 GMT+0530 (India Standard Time),100.0502,7.1593
IN1620190091,07.18 HR SDL 2029AUG,7.18,Tue Aug 21 2029 05:30:00 GMT+0530 (India Standard Time),100.0502,7.1593
IN3320190041,07.18 UP SDL 2029,7.18,Tue Aug 21 2029 05:30:00 GMT+0530 (India Standard Time),100.0502,7.1593
IN2720170041,07.30 OD SDL 2029,7.3,Thu Aug 23 2029 05:30:00 GMT+0530 (India Standard Time),100.3668,7.1593
IN3820210083,06.99 PY SDL 2029,6.99,Thu Aug 23 2029 05:30:00 GMT+0530 (India Standard Time),99.5507,7.1593
IN1920190031,07.07 KA SDL 2029,7.07,Tue Aug 28 2029 05:30:00 GMT+0530 (India Standard Time),99.7619,7.1593
IN3320190058,07.07 UP SDL 2029,7.07,Tue Aug 28 2029 05:30:00 GMT+0530 (India Standard Time),99.7619,7.1593
IN1320190086,07.08 BR SDL 2029,7.08,Tue Aug 28 2029 05:30:00 GMT+0530 (India Standard Time),99.7883,7.1593
IN2020190137,07.08 KL SDL 2029,7.08,Tue Aug 28 2029 05:30:00 GMT+0530 (India Standard Time),99.7883,7.1593
IN2920190138,07.08 RJ SDL 2029,7.08,Tue Aug 28 2029 05:30:00 GMT+0530 (India Standard Time),99.7883,7.1593
IN1420190085,07.09 GA SDL 2029,7.09,Tue Aug 28 2029 05:30:00 GMT+0530 (India Standard Time),99.8148,7.1593
IN1220190038,07.10 AS SDL 2029,7.1,Tue Aug 28 2029 05:30:00 GMT+0530 (India Standard Time),99.8412,7.1593
IN3120240236,07.06 TN SGS 2029,7.06,Tue Aug 28 2029 05:30:00 GMT+0530 (India Standard Time),99.7355,7.1593
IN3120250227,06.84 TN SGS 2029,6.84,Tue Aug 28 2029 05:30:00 GMT+0530 (India Standard Time),99.1538,7.1593
IN1520190100,07.10 GJ SDL 2029,7.1,Tue Sep 04 2029 05:30:00 GMT+0530 (India Standard Time),99.8424,7.1593
IN2020190145,07.11 KL SDL 2029,7.11,Tue Sep 04 2029 05:30:00 GMT+0530 (India Standard Time),99.869,7.1593
IN1020190204,07.13 AP SDL 2029,7.13,Tue Sep 04 2029 05:30:00 GMT+0530 (India Standard Time),99.9221,7.1593
IN1320190094,07.13 BR SDL 2029,7.13,Tue Sep 04 2029 05:30:00 GMT+0530 (India Standard Time),99.9221,7.1593
IN1620190109,07.13 HR SDL 2029,7.13,Tue Sep 04 2029 05:30:00 GMT+0530 (India Standard Time),99.9221,7.1593
IN2920190153,07.13 RJ SDL 2029,7.13,Tue Sep 04 2029 05:30:00 GMT+0530 (India Standard Time),99.9221,7.1593
IN3320190066,07.14 UP SDL 2029,7.14,Tue Sep 04 2029 05:30:00 GMT+0530 (India Standard Time),99.9487,7.1593
IN3420190073,07.14 WB SDL 2029,7.14,Tue Sep 04 2029 05:30:00 GMT+0530 (India Standard Time),99.9487,7.1593
IN3620190055,07.19 UK SDL 2029,7.19,Tue Sep 04 2029 05:30:00 GMT+0530 (India Standard Time),100.0816,7.1593
IN1820190081,07.24 JK SDL 2029,7.24,Tue Sep 04 2029 05:30:00 GMT+0530 (India Standard Time),100.2144,7.1593
IN3120240251,07.06 TN SGS 2029 04 SEP,7.06,Tue Sep 04 2029 05:30:00 GMT+0530 (India Standard Time),99.7361,7.1593
IN2220250285,06.74 MH SGS 2029,6.74,Mon Sep 10 2029 05:30:00 GMT+0530 (India Standard Time),98.8783,7.1593
IN3320190074,07.12 UP SDL 2029SEP,7.12,Tue Sep 11 2029 05:30:00 GMT+0530 (India Standard Time),99.8926,7.1593
IN1220190046,07.13 AS SDL 2029,7.13,Tue Sep 11 2029 05:30:00 GMT+0530 (India Standard Time),99.9193,7.1593
IN1320190102,07.13 BR SDL 2029SEP,7.13,Tue Sep 11 2029 05:30:00 GMT+0530 (India Standard Time),99.9193,7.1593
IN3020190028,07.13 SK SDL 2029,7.13,Tue Sep 11 2029 05:30:00 GMT+0530 (India Standard Time),99.9193,7.1593
IN3120240277,07.03 TN SGS 2029,7.03,Tue Sep 11 2029 05:30:00 GMT+0530 (India Standard Time),99.6521,7.1593
IN2920170064,07.40 RJ SDL 2029,7.4,Thu Sep 13 2029 05:30:00 GMT+0530 (India Standard Time),100.6413,7.1593
IN1520200149,06.63 GJ SDL 2029,6.63,Sun Sep 16 2029 05:30:00 GMT+0530 (India Standard Time),98.5758,7.1593
IN2720250074,06.77 OD SGS 2029,6.77,Mon Sep 17 2029 05:30:00 GMT+0530 (India Standard Time),98.9503,7.1593
IN1920190049,07.11 KA SDL 2029,7.11,Tue Sep 18 2029 05:30:00 GMT+0530 (India Standard Time),99.863,7.1593
IN1320190110,07.14 BR SDL 2029SEP,7.14,Tue Sep 18 2029 05:30:00 GMT+0530 (India Standard Time),99.9436,7.1593
IN1420190093,07.15 GA SDL 2029,7.15,Tue Sep 18 2029 05:30:00 GMT+0530 (India Standard Time),99.9705,7.1593
IN1820190099,07.17 JK SDL 2029,7.17,Tue Sep 18 2029 05:30:00 GMT+0530 (India Standard Time),100.0242,7.1593
IN3520240018,07.00 CG SGS 2029,7,Wed Sep 19 2029 05:30:00 GMT+0530 (India Standard Time),99.5667,7.1593
IN2720240174,06.98 OD SGS 2029,6.98,Wed Sep 19 2029 05:30:00 GMT+0530 (India Standard Time),99.5129,7.1593
IN3120240699,07.02 TN SGS 2029 19 SEP,7.02,Wed Sep 19 2029 05:30:00 GMT+0530 (India Standard Time),99.647,7.1494
IN1520190118,07.23 GJ SDL 2029,7.23,Tue Sep 25 2029 05:30:00 GMT+0530 (India Standard Time),100.1846,7.1593
IN2220190051,07.24 MH SDL 2029,7.24,Tue Sep 25 2029 05:30:00 GMT+0530 (India Standard Time),100.2116,7.1593
IN1320190128,07.26 BR SDL 2029,7.26,Tue Sep 25 2029 05:30:00 GMT+0530 (India Standard Time),100.2656,7.1593
IN1620190117,07.26 HR SDL 2029,7.26,Tue Sep 25 2029 05:30:00 GMT+0530 (India Standard Time),100.2656,7.1593
IN3320190082,07.26 UP SDL 2029,7.26,Tue Sep 25 2029 05:30:00 GMT+0530 (India Standard Time),100.2656,7.1593
IN2820190063,07.28 PN SDL 2029SEP,7.28,Tue Sep 25 2029 05:30:00 GMT+0530 (India Standard Time),100.3197,7.1593
IN3420190099,07.28 WB SDL 2029,7.28,Tue Sep 25 2029 05:30:00 GMT+0530 (India Standard Time),100.3197,7.1593
IN1220190053,07.30 AS SDL 2029,7.3,Tue Sep 25 2029 05:30:00 GMT+0530 (India Standard Time),100.3738,7.1593
IN2420190034,07.31 ML SDL 2029,7.31,Tue Sep 25 2029 05:30:00 GMT+0530 (India Standard Time),100.4008,7.1593
IN2620190024,07.31 NL SDL 2029,7.31,Tue Sep 25 2029 05:30:00 GMT+0530 (India Standard Time),100.4008,7.1593
IN3120240756,06.92 TN SGS 2029,6.92,Wed Sep 26 2029 05:30:00 GMT+0530 (India Standard Time),99.3459,7.1593
IN3720240024,06.96 JH SGS 2029,6.96,Wed Sep 26 2029 05:30:00 GMT+0530 (India Standard Time),99.4541,7.1593
IN2120230064,07.48 MP SGS 2029,7.48,Thu Sep 27 2029 05:30:00 GMT+0530 (India Standard Time),100.8611,7.1593
IN3820200027,06.90 PY SDL 2029,6.9,Sun Sep 30 2029 05:30:00 GMT+0530 (India Standard Time),99.2886,7.1593
IN1920190064,07.15 KA SDL 2029,7.15,Tue Oct 09 2029 05:30:00 GMT+0530 (India Standard Time),99.9647,7.1593
IN2020190152,07.15 KL SDL 2029OCT,7.15,Tue Oct 09 2029 05:30:00 GMT+0530 (India Standard Time),99.9647,7.1593
IN2920190229,07.15 RJ SDL 2029,7.15,Tue Oct 09 2029 05:30:00 GMT+0530 (India Standard Time),99.9647,7.1593
IN1320190136,07.17 BR SDL 2029,7.17,Tue Oct 09 2029 05:30:00 GMT+0530 (India Standard Time),100.0193,7.1593
IN1620190125,07.17 HR SDL 2029,7.17,Tue Oct 09 2029 05:30:00 GMT+0530 (India Standard Time),100.0193,7.1593
IN1820190107,07.17 JK SDL 2029OCT,7.17,Tue Oct 09 2029 05:30:00 GMT+0530 (India Standard Time),100.0193,7.1593
IN2220190069,07.17 MH SDL 2029,7.17,Tue Oct 09 2029 05:30:00 GMT+0530 (India Standard Time),100.0193,7.1593
IN2520190033,07.17 MZ SDL 2029,7.17,Tue Oct 09 2029 05:30:00 GMT+0530 (India Standard Time),100.0193,7.1593
IN2820190071,07.19 PN SDL 2029,7.19,Tue Oct 09 2029 05:30:00 GMT+0530 (India Standard Time),100.074,7.1593
IN3320190090,07.20 UP SDL 2029,7.2,Tue Oct 09 2029 05:30:00 GMT+0530 (India Standard Time),100.1013,7.1593
IN3620240033,07.05 UK SGS 2029,7.05,Tue Oct 09 2029 05:30:00 GMT+0530 (India Standard Time),99.6914,7.1593
IN1520210122,06.75 GJ SDL 2029,6.75,Sat Oct 13 2029 05:30:00 GMT+0530 (India Standard Time),98.8671,7.1593
IN3120250326,06.58 TN SGS 2029,6.58,Mon Oct 15 2029 05:30:00 GMT+0530 (India Standard Time),98.3981,7.1593
IN2920190237,07.16 RJ SDL 2029,7.16,Tue Oct 16 2029 05:30:00 GMT+0530 (India Standard Time),99.9906,7.1593
IN2220190077,07.17 MH SDL 2029OCT,7.17,Tue Oct 16 2029 05:30:00 GMT+0530 (India Standard Time),100.0181,7.1593
IN1420190101,07.18 GA SDL 2029OCT,7.18,Tue Oct 16 2029 05:30:00 GMT+0530 (India Standard Time),100.0456,7.1593
IN3320190108,07.19 UP SDL 2029,7.19,Tue Oct 16 2029 05:30:00 GMT+0530 (India Standard Time),100.0731,7.1593
IN1320190144,07.20 BR SDL 2029,7.2,Tue Oct 16 2029 05:30:00 GMT+0530 (India Standard Time),100.1006,7.1593
IN1520220139,07.62 GJ SGS 2029,7.62,Fri Oct 19 2029 05:30:00 GMT+0530 (India Standard Time),101.2572,7.1593
IN1020190287,07.20 AP SDL 2029,7.2,Tue Oct 23 2029 05:30:00 GMT+0530 (India Standard Time),100.1,7.1593
IN1920190080,07.20 KA SDL 2029,7.2,Tue Oct 23 2029 05:30:00 GMT+0530 (India Standard Time),100.1,7.1593
IN2220190085,07.20 MH SDL 2029,7.2,Tue Oct 23 2029 05:30:00 GMT+0530 (India Standard Time),100.1,7.1593
IN1220190061,07.23 AS SDL 2029,7.23,Tue Oct 23 2029 05:30:00 GMT+0530 (India Standard Time),100.1829,7.1593
IN1420190119,07.23 GA SDL 2029,7.23,Tue Oct 23 2029 05:30:00 GMT+0530 (India Standard Time),100.1829,7.1593
IN3220190026,07.23 TR SDL 2029,7.23,Tue Oct 23 2029 05:30:00 GMT+0530 (India Standard Time),100.1829,7.1593
IN3320190116,07.23 UP SDL 2029,7.23,Tue Oct 23 2029 05:30:00 GMT+0530 (India Standard Time),100.1829,7.1593
IN1320190151,07.24 BR SDL 2029,7.24,Tue Oct 23 2029 05:30:00 GMT+0530 (India Standard Time),100.2105,7.1593
IN3820190020,07.25 PY SDL 2029,7.25,Tue Oct 23 2029 05:30:00 GMT+0530 (India Standard Time),100.2381,7.1593
IN3120240319,07.00 TN SGS 2029,7,Tue Oct 23 2029 05:30:00 GMT+0530 (India Standard Time),99.5473,7.1593
IN1620220245,07.74 HR SGS 2029,7.74,Sat Oct 27 2029 05:30:00 GMT+0530 (India Standard Time),101.5966,7.1593
IN1220190079,07.23 AS SDL 2029OCT,7.23,Tue Oct 30 2029 05:30:00 GMT+0530 (India Standard Time),100.1829,7.1593
IN2020190160,07.23 KL SDL 2029,7.23,Tue Oct 30 2029 05:30:00 GMT+0530 (India Standard Time),100.1829,7.1593
IN1720190074,07.25 HP SDL 2029,7.25,Tue Oct 30 2029 05:30:00 GMT+0530 (India Standard Time),100.2385,7.1593
IN1020220563,07.75 AP SGS 2029,7.75,Fri Nov 02 2029 05:30:00 GMT+0530 (India Standard Time),101.6301,7.1593
IN1220190087,07.27 AS SDL 2029,7.27,Tue Nov 06 2029 05:30:00 GMT+0530 (India Standard Time),100.2948,7.1593
IN1820190115,07.30 JK SDL 2029,7.3,Tue Nov 06 2029 05:30:00 GMT+0530 (India Standard Time),100.3785,7.1593
IN3120240343,07.02 TN SGS 2029,7.02,Tue Nov 06 2029 05:30:00 GMT+0530 (India Standard Time),99.5969,7.1593
IN2920250262,06.66 RJ SGS 2029,6.66,Tue Nov 06 2029 05:30:00 GMT+0530 (India Standard Time),98.592,7.1593
IN1520190142,07.24 GJ SDL 2029,7.24,Tue Nov 13 2029 05:30:00 GMT+0530 (India Standard Time),100.2116,7.1593
IN3320190124,07.28 UP SDL 2029,7.28,Tue Nov 13 2029 05:30:00 GMT+0530 (India Standard Time),100.3239,7.1593
IN1220190095,07.30 AS SDL 2029NOV,7.3,Tue Nov 13 2029 05:30:00 GMT+0530 (India Standard Time),100.38,7.1593
IN3420190115,07.30 WB SDL 2029,7.3,Tue Nov 13 2029 05:30:00 GMT+0530 (India Standard Time),100.38,7.1593
IN3120210239,06.71 TN SDL 2029,6.71,Sat Nov 17 2029 05:30:00 GMT+0530 (India Standard Time),98.7199,7.1593
IN3120250391,06.55 TN SGS 2029,6.55,Mon Nov 19 2029 05:30:00 GMT+0530 (India Standard Time),98.2666,7.1593
IN1220190103,07.22 AS SDL 2029,7.22,Tue Nov 20 2029 05:30:00 GMT+0530 (India Standard Time),100.1559,7.1593
IN1420190127,07.22 GA SDL 2029,7.22,Tue Nov 20 2029 05:30:00 GMT+0530 (India Standard Time),100.1559,7.1593
IN2920250304,06.56 RJ SGS 2029,6.56,Mon Nov 26 2029 05:30:00 GMT+0530 (India Standard Time),98.2854,7.1593
IN1920190106,07.17 KA SDL 2029,7.17,Tue Nov 27 2029 05:30:00 GMT+0530 (India Standard Time),100.0147,7.1593
IN3120190217,07.17 TN SDL 2029,7.17,Tue Nov 27 2029 05:30:00 GMT+0530 (India Standard Time),100.0143,7.1594
IN2020190178,07.18 KL SDL 2029,7.18,Tue Nov 27 2029 05:30:00 GMT+0530 (India Standard Time),100.0431,7.1593
IN1820190123,07.19 JK SDL 2029,7.19,Tue Nov 27 2029 05:30:00 GMT+0530 (India Standard Time),100.0714,7.1593
IN3320190132,07.19 UP SDL 2029NOV,7.19,Tue Nov 27 2029 05:30:00 GMT+0530 (India Standard Time),100.0714,7.1593
IN3420190131,07.19 WB SDL 2029,7.19,Tue Nov 27 2029 05:30:00 GMT+0530 (India Standard Time),100.0714,7.1593
IN1220190111,07.20 AS SDL 2029,7.2,Tue Nov 27 2029 05:30:00 GMT+0530 (India Standard Time),100.0998,7.1593
IN2620190032,07.20 NL SDL 2029,7.2,Tue Nov 27 2029 05:30:00 GMT+0530 (India Standard Time),100.0998,7.1593
IN3220190034,07.21 TR SDL 2029,7.21,Tue Nov 27 2029 05:30:00 GMT+0530 (India Standard Time),100.1282,7.1593
IN1520240079,07.05 GJ SGS 2029,7.05,Tue Nov 27 2029 05:30:00 GMT+0530 (India Standard Time),99.6743,7.1593
IN1920240109,07.07 KA SGS 2029,7.07,Tue Nov 27 2029 05:30:00 GMT+0530 (India Standard Time),99.731,7.1593
IN1520230112,07.65 GJ SGS 2029,7.65,Thu Nov 29 2029 05:30:00 GMT+0530 (India Standard Time),101.3786,7.1593
IN1020220597,07.55 AP SGS 2029,7.55,Fri Nov 30 2029 05:30:00 GMT+0530 (India Standard Time),101.0953,7.1593
IN1520200222,06.49 GJ SDL 2029,6.49,Sun Dec 02 2029 05:30:00 GMT+0530 (India Standard Time),98.0781,7.1593
IN1720250118,06.75 HP SGS 2029,6.75,Mon Dec 03 2029 05:30:00 GMT+0530 (India Standard Time),98.7921,7.1683
IN1920190114,07.14 KA SDL 2029,7.14,Tue Dec 04 2029 05:30:00 GMT+0530 (India Standard Time),99.9292,7.1593
IN1620190141,07.17 HR SDL 2029DEC,7.17,Tue Dec 04 2029 05:30:00 GMT+0530 (India Standard Time),100.0148,7.1593
IN2120190060,07.17 MP SDL 2029,7.17,Tue Dec 04 2029 05:30:00 GMT+0530 (India Standard Time),100.0148,7.1593
IN3620190063,07.17 UK SDL 2029,7.17,Tue Dec 04 2029 05:30:00 GMT+0530 (India Standard Time),100.0148,7.1593
IN1220190129,07.18 AS SDL 2029,7.18,Tue Dec 04 2029 05:30:00 GMT+0530 (India Standard Time),100.0433,7.1593
IN2920190294,07.18 RJ SDL 2029,7.18,Tue Dec 04 2029 05:30:00 GMT+0530 (India Standard Time),100.0433,7.1593
IN1820190131,07.20 JK SDL 2029,7.2,Tue Dec 04 2029 05:30:00 GMT+0530 (India Standard Time),100.1004,7.1593
IN2420190042,07.20 ML SDL 2029,7.2,Tue Dec 04 2029 05:30:00 GMT+0530 (India Standard Time),100.1004,7.1593
IN2520190041,07.20 MZ SDL 2029,7.2,Tue Dec 04 2029 05:30:00 GMT+0530 (India Standard Time),100.1004,7.1593
IN1020230620,07.70 AP SGS 2029 06 DEC,7.7,Thu Dec 06 2029 05:30:00 GMT+0530 (India Standard Time),101.5289,7.1593
IN3120210254,06.66 TN SDL 2029,6.66,Sat Dec 08 2029 05:30:00 GMT+0530 (India Standard Time),98.5558,7.1593
IN1220190137,07.26 AS SDL 2029,7.26,Tue Dec 11 2029 05:30:00 GMT+0530 (India Standard Time),100.2731,7.1593
IN1520190159,07.26 GJ SDL 2029,7.26,Tue Dec 11 2029 05:30:00 GMT+0530 (India Standard Time),100.2731,7.1593
IN3320190140,07.26 UP SDL 2029DEC,7.26,Tue Dec 11 2029 05:30:00 GMT+0530 (India Standard Time),100.2731,7.1593
IN2920190302,07.27 RJ SDL 2029,7.27,Tue Dec 11 2029 05:30:00 GMT+0530 (India Standard Time),100.3018,7.1593
IN1420190135,07.29 GA SDL 2029,7.29,Tue Dec 11 2029 05:30:00 GMT+0530 (India Standard Time),100.3591,7.1593
IN2720170082,07.80 OD SDL 2029,7.8,Thu Dec 13 2029 05:30:00 GMT+0530 (India Standard Time),101.8244,7.1593
IN1620220310,07.51 HR SGS 2029,7.51,Fri Dec 14 2029 05:30:00 GMT+0530 (India Standard Time),100.9924,7.1593
IN3120250482,06.77 TN SGS 2029,6.77,Mon Dec 17 2029 05:30:00 GMT+0530 (India Standard Time),98.8632,7.1593
IN1520190167,07.28 GJ SDL 2029,7.28,Tue Dec 18 2029 05:30:00 GMT+0530 (India Standard Time),100.3326,7.1593
IN1420190143,07.29 GA SDL 2029DEC,7.29,Tue Dec 18 2029 05:30:00 GMT+0530 (India Standard Time),100.3614,7.1593
IN2420190059,07.29 ML SDL 2029,7.29,Tue Dec 18 2029 05:30:00 GMT+0530 (India Standard Time),100.3614,7.1593
IN2620190040,07.29 NL SDL 2029,7.29,Tue Dec 18 2029 05:30:00 GMT+0530 (India Standard Time),100.3614,7.1593
IN3620190071,07.29 UK SDL 2029,7.29,Tue Dec 18 2029 05:30:00 GMT+0530 (India Standard Time),100.3614,7.1593
IN3320190157,07.29 UP SDL 2029,7.29,Tue Dec 18 2029 05:30:00 GMT+0530 (India Standard Time),100.3614,7.1593
IN3420190156,07.29 WB SDL 2029,7.29,Tue Dec 18 2029 05:30:00 GMT+0530 (India Standard Time),100.3614,7.1593
IN3820180047,08.19 PY SDL 2029,8.19,Wed Dec 19 2029 05:30:00 GMT+0530 (India Standard Time),102.9582,7.1593
IN1920190130,07.14 KA SDL 2029DEC,7.14,Mon Dec 24 2029 05:30:00 GMT+0530 (India Standard Time),99.9292,7.1593
IN2220190093,07.14 MH SDL 2029,7.14,Mon Dec 24 2029 05:30:00 GMT+0530 (India Standard Time),99.9292,7.1593
IN3320190165,07.16 UP SDL 2029,7.16,Mon Dec 24 2029 05:30:00 GMT+0530 (India Standard Time),99.9871,7.1593
IN3120240459,07.03 TN SGS 2029 26 DEC,7.03,Wed Dec 26 2029 05:30:00 GMT+0530 (India Standard Time),99.6092,7.1597
IN3120250557,06.86 TN SGS 2029,6.86,Mon Dec 31 2029 05:30:00 GMT+0530 (India Standard Time),99.115,7.1593
IN2920250353,06.90 RJ SGS 2029,6.9,Mon Dec 31 2029 05:30:00 GMT+0530 (India Standard Time),99.2314,7.1593
IN1420190150,07.14 GA SDL 2030,7.14,Tue Jan 01 2030 05:30:00 GMT+0530 (India Standard Time),99.9703,7.1453
IN2920190328,07.15 RJ SDL 2030,7.15,Tue Jan 01 2030 05:30:00 GMT+0530 (India Standard Time),99.9994,7.1453
IN1520190175,07.18 GJ SDL 2030,7.18,Tue Jan 01 2030 05:30:00 GMT+0530 (India Standard Time),100.0868,7.1453
IN2120190086,07.18 MP SDL 2030,7.18,Tue Jan 01 2030 05:30:00 GMT+0530 (India Standard Time),100.0868,7.1453
IN1520200248,06.45 GJ SDL 2030 06 JAN,6.45,Sun Jan 06 2030 05:30:00 GMT+0530 (India Standard Time),97.9543,7.1453
IN3120250573,06.92 TN SGS 2030,6.92,Mon Jan 07 2030 05:30:00 GMT+0530 (India Standard Time),99.3275,7.1453
IN2120250310,06.95 MP SGS 2030,6.95,Mon Jan 07 2030 05:30:00 GMT+0530 (India Standard Time),99.372,7.1601
IN1920190148,07.16 KA SDL 2030,7.16,Tue Jan 08 2030 05:30:00 GMT+0530 (India Standard Time),100.0296,7.1453
IN1320190169,07.17 BR SDL 2030,7.17,Tue Jan 08 2030 05:30:00 GMT+0530 (India Standard Time),100.0589,7.1453
IN3520190049,07.17 CG SDL 2030,7.17,Tue Jan 08 2030 05:30:00 GMT+0530 (India Standard Time),100.0589,7.1453
IN1520190183,07.17 GJ SDL 2030,7.17,Tue Jan 08 2030 05:30:00 GMT+0530 (India Standard Time),100.0589,7.1453
IN1720190082,07.17 HP SDL 2030,7.17,Tue Jan 08 2030 05:30:00 GMT+0530 (India Standard Time),100.0589,7.1453
IN1620190158,07.17 HR SDL 2030,7.17,Tue Jan 08 2030 05:30:00 GMT+0530 (India Standard Time),100.0589,7.1453
IN2820190105,07.17 PN SDL 2030,7.17,Tue Jan 08 2030 05:30:00 GMT+0530 (India Standard Time),100.0589,7.1453
IN2920190336,07.17 RJ SDL 2030,7.17,Tue Jan 08 2030 05:30:00 GMT+0530 (India Standard Time),100.0589,7.1453
IN3320190173,07.18 UP SDL 2030,7.18,Tue Jan 08 2030 05:30:00 GMT+0530 (India Standard Time),100.0882,7.1453
IN1220190152,07.22 AS SDL 2030,7.22,Tue Jan 08 2030 05:30:00 GMT+0530 (India Standard Time),100.2052,7.1453
IN3120210296,07.04 TN SDL 2030,7.04,Sat Jan 12 2030 05:30:00 GMT+0530 (India Standard Time),99.6499,7.1549
IN3320190181,07.22 UP SDL 2030,7.22,Tue Jan 15 2030 05:30:00 GMT+0530 (India Standard Time),100.2074,7.1453
IN3420190172,07.23 WB SDL 2030,7.23,Tue Jan 15 2030 05:30:00 GMT+0530 (India Standard Time),100.2368,7.1453
IN2220190101,07.27 MH SDL 2030,7.27,Tue Jan 15 2030 05:30:00 GMT+0530 (India Standard Time),100.3545,7.1453
IN2920190344,07.27 RJ SDL 2030,7.27,Tue Jan 15 2030 05:30:00 GMT+0530 (India Standard Time),100.3545,7.1453
IN1820190149,07.28 JK SDL 2030,7.28,Tue Jan 15 2030 05:30:00 GMT+0530 (India Standard Time),100.3839,7.1453
IN2020190186,07.28 KL SDL 2030,7.28,Tue Jan 15 2030 05:30:00 GMT+0530 (India Standard Time),100.3839,7.1453
IN3020190036,07.28 SK SDL 2030,7.28,Tue Jan 15 2030 05:30:00 GMT+0530 (India Standard Time),100.3839,7.1453
IN1020190410,07.29 AP SDL 2030,7.29,Tue Jan 15 2030 05:30:00 GMT+0530 (India Standard Time),100.4133,7.1453
IN1320190177,07.29 BR SDL 2030,7.29,Tue Jan 15 2030 05:30:00 GMT+0530 (India Standard Time),100.4133,7.1453
IN2120190102,07.29 MP SDL 2030,7.29,Tue Jan 15 2030 05:30:00 GMT+0530 (India Standard Time),100.4133,7.1453
IN4520220331,07.55 TS SGS 2030,7.55,Fri Jan 18 2030 05:30:00 GMT+0530 (India Standard Time),101.1814,7.1453
IN1520190191,07.17 GJ SDL 2030JAN,7.17,Tue Jan 22 2030 05:30:00 GMT+0530 (India Standard Time),100.2287,7.089
IN1220190160,07.18 AS SDL 2030,7.18,Tue Jan 22 2030 05:30:00 GMT+0530 (India Standard Time),100.0914,7.1453
IN1320190185,07.18 BR SDL 2030,7.18,Tue Jan 22 2030 05:30:00 GMT+0530 (India Standard Time),100.0914,7.1453
IN2020190194,07.16 KL SDL 2030,7.16,Tue Jan 29 2030 05:30:00 GMT+0530 (India Standard Time),100.0339,7.1453
IN1320190193,07.17 BR SDL 2030JAN,7.17,Tue Jan 29 2030 05:30:00 GMT+0530 (India Standard Time),100.0636,7.1453
IN1920190155,07.17 KA SDL 2030,7.17,Tue Jan 29 2030 05:30:00 GMT+0530 (India Standard Time),100.1088,7.1301
IN3220190042,07.17 TR SDL 2030,7.17,Tue Jan 29 2030 05:30:00 GMT+0530 (India Standard Time),100.0636,7.1453
IN3520190056,07.18 CG SDL 2030,7.18,Tue Jan 29 2030 05:30:00 GMT+0530 (India Standard Time),100.0934,7.1453
IN2920190369,07.18 RJ SDL 2030,7.18,Tue Jan 29 2030 05:30:00 GMT+0530 (India Standard Time),100.0934,7.1453
IN3320190199,07.18 UP SDL 2030JAN,7.18,Tue Jan 29 2030 05:30:00 GMT+0530 (India Standard Time),100.0934,7.1453
IN1220190178,07.24 AS SDL 2030,7.24,Tue Jan 29 2030 05:30:00 GMT+0530 (India Standard Time),100.2717,7.1453
IN1620220393,07.65 HR SGS 2030,7.65,Fri Feb 01 2030 05:30:00 GMT+0530 (India Standard Time),101.4931,7.1453
IN2220250426,06.90 MH SGS 2030,6.9,Mon Feb 04 2030 05:30:00 GMT+0530 (India Standard Time),99.4044,7.0966
IN2120190110,07.09 MP SDL 2030,7.09,Tue Feb 05 2030 05:30:00 GMT+0530 (India Standard Time),99.8264,7.1453
IN1520190209,07.10 GJ SDL 2030,7.1,Tue Feb 05 2030 05:30:00 GMT+0530 (India Standard Time),99.8563,7.1453
IN1820190156,07.10 JK SDL 2030,7.1,Tue Feb 05 2030 05:30:00 GMT+0530 (India Standard Time),99.8563,7.1453
IN1220190186,07.11 AS SDL 2030,7.11,Tue Feb 05 2030 05:30:00 GMT+0530 (India Standard Time),99.8862,7.1453
IN1720190124,07.11 HP SDL 2030,7.11,Tue Feb 05 2030 05:30:00 GMT+0530 (India Standard Time),99.8862,7.1453
IN2520190058,07.11 MZ SDL 2030,7.11,Tue Feb 05 2030 05:30:00 GMT+0530 (India Standard Time),99.8862,7.1453
IN3620190089,07.11 UK SDL 2030,7.11,Tue Feb 05 2030 05:30:00 GMT+0530 (India Standard Time),99.8862,7.1453
IN1320190201,07.14 BR SDL 2030,7.14,Tue Feb 05 2030 05:30:00 GMT+0530 (India Standard Time),99.9757,7.1453
IN2920190385,07.14 RJ SDL 2030,7.14,Tue Feb 05 2030 05:30:00 GMT+0530 (India Standard Time),99.9757,7.1453
IN3320190207,07.14 UP SDL 2030,7.14,Tue Feb 05 2030 05:30:00 GMT+0530 (India Standard Time),99.9757,7.1453
IN2820190121,07.17 PN SDL 2030FEB,7.17,Tue Feb 05 2030 05:30:00 GMT+0530 (India Standard Time),100.0653,7.1453
IN2720240034,07.00 OD SGS 2030,7,Tue Feb 05 2030 05:30:00 GMT+0530 (India Standard Time),99.5577,7.1453
IN3720220042,07.63 JH SGS 2030,7.63,Fri Feb 08 2030 05:30:00 GMT+0530 (India Standard Time),101.4426,7.1453
IN3120210320,07.04 TN SDL 2030 09 FEB,7.04,Sat Feb 09 2030 05:30:00 GMT+0530 (India Standard Time),99.6772,7.1453
IN1320190219,07.02 BR SDL 2030,7.02,Tue Feb 12 2030 05:30:00 GMT+0530 (India Standard Time),99.6173,7.1453
IN2020190202,07.03 KL SDL 2030,7.03,Tue Feb 12 2030 05:30:00 GMT+0530 (India Standard Time),99.6473,7.1453
IN2620190057,07.03 NL SDL 2030,7.03,Tue Feb 12 2030 05:30:00 GMT+0530 (India Standard Time),99.6473,7.1453
IN2920190393,07.03 RJ SDL 2030,7.03,Tue Feb 12 2030 05:30:00 GMT+0530 (India Standard Time),99.6473,7.1453
IN3620190097,07.04 UK SDL 2030,7.04,Tue Feb 12 2030 05:30:00 GMT+0530 (India Standard Time),99.6773,7.1453
IN3320190215,07.09 UP SDL 2030,7.09,Tue Feb 12 2030 05:30:00 GMT+0530 (India Standard Time),99.8273,7.1453
IN3420190198,07.10 WB SDL 2030,7.1,Tue Feb 12 2030 05:30:00 GMT+0530 (India Standard Time),99.8574,7.1453
IN3520230159,07.44 CG SGS 2030,7.44,Thu Feb 14 2030 05:30:00 GMT+0530 (India Standard Time),100.8795,7.1453
IN1520220238,07.68 GJ SGS 2030,7.68,Fri Feb 15 2030 05:30:00 GMT+0530 (India Standard Time),101.6022,7.1453
IN1220190194,06.90 AS SDL 2030,6.9,Mon Feb 18 2030 05:30:00 GMT+0530 (India Standard Time),99.2556,7.1453
IN1420190168,06.90 GA SDL 2030,6.9,Mon Feb 18 2030 05:30:00 GMT+0530 (India Standard Time),99.2556,7.1453
IN1920190171,06.90 KA SDL 2030,6.9,Mon Feb 18 2030 05:30:00 GMT+0530 (India Standard Time),99.2556,7.1453
IN2320190043,06.90 MN SDL 2030,6.9,Mon Feb 18 2030 05:30:00 GMT+0530 (India Standard Time),99.2556,7.1453
IN3620190105,06.90 UK SDL 2030,6.9,Mon Feb 18 2030 05:30:00 GMT+0530 (India Standard Time),99.2556,7.1453
IN3320190223,06.91 UP SDL 2030,6.91,Mon Feb 18 2030 05:30:00 GMT+0530 (India Standard Time),99.2857,7.1453
IN3820170071,08.22 PY SDL 2030,8.22,Thu Feb 21 2030 05:30:00 GMT+0530 (India Standard Time),103.2421,7.1453
IN3520230191,07.47 CG SGS 2030 21 FEB,7.47,Thu Feb 21 2030 05:30:00 GMT+0530 (India Standard Time),100.9766,7.1453
IN1520220246,07.66 GJ SGS 2030,7.66,Fri Feb 22 2030 05:30:00 GMT+0530 (India Standard Time),101.552,7.1453
IN1020220662,07.70 AP SGS 2030,7.7,Fri Feb 22 2030 05:30:00 GMT+0530 (India Standard Time),101.6729,7.1453
IN3120210346,07.02 TN SDL 2030,7.02,Sat Feb 23 2030 05:30:00 GMT+0530 (India Standard Time),99.6174,7.1453
IN2220250467,06.77 MH SGS 2030,6.77,Mon Feb 25 2030 05:30:00 GMT+0530 (India Standard Time),99.1501,7.0491
IN2620250042,06.89 NL SGS 2030,6.89,Mon Feb 25 2030 05:30:00 GMT+0530 (India Standard Time),99.2236,7.1453
IN1920190197,06.97 KA SDL 2030,6.97,Tue Feb 26 2030 05:30:00 GMT+0530 (India Standard Time),99.6133,7.0966
IN2920190401,06.97 RJ SDL 2030,6.97,Tue Feb 26 2030 05:30:00 GMT+0530 (India Standard Time),99.4659,7.1453
IN2120190128,06.98 MP SDL 2030,6.98,Tue Feb 26 2030 05:30:00 GMT+0530 (India Standard Time),99.4962,7.1453
IN3220190059,06.98 TR SDL 2030,6.98,Tue Feb 26 2030 05:30:00 GMT+0530 (India Standard Time),99.4962,7.1453
IN1120190039,06.99 AR SDL 2030,6.99,Tue Feb 26 2030 05:30:00 GMT+0530 (India Standard Time),99.5265,7.1453
IN1420190176,06.99 GA SDL 2030,6.99,Tue Feb 26 2030 05:30:00 GMT+0530 (India Standard Time),99.5265,7.1453
IN2320190050,06.99 MN SDL 2030,6.99,Tue Feb 26 2030 05:30:00 GMT+0530 (India Standard Time),99.5265,7.1453
IN1020190493,07.02 AP SDL 2030,7.02,Tue Feb 26 2030 05:30:00 GMT+0530 (India Standard Time),99.6175,7.1453
IN1220190202,07.02 AS SDL 2030,7.02,Tue Feb 26 2030 05:30:00 GMT+0530 (India Standard Time),99.6175,7.1453
IN3320190231,07.03 UP SDL 2030,7.03,Tue Feb 26 2030 05:30:00 GMT+0530 (India Standard Time),99.6478,7.1453
IN2420190067,07.04 ML SDL 2030,7.04,Tue Feb 26 2030 05:30:00 GMT+0530 (India Standard Time),99.6781,7.1453
IN3720190039,07.05 JH SDL 2030,7.05,Tue Feb 26 2030 05:30:00 GMT+0530 (India Standard Time),99.7084,7.1453
IN1520240251,06.98 GJ SGS 2030,6.98,Wed Feb 27 2030 05:30:00 GMT+0530 (India Standard Time),99.4962,7.1453
IN3120210361,07.03 TN SDL 2030,7.03,Sat Mar 02 2030 05:30:00 GMT+0530 (India Standard Time),99.6483,7.1453
IN2120190144,07.04 MP SDL 2030,7.04,Mon Mar 04 2030 05:30:00 GMT+0530 (India Standard Time),99.6789,7.1453
IN2920190427,07.04 RJ SDL 2030,7.04,Mon Mar 04 2030 05:30:00 GMT+0530 (India Standard Time),99.6789,7.1453
IN3320190249,07.04 UP SDL 2030,7.04,Mon Mar 04 2030 05:30:00 GMT+0530 (India Standard Time),99.6789,7.1453
IN1220190210,07.05 AS SDL 2030,7.05,Mon Mar 04 2030 05:30:00 GMT+0530 (India Standard Time),99.7094,7.1453
IN2020190210,07.05 KL SDL 2030,7.05,Mon Mar 04 2030 05:30:00 GMT+0530 (India Standard Time),99.7094,7.1453
IN2320190068,07.05 MN SDL 2030,7.05,Mon Mar 04 2030 05:30:00 GMT+0530 (India Standard Time),99.7094,7.1453
IN2620190065,07.05 NL SDL 2030,7.05,Mon Mar 04 2030 05:30:00 GMT+0530 (India Standard Time),99.7094,7.1453
IN3420190214,07.05 WB SDL 2030,7.05,Mon Mar 04 2030 05:30:00 GMT+0530 (India Standard Time),99.7094,7.1453
IN1020190501,07.06 AP SDL 2030,7.06,Mon Mar 04 2030 05:30:00 GMT+0530 (India Standard Time),99.7399,7.1453
IN3620190113,07.06 UK SDL 2030,7.06,Mon Mar 04 2030 05:30:00 GMT+0530 (India Standard Time),99.7399,7.1453
IN1820190164,07.07 JK SDL 2030,7.07,Mon Mar 04 2030 05:30:00 GMT+0530 (India Standard Time),99.7704,7.1453
IN3520190064,07.08 CG SDL 2030,7.08,Mon Mar 04 2030 05:30:00 GMT+0530 (India Standard Time),99.8009,7.1453
IN1520240269,07.06 GJ SGS 2030,7.06,Tue Mar 05 2030 05:30:00 GMT+0530 (India Standard Time),99.7394,7.1453
IN3120240608,07.08 TN SGS 2030,7.08,Tue Mar 05 2030 05:30:00 GMT+0530 (India Standard Time),99.8004,7.1453
IN3120210395,07.12 TN SDL 2030,7.12,Sat Mar 09 2030 05:30:00 GMT+0530 (India Standard Time),99.9209,7.1453
IN2020190228,06.84 KL SDL 2030,6.84,Mon Mar 11 2030 05:30:00 GMT+0530 (India Standard Time),99.0623,7.1453
IN2920190443,06.84 RJ SDL 2030,6.84,Mon Mar 11 2030 05:30:00 GMT+0530 (India Standard Time),99.0623,7.1453
IN3620190121,06.88 UK SDL 2030,6.88,Mon Mar 11 2030 05:30:00 GMT+0530 (India Standard Time),99.1849,7.1453
IN3320190256,06.90 UP SDL 2030,6.9,Mon Mar 11 2030 05:30:00 GMT+0530 (India Standard Time),99.2461,7.1453
IN1420190184,06.94 GA SDL 2030,6.94,Mon Mar 11 2030 05:30:00 GMT+0530 (India Standard Time),99.3687,7.1453
IN1220190228,06.95 AS SDL 2030,6.95,Mon Mar 11 2030 05:30:00 GMT+0530 (India Standard Time),99.3993,7.1453
IN2320190076,06.95 MN SDL 2030,6.95,Mon Mar 11 2030 05:30:00 GMT+0530 (India Standard Time),99.3993,7.1453
IN3020190044,06.95 SK SDL 2030,6.95,Mon Mar 11 2030 05:30:00 GMT+0530 (India Standard Time),99.3993,7.1453
IN3720190047,06.99 JH SDL 2030,6.99,Mon Mar 11 2030 05:30:00 GMT+0530 (India Standard Time),99.5219,7.1453
IN1620250374,06.79 HR SGS 2030,6.79,Mon Mar 11 2030 05:30:00 GMT+0530 (India Standard Time),98.9091,7.1453
IN3120210437,07.09 TN SDL 2030,7.09,Sat Mar 16 2030 05:30:00 GMT+0530 (India Standard Time),99.8261,7.1453
IN1520190217,07.04 GJ SDL 2030,7.04,Mon Mar 18 2030 05:30:00 GMT+0530 (India Standard Time),99.6713,7.1453
IN2920190450,07.08 RJ SDL 2030,7.08,Mon Mar 18 2030 05:30:00 GMT+0530 (India Standard Time),99.7945,7.1453
IN1920190213,07.09 KA SDL 2030,7.09,Mon Mar 18 2030 05:30:00 GMT+0530 (India Standard Time),99.8253,7.1453
IN3620190139,07.10 UK SDL 2030,7.1,Mon Mar 18 2030 05:30:00 GMT+0530 (India Standard Time),99.856,7.1453
IN3320190264,07.10 UP SDL 2030,7.1,Mon Mar 18 2030 05:30:00 GMT+0530 (India Standard Time),99.856,7.1453
IN3520190072,07.11 CG SDL 2030,7.11,Mon Mar 18 2030 05:30:00 GMT+0530 (India Standard Time),99.7753,7.1816
IN2120190185,07.11 MP SDL 2030,7.11,Mon Mar 18 2030 05:30:00 GMT+0530 (India Standard Time),99.8868,7.1453
IN1420190192,07.15 GA SDL 2030,7.15,Mon Mar 18 2030 05:30:00 GMT+0530 (India Standard Time),100.0099,7.1453
IN1120190047,07.20 AR SDL 2030,7.2,Mon Mar 18 2030 05:30:00 GMT+0530 (India Standard Time),100.1639,7.1453
IN1220190236,07.20 AS SDL 2030,7.2,Mon Mar 18 2030 05:30:00 GMT+0530 (India Standard Time),100.1639,7.1453
IN2420190075,07.20 ML SDL 2030,7.2,Mon Mar 18 2030 05:30:00 GMT+0530 (India Standard Time),100.1639,7.1453
IN2520190066,07.20 MZ SDL 2030,7.2,Mon Mar 18 2030 05:30:00 GMT+0530 (India Standard Time),100.1639,7.1453
IN3420190230,07.20 WB SDL 2030,7.2,Mon Mar 18 2030 05:30:00 GMT+0530 (India Standard Time),100.1639,7.1453
IN2220250525,06.83 MH SGS 2030,6.83,Mon Mar 18 2030 05:30:00 GMT+0530 (India Standard Time),99.0249,7.1453
IN2620250059,06.99 NL SGS 2030,6.99,Mon Mar 18 2030 05:30:00 GMT+0530 (India Standard Time),99.5174,7.1453
IN3120240707,07.04 TN SGS 2030,7.04,Tue Mar 19 2030 05:30:00 GMT+0530 (India Standard Time),99.6708,7.1453
IN4520230488,07.44 TS SGS 2030,7.44,Wed Mar 20 2030 05:30:00 GMT+0530 (India Standard Time),100.9033,7.1453
IN3120210460,07.13 TN SDL 2030,7.13,Sat Mar 23 2030 05:30:00 GMT+0530 (India Standard Time),99.9468,7.1453
IN1020220738,07.70 AP SGS 2030 23 MAR,7.7,Sat Mar 23 2030 05:30:00 GMT+0530 (India Standard Time),101.7073,7.1453
IN1520190225,07.45 GJ SDL 2030,7.45,Sun Mar 24 2030 05:30:00 GMT+0530 (India Standard Time),100.9355,7.1453
IN2920190468,07.45 RJ SDL 2030,7.45,Sun Mar 24 2030 05:30:00 GMT+0530 (India Standard Time),100.9355,7.1453
IN3620190147,07.45 UK SDL 2030,7.45,Sun Mar 24 2030 05:30:00 GMT+0530 (India Standard Time),100.9355,7.1453
IN1220190244,07.50 AS SDL 2030,7.5,Sun Mar 24 2030 05:30:00 GMT+0530 (India Standard Time),101.0901,7.1453
IN1420190200,07.50 GA SDL 2030,7.5,Sun Mar 24 2030 05:30:00 GMT+0530 (India Standard Time),101.0901,7.1453
IN2520190074,07.50 MZ SDL 2030,7.5,Sun Mar 24 2030 05:30:00 GMT+0530 (India Standard Time),101.0901,7.1453
IN3220190067,07.50 TR SDL 2030,7.5,Sun Mar 24 2030 05:30:00 GMT+0530 (India Standard Time),101.0901,7.1453
IN3520190080,07.59 CG SDL 2030,7.59,Sun Mar 24 2030 05:30:00 GMT+0530 (India Standard Time),101.3682,7.1453
IN1620190208,07.80 HR SDL 2030,7.8,Sun Mar 24 2030 05:30:00 GMT+0530 (India Standard Time),102.0173,7.1453
IN3320190272,07.93 UP SDL 2030,7.93,Sun Mar 24 2030 05:30:00 GMT+0530 (India Standard Time),102.3726,7.1601
IN4520190179,07.99 TS SDL 2030,7.99,Sun Mar 24 2030 05:30:00 GMT+0530 (India Standard Time),102.6045,7.1453
IN1820190172,07.95 JK SDL 2030,7.95,Tue Mar 26 2030 05:30:00 GMT+0530 (India Standard Time),102.4837,7.1453
IN3120210502,07.17 TN SDL 2030,7.17,Sat Mar 30 2030 05:30:00 GMT+0530 (India Standard Time),100.0689,7.1453
IN1720190181,07.30 HP SDL 2030,7.3,Sun Mar 31 2030 05:30:00 GMT+0530 (India Standard Time),100.4723,7.1453
IN2920190476,07.30 RJ SDL 2030,7.3,Sun Mar 31 2030 05:30:00 GMT+0530 (India Standard Time),100.4723,7.1453
IN3320190280,07.30 UP SDL 2030,7.3,Sun Mar 31 2030 05:30:00 GMT+0530 (India Standard Time),100.4723,7.1453
IN3520190098,07.35 CG SDL 2030,7.35,Sun Mar 31 2030 05:30:00 GMT+0530 (India Standard Time),100.6275,7.1453
IN3820190087,07.35 PY SDL 2030,7.35,Sun Mar 31 2030 05:30:00 GMT+0530 (India Standard Time),100.6275,7.1453
IN4520190211,07.35 TS SDL 2030,7.35,Sun Mar 31 2030 05:30:00 GMT+0530 (India Standard Time),100.6275,7.1453
IN3620190154,07.35 UK SDL 2030,7.35,Sun Mar 31 2030 05:30:00 GMT+0530 (India Standard Time),100.6275,7.1453
IN3420190255,07.35 WB SDL 2030,7.35,Sun Mar 31 2030 05:30:00 GMT+0530 (India Standard Time),100.6275,7.1453
IN1520200354,06.90 GJ SDL 2030,6.9,Sun Mar 31 2030 05:30:00 GMT+0530 (India Standard Time),99.3818,7.0966
IN1020240017,07.39 AP SGS 2030,7.39,Wed Apr 03 2030 05:30:00 GMT+0530 (India Standard Time),100.7524,7.1453
IN3120200016,07.75 TN SDL 2030,7.75,Mon Apr 08 2030 05:30:00 GMT+0530 (India Standard Time),101.877,7.1453
IN1920200012,07.80 KA SDL 2030,7.8,Mon Apr 08 2030 05:30:00 GMT+0530 (India Standard Time),102.033,7.1453
IN2220200017,07.83 MH SDL 2030,7.83,Mon Apr 08 2030 05:30:00 GMT+0530 (India Standard Time),102.1266,7.1453
IN3620200011,07.85 UK SDL 2030,7.85,Mon Apr 08 2030 05:30:00 GMT+0530 (India Standard Time),102.189,7.1453
IN1420200017,07.88 GA SDL 2030,7.88,Mon Apr 08 2030 05:30:00 GMT+0530 (India Standard Time),102.2826,7.1453
IN2020200019,07.91 KL SDL 2030,7.91,Mon Apr 08 2030 05:30:00 GMT+0530 (India Standard Time),102.3762,7.1453
IN1120200010,08.00 AR SDL 2030,8,Mon Apr 08 2030 05:30:00 GMT+0530 (India Standard Time),102.657,7.1453
IN1220200019,08.00 AS SDL 2030,8,Mon Apr 08 2030 05:30:00 GMT+0530 (India Standard Time),102.657,7.1453
IN1620200015,08.00 HR SDL 2030,8,Mon Apr 08 2030 05:30:00 GMT+0530 (India Standard Time),102.657,7.1453
IN2320200016,08.00 MN SDL 2030,8,Mon Apr 08 2030 05:30:00 GMT+0530 (India Standard Time),102.657,7.1453
IN2620200013,08.00 NL SDL 2030,8,Mon Apr 08 2030 05:30:00 GMT+0530 (India Standard Time),102.657,7.1453
IN4920200024,08.15 JK SDL 2030,8.15,Mon Apr 08 2030 05:30:00 GMT+0530 (India Standard Time),103.125,7.1453
IN2220220023,07.18 MH SDL 2030,7.18,Mon Apr 08 2030 05:30:00 GMT+0530 (India Standard Time),100.0986,7.1453
IN2220230022,07.49 MH SGS 2030,7.49,Fri Apr 12 2030 05:30:00 GMT+0530 (India Standard Time),101.0429,7.1532
IN2220200025,07.60 MH SDL 2030,7.6,Mon Apr 15 2030 05:30:00 GMT+0530 (India Standard Time),101.4142,7.1453
IN1120200028,07.64 AR SDL 2030,7.64,Mon Apr 15 2030 05:30:00 GMT+0530 (India Standard Time),101.5396,7.1453
IN1420200025,07.64 GA SDL 2030,7.64,Mon Apr 15 2030 05:30:00 GMT+0530 (India Standard Time),101.5396,7.1453
IN4520200028,07.65 TS SDL 2030,7.65,Mon Apr 15 2030 05:30:00 GMT+0530 (India Standard Time),101.571,7.1453
IN3320200014,07.65 UP SDL 2030,7.65,Mon Apr 15 2030 05:30:00 GMT+0530 (India Standard Time),101.571,7.1453
IN2220190010,08.15 MH SDL 2030,8.15,Tue Apr 16 2030 05:30:00 GMT+0530 (India Standard Time),103.2002,7.1266
IN1620230012,07.50 HR SGS 2030,7.5,Fri Apr 19 2030 05:30:00 GMT+0530 (India Standard Time),101.103,7.1453
IN3320200022,07.00 UP SDL 2030,7,Mon Apr 22 2030 05:30:00 GMT+0530 (India Standard Time),99.5301,7.1453
IN2520200014,07.04 MZ SDL 2030,7.04,Mon Apr 22 2030 05:30:00 GMT+0530 (India Standard Time),99.6561,7.1453
IN3020200017,07.14 SK SDL 2030,7.14,Mon Apr 22 2030 05:30:00 GMT+0530 (India Standard Time),99.971,7.1453
IN2020180021,08.32 KL SDL 2030,8.32,Thu Apr 25 2030 05:30:00 GMT+0530 (India Standard Time),103.694,7.1453
IN1520230013,07.38 GJ SGS 2030,7.38,Fri Apr 26 2030 05:30:00 GMT+0530 (India Standard Time),100.7282,7.1453
IN1020230042,07.41 AP SGS 2030,7.41,Fri Apr 26 2030 05:30:00 GMT+0530 (India Standard Time),100.8229,7.1453
IN1720200089,06.51 HP SDL 2030,6.51,Sun Apr 28 2030 05:30:00 GMT+0530 (India Standard Time),97.9781,7.1453
IN3420200013,06.85 WB SDL 2030,6.85,Mon Apr 29 2030 05:30:00 GMT+0530 (India Standard Time),99.0524,7.1453
IN3320200030,06.86 UP SDL 2030,6.86,Mon Apr 29 2030 05:30:00 GMT+0530 (India Standard Time),99.084,7.1453
IN1620220021,07.27 HR SDL 2030,7.27,Sat May 04 2030 05:30:00 GMT+0530 (India Standard Time),100.3819,7.1453
IN2120200075,06.69 MP SDL 2030,6.69,Mon May 06 2030 05:30:00 GMT+0530 (India Standard Time),98.5386,7.1453
IN3320200048,06.69 UP SDL 2030,6.69,Mon May 06 2030 05:30:00 GMT+0530 (India Standard Time),98.5386,7.1453
IN2920200044,06.71 RJ SDL 2030,6.71,Mon May 06 2030 05:30:00 GMT+0530 (India Standard Time),98.6022,7.1453
IN4920200032,06.79 JK SDL 2030,6.79,Mon May 06 2030 05:30:00 GMT+0530 (India Standard Time),98.8565,7.1453
IN2220220049,07.63 MH SDL 2030,7.63,Sat May 11 2030 05:30:00 GMT+0530 (India Standard Time),101.531,7.1453
IN1420200033,06.72 GA SDL 2030,6.72,Mon May 13 2030 05:30:00 GMT+0530 (India Standard Time),98.6271,7.1453
IN2820200060,06.72 PN SDL 2030,6.72,Mon May 13 2030 05:30:00 GMT+0530 (India Standard Time),98.6271,7.1453
IN2120200083,06.73 MP SDL 2030,6.73,Mon May 13 2030 05:30:00 GMT+0530 (India Standard Time),98.659,7.1453
IN3120200065,06.73 TN SDL 2030,6.73,Mon May 13 2030 05:30:00 GMT+0530 (India Standard Time),98.659,7.1453
IN2920200051,06.78 RJ SDL 2030,6.78,Mon May 13 2030 05:30:00 GMT+0530 (India Standard Time),98.8187,7.1453
IN2320200024,06.80 MN SDL 2030,6.8,Mon May 13 2030 05:30:00 GMT+0530 (India Standard Time),98.8825,7.1453
IN3420200021,06.85 WB SDL 2030MAY,6.85,Mon May 13 2030 05:30:00 GMT+0530 (India Standard Time),99.0422,7.1453
IN1020220118,07.63 AP SDL 2030,7.63,Sat May 18 2030 05:30:00 GMT+0530 (India Standard Time),101.5376,7.1453
IN2020200092,06.63 KL SDL 2030,6.63,Mon May 20 2030 05:30:00 GMT+0530 (India Standard Time),98.3317,7.1453
IN1020170024,07.51 AP SDL 2030,7.51,Fri May 24 2030 05:30:00 GMT+0530 (India Standard Time),101.1575,7.1453
IN2220230048,07.26 MH SGS 2030,7.26,Fri May 24 2030 05:30:00 GMT+0530 (India Standard Time),100.3534,7.1453
IN1720200105,06.60 HP SDL 2030,6.6,Sat May 25 2030 05:30:00 GMT+0530 (India Standard Time),98.2295,7.1453
IN2220220056,07.62 MH SDL 2030,7.62,Sat May 25 2030 05:30:00 GMT+0530 (India Standard Time),101.5122,7.1453
IN1520200040,06.47 GJ SDL 2030,6.47,Mon May 27 2030 05:30:00 GMT+0530 (India Standard Time),97.8082,7.1453
IN1920200038,06.49 KA SDL 2030,6.49,Mon May 27 2030 05:30:00 GMT+0530 (India Standard Time),97.8727,7.1453
IN2920200085,06.49 RJ SDL 2030,6.49,Mon May 27 2030 05:30:00 GMT+0530 (India Standard Time),97.8727,7.1453
IN3420200039,06.50 WB SDL 2030,6.5,Mon May 27 2030 05:30:00 GMT+0530 (India Standard Time),97.9049,7.1453
IN2220200033,06.54 MH SDL 2030,6.54,Mon May 27 2030 05:30:00 GMT+0530 (India Standard Time),98.0338,7.1453
IN1420200058,06.60 GA SDL 2030,6.6,Mon May 27 2030 05:30:00 GMT+0530 (India Standard Time),98.2271,7.1453
IN1220250055,06.22 AS SGS 2030,6.22,Tue May 28 2030 05:30:00 GMT+0530 (India Standard Time),97.0006,7.1453
IN2020200118,06.55 KL SDL 2030,6.55,Mon Jun 03 2030 05:30:00 GMT+0530 (India Standard Time),98.0584,7.1453
IN1020200169,06.58 AP SDL 2030,6.58,Mon Jun 03 2030 05:30:00 GMT+0530 (India Standard Time),98.1555,7.1453
IN1920200053,06.58 KA SDL 2030,6.58,Mon Jun 03 2030 05:30:00 GMT+0530 (India Standard Time),98.1555,7.1453
IN2920200119,06.58 RJ SDL 2030,6.58,Mon Jun 03 2030 05:30:00 GMT+0530 (India Standard Time),98.1555,7.1453
IN4920200040,06.62 JK SDL 2030,6.62,Mon Jun 03 2030 05:30:00 GMT+0530 (India Standard Time),98.2849,7.1453
IN2120200091,06.64 MP SDL 2030,6.64,Mon Jun 03 2030 05:30:00 GMT+0530 (India Standard Time),98.3496,7.1453
IN2820200078,06.70 PN SDL 2030,6.7,Mon Jun 03 2030 05:30:00 GMT+0530 (India Standard Time),98.5437,7.1453
IN2920260071,07.37 RJ SGS 2030,7.37,Mon Jun 03 2030 05:30:00 GMT+0530 (India Standard Time),100.7113,7.1453
IN2220190028,07.59 MH SDL 2030,7.59,Tue Jun 04 2030 05:30:00 GMT+0530 (India Standard Time),101.4239,7.1453
IN3520230019,07.29 CG SGS 2030,7.29,Fri Jun 07 2030 05:30:00 GMT+0530 (India Standard Time),100.3242,7.1851
IN2220220080,07.86 MH SDL 2030,7.86,Sat Jun 08 2030 05:30:00 GMT+0530 (India Standard Time),102.304,7.1453
IN1520210015,06.72 GJ SDL 2030,6.72,Sun Jun 09 2030 05:30:00 GMT+0530 (India Standard Time),98.6031,7.1453
IN2120200109,06.57 MP SDL 2030,6.57,Mon Jun 10 2030 05:30:00 GMT+0530 (India Standard Time),98.1148,7.1453
IN2920200135,06.57 RJ SDL 2030,6.57,Mon Jun 10 2030 05:30:00 GMT+0530 (India Standard Time),98.1148,7.1453
IN2520200022,06.60 MZ SDL 2030,6.6,Mon Jun 10 2030 05:30:00 GMT+0530 (India Standard Time),98.2123,7.1453
IN3120200115,06.60 TN SDL 2030,6.6,Mon Jun 10 2030 05:30:00 GMT+0530 (India Standard Time),98.2123,7.1453
IN3420200047,06.65 WB SDL 2030,6.65,Mon Jun 10 2030 05:30:00 GMT+0530 (India Standard Time),98.3747,7.1453
IN3620240025,07.39 UK SGS 2030,7.39,Wed Jun 12 2030 05:30:00 GMT+0530 (India Standard Time),100.7807,7.1453
IN3820240015,07.40 PY SGS 2030,7.4,Wed Jun 12 2030 05:30:00 GMT+0530 (India Standard Time),100.8133,7.1453
IN1020200201,06.54 AP SDL 2030,6.54,Mon Jun 17 2030 05:30:00 GMT+0530 (India Standard Time),98.0086,7.1453
IN1420200066,06.54 GA SDL 2030,6.54,Mon Jun 17 2030 05:30:00 GMT+0530 (India Standard Time),98.0086,7.1453
IN2920200150,06.54 RJ SDL 2030,6.54,Mon Jun 17 2030 05:30:00 GMT+0530 (India Standard Time),98.0086,7.1453
IN3120200149,06.55 TN SDL 2030,6.55,Mon Jun 17 2030 05:30:00 GMT+0530 (India Standard Time),98.0413,7.1453
IN2320200032,06.56 MN SDL 2030,6.56,Mon Jun 17 2030 05:30:00 GMT+0530 (India Standard Time),98.0739,7.1453
IN1720200113,06.57 HP SDL 2030,6.57,Sun Jun 23 2030 05:30:00 GMT+0530 (India Standard Time),98.0997,7.1453
IN1420200074,06.58 GA SDL 2030,6.58,Mon Jun 24 2030 05:30:00 GMT+0530 (India Standard Time),98.1314,7.1453
IN2920200168,06.59 RJ SDL 2030,6.59,Mon Jun 24 2030 05:30:00 GMT+0530 (India Standard Time),98.1642,7.1453
IN4520200101,06.60 TS SDL 2030,6.6,Mon Jun 24 2030 05:30:00 GMT+0530 (India Standard Time),98.1969,7.1453
IN1020190113,07.31 AP SDL 2030,7.31,Wed Jun 26 2030 05:30:00 GMT+0530 (India Standard Time),100.5261,7.1453
IN1520230054,07.38 GJ SGS 2030 28 JUN,7.38,Fri Jun 28 2030 05:30:00 GMT+0530 (India Standard Time),100.7571,7.1453
IN3520230027,07.40 CG SGS 2030,7.4,Fri Jun 28 2030 05:30:00 GMT+0530 (India Standard Time),100.8228,7.1453
IN3820210059,06.96 PY SDL 2030,6.96,Sat Jun 29 2030 05:30:00 GMT+0530 (India Standard Time),99.376,7.1453
IN1520200073,06.54 GJ SDL 2030,6.54,Mon Jul 01 2030 05:30:00 GMT+0530 (India Standard Time),97.9919,7.1453
IN2920200184,06.55 RJ SDL 2030,6.55,Mon Jul 01 2030 05:30:00 GMT+0530 (India Standard Time),98.0249,7.1453
IN3420200054,06.55 WB SDL 2030,6.55,Mon Jul 01 2030 05:30:00 GMT+0530 (India Standard Time),98.0249,7.1453
IN1020200219,06.57 AP SDL 2030,6.57,Mon Jul 01 2030 05:30:00 GMT+0530 (India Standard Time),98.0908,7.1453
IN2820260064,07.02 PN SGS 2030,7.02,Mon Jul 01 2030 05:30:00 GMT+0530 (India Standard Time),98.9907,7.323
IN2220190036,07.39 MH SDL 2030,7.39,Wed Jul 03 2030 05:30:00 GMT+0530 (India Standard Time),100.793,7.1453
IN1720220012,07.76 HP SDL 2030,7.76,Sat Jul 06 2030 05:30:00 GMT+0530 (India Standard Time),102.0176,7.1453
IN1520210049,06.91 GJ SDL 2030,6.91,Sun Jul 07 2030 05:30:00 GMT+0530 (India Standard Time),99.2084,7.1453
IN1020200227,06.50 AP SDL 2030,6.5,Mon Jul 08 2030 05:30:00 GMT+0530 (India Standard Time),97.8515,7.1453
IN3320200055,06.50 UP SDL 2030,6.5,Mon Jul 08 2030 05:30:00 GMT+0530 (India Standard Time),97.8515,7.1453
IN2420200015,06.52 ML SDL 2030,6.52,Mon Jul 08 2030 05:30:00 GMT+0530 (India Standard Time),97.9177,7.1453
IN2620200021,06.52 NL SDL 2030,6.52,Mon Jul 08 2030 05:30:00 GMT+0530 (India Standard Time),97.9177,7.1453
IN1220200027,06.55 AS SDL 2030,6.55,Mon Jul 08 2030 05:30:00 GMT+0530 (India Standard Time),98.0169,7.1453
IN4920200057,06.58 JK SDL 2030,6.58,Mon Jul 08 2030 05:30:00 GMT+0530 (India Standard Time),98.1162,7.1453
IN1020190139,07.13 AP SDL 2030,7.13,Wed Jul 10 2030 05:30:00 GMT+0530 (India Standard Time),99.9362,7.1453
IN1420200082,06.41 GA SDL 2030,6.41,Mon Jul 15 2030 05:30:00 GMT+0530 (India Standard Time),97.5439,7.1453
IN3120200214,06.41 TN SDL 2030,6.41,Mon Jul 15 2030 05:30:00 GMT+0530 (India Standard Time),97.5439,7.1453
IN2320200040,06.42 MN SDL 2030,6.42,Mon Jul 15 2030 05:30:00 GMT+0530 (India Standard Time),97.5772,7.1453
IN1620190042,06.90 HR SDL 2030,6.9,Wed Jul 17 2030 05:30:00 GMT+0530 (India Standard Time),99.1717,7.1453
IN1320230015,07.37 BR SGS 2030,7.37,Fri Jul 19 2030 05:30:00 GMT+0530 (India Standard Time),100.7369,7.1453
IN3120200222,06.33 TN SDL 2030,6.33,Mon Jul 22 2030 05:30:00 GMT+0530 (India Standard Time),97.2673,7.1453
IN1320230023,07.40 BR SGS 2030,7.4,Fri Jul 26 2030 05:30:00 GMT+0530 (India Standard Time),100.8419,7.1453
IN3420210079,06.99 WB SDL 2030,6.99,Sun Jul 28 2030 05:30:00 GMT+0530 (India Standard Time),99.4696,7.1453
IN1920200103,06.40 KA SDL 2030,6.4,Mon Jul 29 2030 05:30:00 GMT+0530 (India Standard Time),97.4913,7.1453
IN3320200063,06.44 UP SDL 2030,6.44,Mon Jul 29 2030 05:30:00 GMT+0530 (India Standard Time),97.6255,7.1453
IN3420200070,06.46 WB SDL 2030,6.46,Mon Jul 29 2030 05:30:00 GMT+0530 (India Standard Time),97.6925,7.1453
IN1420200090,06.50 GA SDL 2030,6.5,Mon Jul 29 2030 05:30:00 GMT+0530 (India Standard Time),97.8266,7.1453
IN2720250033,06.49 OD SGS 2030,6.49,Tue Jul 30 2030 05:30:00 GMT+0530 (India Standard Time),97.7919,7.1453
IN3120240178,07.24 TN SGS 2030,7.24,Wed Jul 31 2030 05:30:00 GMT+0530 (India Standard Time),100.3081,7.1453
IN4520230165,07.45 TS SGS 2030 02 AUG,7.45,Fri Aug 02 2030 05:30:00 GMT+0530 (India Standard Time),101.0144,7.1453
IN1520200107,06.40 GJ SDL 2030,6.4,Mon Aug 05 2030 05:30:00 GMT+0530 (India Standard Time),97.4833,7.1453
IN2820200094,06.42 PN SDL 2030,6.42,Mon Aug 05 2030 05:30:00 GMT+0530 (India Standard Time),97.5506,7.1453
IN2320200057,06.45 MN SDL 2030,6.45,Mon Aug 05 2030 05:30:00 GMT+0530 (India Standard Time),97.6516,7.1453
IN4920200065,06.46 JK SDL 2030,6.46,Mon Aug 05 2030 05:30:00 GMT+0530 (India Standard Time),97.6852,7.1453
IN2720260024,06.94 OD SGS 2030,6.94,Mon Aug 05 2030 05:30:00 GMT+0530 (India Standard Time),99.3733,7.1236
IN1020190162,07.25 AP SDL 2030,7.25,Wed Aug 07 2030 05:30:00 GMT+0530 (India Standard Time),100.3448,7.1453
IN2020180070,08.48 KL SDL 2030,8.48,Thu Aug 08 2030 05:30:00 GMT+0530 (India Standard Time),104.4926,7.1453
IN2920200317,06.46 RJ SDL 2030,6.46,Mon Aug 12 2030 05:30:00 GMT+0530 (India Standard Time),97.6768,7.1453
IN1920200137,06.48 KA SDL 2030,6.48,Mon Aug 12 2030 05:30:00 GMT+0530 (India Standard Time),97.7444,7.1453
IN1620210097,06.92 HR SDL 2030,6.92,Sun Aug 18 2030 05:30:00 GMT+0530 (India Standard Time),99.2305,7.1453
IN1420200108,06.50 GA SDL 2030AUG,6.5,Mon Aug 19 2030 05:30:00 GMT+0530 (India Standard Time),97.8045,7.1453
IN1920200152,06.50 KA SDL 2030,6.5,Mon Aug 19 2030 05:30:00 GMT+0530 (India Standard Time),97.8045,7.1453
IN2920200325,06.50 RJ SDL 2030,6.5,Mon Aug 19 2030 05:30:00 GMT+0530 (India Standard Time),97.8045,7.1453
IN3120200255,06.50 TN SDL 2030,6.5,Mon Aug 19 2030 05:30:00 GMT+0530 (India Standard Time),97.8045,7.1453
IN3120180093,08.46 TN SDL 2030,8.46,Wed Aug 21 2030 05:30:00 GMT+0530 (India Standard Time),104.4647,7.1453
IN1920200178,06.63 KA SDL 2030,6.63,Mon Aug 26 2030 05:30:00 GMT+0530 (India Standard Time),98.2403,7.1453
IN2920200341,06.64 RJ SDL 2030,6.64,Mon Aug 26 2030 05:30:00 GMT+0530 (India Standard Time),98.2744,7.1453
IN1520200123,06.65 GJ SDL 2030,6.65,Mon Aug 26 2030 05:30:00 GMT+0530 (India Standard Time),98.3085,7.1453
IN3120200289,06.66 TN SDL 2030,6.66,Mon Aug 26 2030 05:30:00 GMT+0530 (India Standard Time),98.3426,7.1453
IN3320200071,06.67 UP SDL 2030,6.67,Mon Aug 26 2030 05:30:00 GMT+0530 (India Standard Time),98.3767,7.1453
IN1420200116,06.68 GA SDL 2030,6.68,Mon Aug 26 2030 05:30:00 GMT+0530 (India Standard Time),98.4108,7.1453
IN3420200096,06.68 WB SDL 2030,6.68,Mon Aug 26 2030 05:30:00 GMT+0530 (India Standard Time),98.4108,7.1453
IN2820180098,08.56 PN SDL 2030,8.56,Thu Aug 29 2030 05:30:00 GMT+0530 (India Standard Time),104.831,7.1453
IN1620220195,07.53 HR SGS 2030,7.53,Fri Aug 30 2030 05:30:00 GMT+0530 (India Standard Time),101.3136,7.1453
IN1920200194,06.40 KA SDL 2030SEP,6.4,Mon Sep 02 2030 05:30:00 GMT+0530 (India Standard Time),97.4486,7.1453
IN3620200029,06.43 UK SDL 2030,6.43,Mon Sep 02 2030 05:30:00 GMT+0530 (India Standard Time),97.5513,7.1453
IN1520200131,06.45 GJ SDL 2030,6.45,Mon Sep 02 2030 05:30:00 GMT+0530 (India Standard Time),97.6197,7.1453
IN2420200023,06.45 ML SDL 2030,6.45,Mon Sep 02 2030 05:30:00 GMT+0530 (India Standard Time),97.6197,7.1453
IN2920200358,06.46 RJ SDL 2030SEP,6.46,Mon Sep 02 2030 05:30:00 GMT+0530 (India Standard Time),97.654,7.1453
IN1220200035,06.55 AS SDL 2030SEP,6.55,Mon Sep 02 2030 05:30:00 GMT+0530 (India Standard Time),97.962,7.1453
IN4520220141,07.45 TS SGS 2030,7.45,Sat Sep 07 2030 05:30:00 GMT+0530 (India Standard Time),101.0449,7.1453
IN1320210066,06.85 BR SDL 2030,6.85,Sun Sep 08 2030 05:30:00 GMT+0530 (India Standard Time),98.9844,7.1453
IN1920200210,06.56 KA SDL 2030,6.56,Mon Sep 09 2030 05:30:00 GMT+0530 (India Standard Time),97.9868,7.1453
IN1420200124,06.60 GA SDL 2030SEP,6.6,Mon Sep 09 2030 05:30:00 GMT+0530 (India Standard Time),98.1243,7.1453
IN2920200366,06.60 RJ SDL 2030,6.6,Mon Sep 09 2030 05:30:00 GMT+0530 (India Standard Time),98.1243,7.1453
IN3320200089,06.64 UP SDL 2030,6.64,Mon Sep 09 2030 05:30:00 GMT+0530 (India Standard Time),98.2618,7.1453
IN1620200098,06.70 HR SDL 2030,6.7,Mon Sep 09 2030 05:30:00 GMT+0530 (India Standard Time),98.468,7.1453
IN4920200073,06.70 JK SDL 2030,6.7,Mon Sep 09 2030 05:30:00 GMT+0530 (India Standard Time),98.468,7.1453
IN1320250096,07.02 BR SGS 2030,7.02,Tue Sep 10 2030 05:30:00 GMT+0530 (India Standard Time),99.5671,7.1453
IN1020180254,08.79 AP SDL 2030,8.79,Thu Sep 12 2030 05:30:00 GMT+0530 (India Standard Time),105.6595,7.1453
IN3120240657,07.09 TN SGS 2030,7.09,Thu Sep 12 2030 05:30:00 GMT+0530 (India Standard Time),99.8069,7.1453
IN2720240158,07.17 OD SGS 2030,7.17,Thu Sep 12 2030 05:30:00 GMT+0530 (India Standard Time),100.0824,7.1453
IN1920200236,06.65 KA SDL 2030,6.65,Mon Sep 16 2030 05:30:00 GMT+0530 (India Standard Time),98.2869,7.1453
IN2920200374,06.67 RJ SDL 2030,6.67,Mon Sep 16 2030 05:30:00 GMT+0530 (India Standard Time),98.3559,7.1453
IN3620200037,06.67 UK SDL 2030,6.67,Mon Sep 16 2030 05:30:00 GMT+0530 (India Standard Time),98.3559,7.1453
IN3320200097,06.68 UP SDL 2030,6.68,Mon Sep 16 2030 05:30:00 GMT+0530 (India Standard Time),98.3904,7.1453
IN2420200031,06.70 ML SDL 2030,6.7,Mon Sep 16 2030 05:30:00 GMT+0530 (India Standard Time),98.4595,7.1453
IN2620200039,06.70 NL SDL 2030,6.7,Mon Sep 16 2030 05:30:00 GMT+0530 (India Standard Time),98.4595,7.1453
IN3220200015,06.70 TR SDL 2030,6.7,Mon Sep 16 2030 05:30:00 GMT+0530 (India Standard Time),98.4595,7.1453
IN2620250026,07.14 NL SGS 2030,7.14,Tue Sep 17 2030 05:30:00 GMT+0530 (India Standard Time),99.9775,7.1453
IN4520230256,07.46 TS SGS 2030,7.46,Sun Sep 22 2030 05:30:00 GMT+0530 (India Standard Time),101.0841,7.1453
IN3520230043,07.47 CG SGS 2030,7.47,Sun Sep 22 2030 05:30:00 GMT+0530 (India Standard Time),101.1187,7.1453
IN3120200297,06.69 TN SDL 2030,6.69,Mon Sep 23 2030 05:30:00 GMT+0530 (India Standard Time),98.4165,7.1453
IN1520200156,06.70 GJ SDL 2030,6.7,Mon Sep 23 2030 05:30:00 GMT+0530 (India Standard Time),98.4512,7.1453
IN1920200251,06.70 KA SDL 2030,6.7,Mon Sep 23 2030 05:30:00 GMT+0530 (India Standard Time),98.4512,7.1453
IN2920200382,06.72 RJ SDL 2030,6.72,Mon Sep 23 2030 05:30:00 GMT+0530 (India Standard Time),98.5205,7.1453
IN3020200025,06.73 SK SDL 2030,6.73,Mon Sep 23 2030 05:30:00 GMT+0530 (India Standard Time),98.5551,7.1453
IN1420200132,06.74 GA SDL 2030,6.74,Mon Sep 23 2030 05:30:00 GMT+0530 (India Standard Time),98.5897,7.1453
IN3320200105,06.74 UP SDL 2030,6.74,Mon Sep 23 2030 05:30:00 GMT+0530 (India Standard Time),98.5897,7.1453
IN1220200050,06.80 AS SDL 2030,6.8,Mon Sep 23 2030 05:30:00 GMT+0530 (India Standard Time),98.7976,7.1453
IN1020190238,07.27 AP SDL 2030,7.27,Wed Sep 25 2030 05:30:00 GMT+0530 (India Standard Time),100.4261,7.1453
IN3520240026,07.03 CG SGS 2030,7.03,Wed Sep 25 2030 05:30:00 GMT+0530 (India Standard Time),99.5935,7.1453
IN3820180013,08.73 PY SDL 2030,8.73,Thu Sep 26 2030 05:30:00 GMT+0530 (India Standard Time),105.4935,7.1453
IN1920240315,06.96 KA SGS 2030,6.96,Thu Sep 26 2030 05:30:00 GMT+0530 (India Standard Time),99.3501,7.1453
IN1220240221,07.02 AS SGS 2030,7.02,Thu Sep 26 2030 05:30:00 GMT+0530 (India Standard Time),99.5583,7.1453
IN3520230050,07.49 CG SGS 2030,7.49,Fri Sep 27 2030 05:30:00 GMT+0530 (India Standard Time),101.1901,7.1453
IN2220220106,07.62 MH SGS 2030,7.62,Sat Sep 28 2030 05:30:00 GMT+0530 (India Standard Time),101.6423,7.1453
IN1520200164,06.83 GJ SDL 2030,6.83,Mon Sep 30 2030 05:30:00 GMT+0530 (India Standard Time),98.8953,7.1453
IN1920200277,06.85 KA SDL 2030,6.85,Mon Sep 30 2030 05:30:00 GMT+0530 (India Standard Time),98.9649,7.1453
IN2920200408,06.85 RJ SDL 2030,6.85,Mon Sep 30 2030 05:30:00 GMT+0530 (India Standard Time),98.9649,7.1453
IN1420200140,06.89 GA SDL 2030,6.89,Mon Sep 30 2030 05:30:00 GMT+0530 (India Standard Time),99.104,7.1453
IN1220200068,06.90 AS SDL 2030 30 SEP,6.9,Mon Sep 30 2030 05:30:00 GMT+0530 (India Standard Time),99.1388,7.1453
IN2420200049,06.90 ML SDL 2030,6.9,Mon Sep 30 2030 05:30:00 GMT+0530 (India Standard Time),99.1388,7.1453
IN3620200045,06.90 UK SDL 2030 30 SEP,6.9,Mon Sep 30 2030 05:30:00 GMT+0530 (India Standard Time),99.1388,7.1453
IN3320200113,06.90 UP SDL 2030 30 SEP,6.9,Mon Sep 30 2030 05:30:00 GMT+0530 (India Standard Time),99.1388,7.1453
IN1920240034,07.00 KA SGS 2030,7,Thu Oct 03 2030 05:30:00 GMT+0530 (India Standard Time),99.4851,7.1453
IN2220220122,07.76 MH SGS 2030,7.76,Fri Oct 04 2030 05:30:00 GMT+0530 (India Standard Time),102.1347,7.1453
IN1320210074,06.87 BR SDL 2030,6.87,Sun Oct 06 2030 05:30:00 GMT+0530 (India Standard Time),99.0297,7.1453
IN1520200172,06.84 GJ SDL 2030,6.84,Mon Oct 07 2030 05:30:00 GMT+0530 (India Standard Time),98.9241,7.1453
IN1920200293,06.86 KA SDL 2030,6.86,Mon Oct 07 2030 05:30:00 GMT+0530 (India Standard Time),98.9896,7.1466
IN2220200223,06.87 MH SDL 2030,6.87,Mon Oct 07 2030 05:30:00 GMT+0530 (India Standard Time),99.0289,7.1453
IN1420200157,06.90 GA SDL 2030 07 OCT,6.9,Mon Oct 07 2030 05:30:00 GMT+0530 (India Standard Time),99.1337,7.1453
IN1720200048,06.90 HP SDL 2030,6.9,Mon Oct 07 2030 05:30:00 GMT+0530 (India Standard Time),99.1337,7.1453
IN1220200084,06.91 AS SDL 2030,6.91,Mon Oct 07 2030 05:30:00 GMT+0530 (India Standard Time),99.1687,7.1453
IN2620200047,06.91 NL SDL 2030,6.91,Mon Oct 07 2030 05:30:00 GMT+0530 (India Standard Time),99.1687,7.1453
IN3320200121,06.91 UP SDL 2030 07 OCT,6.91,Mon Oct 07 2030 05:30:00 GMT+0530 (India Standard Time),99.1687,7.1453
IN2920200424,06.92 RJ SDL 2030,6.92,Mon Oct 07 2030 05:30:00 GMT+0530 (India Standard Time),99.2036,7.1453
IN3720200010,06.93 JH SDL 2030,6.93,Mon Oct 07 2030 05:30:00 GMT+0530 (India Standard Time),99.2385,7.1453
IN1020190246,07.19 AP SDL 2030,7.19,Wed Oct 09 2030 05:30:00 GMT+0530 (India Standard Time),100.1465,7.1453
IN1620190133,07.19 HR SDL 2030,7.19,Wed Oct 09 2030 05:30:00 GMT+0530 (India Standard Time),100.1465,7.1453
IN2920200432,06.60 RJ SDL 2030 14 OCT,6.6,Mon Oct 14 2030 05:30:00 GMT+0530 (India Standard Time),98.0767,7.1453
IN1920200319,06.61 KA SDL 2030,6.61,Mon Oct 14 2030 05:30:00 GMT+0530 (India Standard Time),98.1117,7.1453
IN3620200052,06.62 UK SDL 2030,6.62,Mon Oct 14 2030 05:30:00 GMT+0530 (India Standard Time),98.1468,7.1453
IN2220200264,06.63 MH SDL 2030,6.63,Mon Oct 14 2030 05:30:00 GMT+0530 (India Standard Time),98.1819,7.1453
IN3320200139,06.63 UP SDL 2030,6.63,Mon Oct 14 2030 05:30:00 GMT+0530 (India Standard Time),98.1819,7.1453
IN2420200056,06.65 ML SDL 2030,6.65,Mon Oct 14 2030 05:30:00 GMT+0530 (India Standard Time),98.252,7.1453
IN2820200128,06.69 PN SDL 2030,6.69,Mon Oct 14 2030 05:30:00 GMT+0530 (India Standard Time),98.3923,7.1453
IN1020190261,07.17 AP SDL 2030,7.17,Wed Oct 16 2030 05:30:00 GMT+0530 (India Standard Time),100.0755,7.1453
IN2220220130,07.70 MH SGS 2030,7.7,Sat Oct 19 2030 05:30:00 GMT+0530 (India Standard Time),101.8157,7.18
IN1920200335,06.51 KA SDL 2030,6.51,Mon Oct 21 2030 05:30:00 GMT+0530 (India Standard Time),97.7508,7.1453
IN3320200147,06.54 UP SDL 2030,6.54,Mon Oct 21 2030 05:30:00 GMT+0530 (India Standard Time),97.8564,7.1453
IN1220200100,06.56 AS SDL 2030,6.56,Mon Oct 21 2030 05:30:00 GMT+0530 (India Standard Time),97.9268,7.1453
IN2220200280,06.56 MH SDL 2030,6.56,Mon Oct 21 2030 05:30:00 GMT+0530 (India Standard Time),97.9268,7.1453
IN3720200028,06.62 JH SDL 2030,6.62,Mon Oct 21 2030 05:30:00 GMT+0530 (India Standard Time),98.1381,7.1453
IN1020180304,08.68 AP SDL 2030,8.68,Thu Oct 24 2030 05:30:00 GMT+0530 (India Standard Time),105.4008,7.1453
IN3120230278,07.68 TN SGS 2030,7.68,Fri Oct 25 2030 05:30:00 GMT+0530 (India Standard Time),101.8744,7.1453
IN1320210082,06.95 BR SDL 2030,6.95,Sun Oct 27 2030 05:30:00 GMT+0530 (India Standard Time),99.2969,7.1453
IN2220220148,07.78 MH SGS 2030,7.78,Sun Oct 27 2030 05:30:00 GMT+0530 (India Standard Time),102.2296,7.1453
IN1520200180,06.40 GJ SDL 2030 28 OCT,6.4,Mon Oct 28 2030 05:30:00 GMT+0530 (India Standard Time),97.3518,7.1453
IN1920200350,06.40 KA SDL 2030 28 OCT,6.4,Mon Oct 28 2030 05:30:00 GMT+0530 (India Standard Time),97.3518,7.1453
IN1420200165,06.42 GA SDL 2030,6.42,Mon Oct 28 2030 05:30:00 GMT+0530 (India Standard Time),97.4225,7.1453
IN3320200154,06.42 UP SDL 2030,6.42,Mon Oct 28 2030 05:30:00 GMT+0530 (India Standard Time),97.4225,7.1453
IN3620200060,06.44 UK SDL 2030,6.44,Mon Oct 28 2030 05:30:00 GMT+0530 (India Standard Time),97.4932,7.1453
IN2920200457,06.45 RJ SDL 2030,6.45,Mon Oct 28 2030 05:30:00 GMT+0530 (India Standard Time),97.5286,7.1453
IN3220200023,06.55 TR SDL 2030,6.55,Mon Oct 28 2030 05:30:00 GMT+0530 (India Standard Time),97.8821,7.1453
IN3120230302,07.68 TN SGS 2030 01 NOV,7.68,Fri Nov 01 2030 05:30:00 GMT+0530 (India Standard Time),101.8755,7.1466
IN1320210090,06.98 BR SDL 2030,6.98,Sat Nov 02 2030 05:30:00 GMT+0530 (India Standard Time),99.4005,7.1453
IN1920200376,06.40 KA SDL 2030 04 NOV,6.4,Mon Nov 04 2030 05:30:00 GMT+0530 (India Standard Time),97.342,7.1453
IN2220200298,06.40 MH SDL 2030,6.4,Mon Nov 04 2030 05:30:00 GMT+0530 (India Standard Time),97.342,7.1453
IN1020200458,06.43 AP SDL 2030,6.43,Mon Nov 04 2030 05:30:00 GMT+0530 (India Standard Time),97.4485,7.1453
IN1520200198,06.46 GJ SDL 2030,6.46,Mon Nov 04 2030 05:30:00 GMT+0530 (India Standard Time),97.5549,7.1453
IN1220200118,06.48 AS SDL 2030,6.48,Mon Nov 04 2030 05:30:00 GMT+0530 (India Standard Time),97.6258,7.1453
IN2520200055,06.48 MZ SDL 2030,6.48,Mon Nov 04 2030 05:30:00 GMT+0530 (India Standard Time),97.6258,7.1453
IN2620200054,06.50 NL SDL 2030,6.5,Mon Nov 04 2030 05:30:00 GMT+0530 (India Standard Time),97.6968,7.1453
IN3820200043,06.52 PY SDL 2030,6.52,Mon Nov 04 2030 05:30:00 GMT+0530 (India Standard Time),97.7677,7.1453
IN3320200162,06.59 UP SDL 2030,6.59,Mon Nov 04 2030 05:30:00 GMT+0530 (India Standard Time),98.0161,7.1453
IN2920200465,06.75 RJ SDL 2030,6.75,Mon Nov 04 2030 05:30:00 GMT+0530 (India Standard Time),98.5837,7.1453
IN3620240041,07.06 UK SGS 2030,7.06,Wed Nov 06 2030 05:30:00 GMT+0530 (India Standard Time),99.6829,7.1453
IN3120230310,07.65 TN SGS 2030,7.65,Fri Nov 08 2030 05:30:00 GMT+0530 (India Standard Time),101.7756,7.1466
IN1620220260,07.76 HR SGS 2030,7.76,Sat Nov 09 2030 05:30:00 GMT+0530 (India Standard Time),102.1724,7.1453
IN1920200392,06.47 KA SDL 2030,6.47,Mon Nov 11 2030 05:30:00 GMT+0530 (India Standard Time),97.5801,7.1453
IN1520200206,06.50 GJ SDL 2030,6.5,Mon Nov 11 2030 05:30:00 GMT+0530 (India Standard Time),97.6869,7.1453
IN1420200173,06.55 GA SDL 2030,6.55,Mon Nov 11 2030 05:30:00 GMT+0530 (India Standard Time),97.865,7.1453
IN1620200122,06.59 HR SDL 2030,6.59,Mon Nov 11 2030 05:30:00 GMT+0530 (India Standard Time),98.0075,7.1453
IN3020200033,06.60 SK SDL 2030,6.6,Mon Nov 11 2030 05:30:00 GMT+0530 (India Standard Time),98.0431,7.1453
IN3320200170,06.60 UP SDL 2030,6.6,Mon Nov 11 2030 05:30:00 GMT+0530 (India Standard Time),98.0431,7.1453
IN2920200473,06.61 RJ SDL 2030,6.61,Mon Nov 11 2030 05:30:00 GMT+0530 (India Standard Time),98.0787,7.1453
IN1920200418,06.49 KA SDL 2030 18 NOV,6.49,Mon Nov 18 2030 05:30:00 GMT+0530 (India Standard Time),97.6415,7.1453
IN1120200036,06.54 AR SDL 2030,6.54,Mon Nov 18 2030 05:30:00 GMT+0530 (India Standard Time),97.8203,7.1453
IN2920200481,06.54 RJ SDL 2030 18 NOV,6.54,Mon Nov 18 2030 05:30:00 GMT+0530 (India Standard Time),97.8203,7.1453
IN1220200142,06.60 AS SDL 2030,6.6,Mon Nov 18 2030 05:30:00 GMT+0530 (India Standard Time),98.0349,7.1453
IN2820200151,06.60 PN SDL 2030,6.6,Mon Nov 18 2030 05:30:00 GMT+0530 (India Standard Time),98.0349,7.1453
IN2920250270,06.75 RJ SGS 2030,6.75,Tue Nov 19 2030 05:30:00 GMT+0530 (India Standard Time),98.5704,7.1453
IN1020190345,07.22 AP SDL 2030,7.22,Wed Nov 20 2030 05:30:00 GMT+0530 (India Standard Time),100.2521,7.1453
IN1720210039,06.86 HP SDL 2030,6.86,Sun Nov 24 2030 05:30:00 GMT+0530 (India Standard Time),98.9608,7.1453
IN1320210108,06.87 BR SDL 2030 24 NOV,6.87,Sun Nov 24 2030 05:30:00 GMT+0530 (India Standard Time),98.9967,7.1453
IN1520200214,06.50 GJ SDL 2030 25 NOV,6.5,Mon Nov 25 2030 05:30:00 GMT+0530 (India Standard Time),97.6678,7.1453
IN1920200434,06.50 KA SDL 2030 25 NOV,6.5,Mon Nov 25 2030 05:30:00 GMT+0530 (India Standard Time),97.6678,7.1453
IN2220200322,06.52 MH SDL 2030,6.52,Mon Nov 25 2030 05:30:00 GMT+0530 (India Standard Time),97.7396,7.1453
IN1420200181,06.57 GA SDL 2030,6.57,Mon Nov 25 2030 05:30:00 GMT+0530 (India Standard Time),97.9191,7.1453
IN3320200188,06.58 UP SDL 2030,6.58,Mon Nov 25 2030 05:30:00 GMT+0530 (India Standard Time),97.9201,7.1552
IN2920200499,06.59 RJ SDL 2030 25 NOV,6.59,Mon Nov 25 2030 05:30:00 GMT+0530 (India Standard Time),97.9909,7.1453
IN1220200167,06.64 AS SDL 2030,6.64,Mon Nov 25 2030 05:30:00 GMT+0530 (India Standard Time),98.1704,7.1453
IN3120190225,07.19 TN SDL 2030,7.19,Wed Nov 27 2030 05:30:00 GMT+0530 (India Standard Time),100.1451,7.1453
IN1020190360,07.20 AP SDL 2030,7.2,Wed Nov 27 2030 05:30:00 GMT+0530 (India Standard Time),100.181,7.1453
IN1920240117,07.09 KA SGS 2030,7.09,Wed Nov 27 2030 05:30:00 GMT+0530 (India Standard Time),99.7857,7.1453
IN3120230328,07.68 TN SGS 2030,7.68,Fri Nov 29 2030 05:30:00 GMT+0530 (India Standard Time),101.9083,7.1453
IN1620220302,07.57 HR SGS 2030,7.57,Sat Nov 30 2030 05:30:00 GMT+0530 (India Standard Time),101.5133,7.1453
IN1920200459,06.53 KA SDL 2030,6.53,Mon Dec 02 2030 05:30:00 GMT+0530 (India Standard Time),97.7621,7.1466
IN2320200065,06.60 MN SDL 2030,6.6,Mon Dec 02 2030 05:30:00 GMT+0530 (India Standard Time),98.0189,7.1453
IN2920200507,06.62 RJ SDL 2030,6.62,Mon Dec 02 2030 05:30:00 GMT+0530 (India Standard Time),98.091,7.1453
IN4920200123,06.65 JK SDL 2030,6.65,Mon Dec 02 2030 05:30:00 GMT+0530 (India Standard Time),98.1992,7.1453
IN1020180361,08.43 AP SDL 2030,8.43,Thu Dec 05 2030 05:30:00 GMT+0530 (India Standard Time),104.6225,7.1453
IN1320210116,06.83 BR SDL 2030,6.83,Sun Dec 08 2030 05:30:00 GMT+0530 (India Standard Time),98.8441,7.1453
IN1920200475,06.54 KA SDL 2030,6.54,Mon Dec 09 2030 05:30:00 GMT+0530 (India Standard Time),97.7896,7.1466
IN1420200199,06.55 GA SDL 2030 09 DEC,6.55,Mon Dec 09 2030 05:30:00 GMT+0530 (India Standard Time),97.8303,7.1453
IN2920200515,06.60 RJ SDL 2030 09 DEC,6.6,Mon Dec 09 2030 05:30:00 GMT+0530 (India Standard Time),98.0113,7.1453
IN1220200175,06.62 AS SDL 2030,6.62,Mon Dec 09 2030 05:30:00 GMT+0530 (India Standard Time),98.0836,7.1453
IN2620200062,06.62 NL SDL 2030,6.62,Mon Dec 09 2030 05:30:00 GMT+0530 (India Standard Time),98.0836,7.1453
IN1520230120,07.66 GJ SGS 2030 13 DEC,7.66,Fri Dec 13 2030 05:30:00 GMT+0530 (India Standard Time),101.851,7.1453
IN3120230336,07.67 TN SGS 2030,7.67,Fri Dec 13 2030 05:30:00 GMT+0530 (India Standard Time),101.8827,7.1466
IN1320210124,06.84 BR SDL 2030,6.84,Sun Dec 15 2030 05:30:00 GMT+0530 (India Standard Time),98.8762,7.1453
IN1920200491,06.52 KA SDL 2030,6.52,Mon Dec 16 2030 05:30:00 GMT+0530 (India Standard Time),97.7086,7.1466
IN1420200207,06.54 GA SDL 2030 16 DEC,6.54,Mon Dec 16 2030 05:30:00 GMT+0530 (India Standard Time),97.7858,7.1453
IN3320200196,06.56 UP SDL 2030,6.56,Mon Dec 16 2030 05:30:00 GMT+0530 (India Standard Time),97.8585,7.1453
IN2420200072,06.60 ML SDL 2030,6.6,Mon Dec 16 2030 05:30:00 GMT+0530 (India Standard Time),98.0038,7.1453
IN2620250034,07.14 NL SGS 2030 17 DEC,7.14,Tue Dec 17 2030 05:30:00 GMT+0530 (India Standard Time),99.9654,7.1453
IN3820250048,07.14 PY SGS 2030,7.14,Tue Dec 17 2030 05:30:00 GMT+0530 (India Standard Time),99.9654,7.1453
IN1620220328,07.58 HR SGS 2030,7.58,Sat Dec 21 2030 05:30:00 GMT+0530 (India Standard Time),101.5684,7.1453
IN1920200517,06.51 KA SDL 2030 23 DEC,6.51,Mon Dec 23 2030 05:30:00 GMT+0530 (India Standard Time),97.6682,7.1453
IN1720200121,06.57 HP SDL 2030 23 DEC,6.57,Mon Dec 23 2030 05:30:00 GMT+0530 (India Standard Time),97.887,7.1453
IN1420200215,06.58 GA SDL 2030 23 DEC,6.58,Mon Dec 23 2030 05:30:00 GMT+0530 (India Standard Time),97.9235,7.1453
IN1220200183,06.60 AS SDL 2030 23 DEC,6.6,Mon Dec 23 2030 05:30:00 GMT+0530 (India Standard Time),97.9965,7.1453
IN3320200204,06.60 UP SDL 2030 23 DEC,6.6,Mon Dec 23 2030 05:30:00 GMT+0530 (India Standard Time),97.9965,7.1453
IN1520250243,07.07 GJ SGS 2030,7.07,Tue Dec 24 2030 05:30:00 GMT+0530 (India Standard Time),99.7104,7.1453
IN3620240058,07.15 UK SGS 2030,7.15,Thu Dec 26 2030 05:30:00 GMT+0530 (India Standard Time),100.0024,7.1453
IN1520220170,07.55 GJ SGS 2030,7.55,Sat Dec 28 2030 05:30:00 GMT+0530 (India Standard Time),101.4654,7.1453
IN1920200533,06.51 KA SDL 2030 30 DEC,6.51,Mon Dec 30 2030 05:30:00 GMT+0530 (India Standard Time),97.6598,7.1453
IN2420200080,06.60 ML SDL 2030 30 DEC,6.6,Mon Dec 30 2030 05:30:00 GMT+0530 (India Standard Time),97.9893,7.1453
IN2920200549,06.60 RJ SDL 2030,6.6,Mon Dec 30 2030 05:30:00 GMT+0530 (India Standard Time),97.9893,7.1453
IN3420200187,06.60 WB SDL 2030,6.6,Mon Dec 30 2030 05:30:00 GMT+0530 (India Standard Time),97.9893,7.1453
IN3320200212,06.62 UP SDL 2030,6.62,Mon Dec 30 2030 05:30:00 GMT+0530 (India Standard Time),98.0625,7.1453
IN2120250286,07.02 MP SGS 2030,7.02,Tue Dec 31 2030 05:30:00 GMT+0530 (India Standard Time),99.5269,7.1453
IN1020180379,08.37 AP SDL 2031,8.37,Thu Jan 02 2031 05:30:00 GMT+0530 (India Standard Time),104.4401,7.1544
IN1620220351,07.62 HR SGS 2031,7.62,Sat Jan 04 2031 05:30:00 GMT+0530 (India Standard Time),101.694,7.1544
IN3120200339,06.53 TN SDL 2031,6.53,Mon Jan 06 2031 05:30:00 GMT+0530 (India Standard Time),97.6932,7.1544
IN1420200231,06.58 GA SDL 2031,6.58,Mon Jan 06 2031 05:30:00 GMT+0530 (India Standard Time),97.8769,7.1544
IN2920200564,06.59 RJ SDL 2031,6.59,Mon Jan 06 2031 05:30:00 GMT+0530 (India Standard Time),97.9136,7.1544
IN3620200078,06.60 UK SDL 2031,6.6,Mon Jan 06 2031 05:30:00 GMT+0530 (India Standard Time),97.9503,7.1544
IN3320200220,06.60 UP SDL 2031,6.6,Mon Jan 06 2031 05:30:00 GMT+0530 (India Standard Time),97.9503,7.1544
IN2320200073,06.63 MN SDL 2031,6.63,Mon Jan 06 2031 05:30:00 GMT+0530 (India Standard Time),98.0605,7.1544
IN1520240111,07.01 GJ SGS 2031,7.01,Wed Jan 08 2031 05:30:00 GMT+0530 (India Standard Time),99.4557,7.1544
IN1520230187,07.64 GJ SGS 2031,7.64,Fri Jan 10 2031 05:30:00 GMT+0530 (India Standard Time),101.7741,7.1544
IN1520150112,08.26 GJ SDL 2031,8.26,Mon Jan 13 2031 05:30:00 GMT+0530 (India Standard Time),104.0184,7.1663
IN3120200347,06.57 TN SDL 2031,6.57,Mon Jan 13 2031 05:30:00 GMT+0530 (India Standard Time),97.8328,7.1544
IN2920200572,06.61 RJ SDL 2031,6.61,Mon Jan 13 2031 05:30:00 GMT+0530 (India Standard Time),97.9803,7.1544
IN3320200238,06.61 UP SDL 2031,6.61,Mon Jan 13 2031 05:30:00 GMT+0530 (India Standard Time),97.9803,7.1544
IN3020200041,06.64 SK SDL 2031,6.64,Mon Jan 13 2031 05:30:00 GMT+0530 (India Standard Time),98.0909,7.1544
IN2820250156,07.48 PN SGS 2031,7.48,Tue Jan 14 2031 05:30:00 GMT+0530 (India Standard Time),101.1884,7.1544
IN1020230703,07.64 AP SGS 2031,7.64,Fri Jan 17 2031 05:30:00 GMT+0530 (India Standard Time),101.7821,7.1544
IN1220230180,07.68 AS SGS 2031,7.68,Fri Jan 17 2031 05:30:00 GMT+0530 (India Standard Time),101.9298,7.1544
IN4520220349,07.57 TS SGS 2031,7.57,Sat Jan 18 2031 05:30:00 GMT+0530 (India Standard Time),101.5244,7.1544
IN1420200256,06.62 GA SDL 2031,6.62,Mon Jan 20 2031 05:30:00 GMT+0530 (India Standard Time),98.0107,7.1544
IN3320200253,06.62 UP SDL 2031,6.62,Mon Jan 20 2031 05:30:00 GMT+0530 (India Standard Time),98.0107,7.1544
IN2420200106,06.63 ML SDL 2031,6.63,Mon Jan 20 2031 05:30:00 GMT+0530 (India Standard Time),98.0477,7.1544
IN3820180054,08.22 PY SDL 2031,8.22,Thu Jan 23 2031 05:30:00 GMT+0530 (India Standard Time),103.9391,7.1544
IN2920230389,07.66 RJ SGS 2031,7.66,Fri Jan 24 2031 05:30:00 GMT+0530 (India Standard Time),101.8644,7.1544
IN3520230118,07.67 CG SGS 2031,7.67,Fri Jan 24 2031 05:30:00 GMT+0530 (India Standard Time),101.9015,7.1544
IN2220220155,07.57 MH SGS 2031,7.57,Sat Jan 25 2031 05:30:00 GMT+0530 (India Standard Time),101.5316,7.1544
IN1620220377,07.64 HR SGS 2031,7.64,Sat Jan 25 2031 05:30:00 GMT+0530 (India Standard Time),101.7914,7.1544
IN1520200255,06.57 GJ SDL 2031,6.57,Mon Jan 27 2031 05:30:00 GMT+0530 (India Standard Time),97.8187,7.1544
IN2920200598,06.61 RJ SDL 2031 27 JAN,6.61,Mon Jan 27 2031 05:30:00 GMT+0530 (India Standard Time),97.9673,7.1544
IN1720200139,06.63 HP SDL 2031,6.63,Mon Jan 27 2031 05:30:00 GMT+0530 (India Standard Time),98.0416,7.1544
IN3420200229,06.63 WB SDL 2031,6.63,Mon Jan 27 2031 05:30:00 GMT+0530 (India Standard Time),98.0416,7.1544
IN3320200261,06.64 UP SDL 2031,6.64,Mon Jan 27 2031 05:30:00 GMT+0530 (India Standard Time),98.0787,7.1544
IN2720240026,07.03 OD SGS 2031,7.03,Wed Jan 29 2031 05:30:00 GMT+0530 (India Standard Time),99.5275,7.1544
IN1920180156,08.22 KA SDL 2031,8.22,Thu Jan 30 2031 05:30:00 GMT+0530 (India Standard Time),104.0414,7.1319
IN3120230401,07.60 TN SGS 2031,7.6,Fri Jan 31 2031 05:30:00 GMT+0530 (India Standard Time),101.6485,7.1544
IN1420200264,06.85 GA SDL 2031,6.85,Mon Feb 03 2031 05:30:00 GMT+0530 (India Standard Time),98.8565,7.1544
IN2920200622,06.85 RJ SDL 2031,6.85,Mon Feb 03 2031 05:30:00 GMT+0530 (India Standard Time),98.8565,7.1544
IN2320200081,06.88 MN SDL 2031,6.88,Mon Feb 03 2031 05:30:00 GMT+0530 (India Standard Time),98.9683,7.1544
IN3320200279,06.88 UP SDL 2031,6.88,Mon Feb 03 2031 05:30:00 GMT+0530 (India Standard Time),98.9683,7.1544
IN4920200149,06.99 JK SDL 2031,6.99,Mon Feb 03 2031 05:30:00 GMT+0530 (India Standard Time),99.3783,7.1544
IN1920190163,07.20 KA SDL 2031,7.2,Wed Feb 05 2031 05:30:00 GMT+0530 (India Standard Time),100.1617,7.1544
IN1020180411,08.39 AP SDL 2031,8.39,Thu Feb 06 2031 05:30:00 GMT+0530 (India Standard Time),104.6047,7.1544
IN1520230260,07.42 GJ SGS 2031,7.42,Fri Feb 07 2031 05:30:00 GMT+0530 (India Standard Time),100.9841,7.1544
IN3320200287,06.94 UP SDL 2031,6.94,Mon Feb 10 2031 05:30:00 GMT+0530 (India Standard Time),99.1906,7.1544
IN2920200655,06.95 RJ SDL 2031,6.95,Mon Feb 10 2031 05:30:00 GMT+0530 (India Standard Time),99.228,7.1544
IN1220200266,06.98 AS SDL 2031,6.98,Mon Feb 10 2031 05:30:00 GMT+0530 (India Standard Time),99.3402,7.1544
IN2820200193,07.05 PN SDL 2031,7.05,Mon Feb 10 2031 05:30:00 GMT+0530 (India Standard Time),99.6021,7.1544
IN1520250284,07.02 GJ SGS 2031 11 FEB,7.02,Tue Feb 11 2031 05:30:00 GMT+0530 (India Standard Time),99.4899,7.1544
IN1020190485,07.05 AP SDL 2031,7.05,Wed Feb 12 2031 05:30:00 GMT+0530 (India Standard Time),99.6022,7.1544
IN1520230278,07.43 GJ SGS 2031,7.43,Fri Feb 14 2031 05:30:00 GMT+0530 (India Standard Time),101.0272,7.1544
IN1220230206,07.45 AS SGS 2031,7.45,Fri Feb 14 2031 05:30:00 GMT+0530 (India Standard Time),101.1022,7.1544
IN3520230167,07.46 CG SGS 2031,7.46,Fri Feb 14 2031 05:30:00 GMT+0530 (India Standard Time),101.1397,7.1544
IN1620220419,07.70 HR SGS 2031,7.7,Sat Feb 15 2031 05:30:00 GMT+0530 (India Standard Time),102.041,7.1544
IN1520200263,06.93 GJ SDL 2031,6.93,Mon Feb 17 2031 05:30:00 GMT+0530 (India Standard Time),99.1519,7.1544
IN3120200362,06.95 TN SDL 2031,6.95,Mon Feb 17 2031 05:30:00 GMT+0530 (India Standard Time),99.1615,7.1719
IN2120200240,07.03 MP SDL 2031,7.03,Mon Feb 17 2031 05:30:00 GMT+0530 (India Standard Time),99.5501,7.1484
IN2620200070,07.05 NL SDL 2031,7.05,Mon Feb 17 2031 05:30:00 GMT+0530 (India Standard Time),99.6025,7.1544
IN2920200689,07.05 RJ SDL 2031,7.05,Mon Feb 17 2031 05:30:00 GMT+0530 (India Standard Time),99.6025,7.1544
IN3420200252,07.05 WB SDL 2031,7.05,Mon Feb 17 2031 05:30:00 GMT+0530 (India Standard Time),99.6025,7.1544
IN1220200282,07.07 AS SDL 2031,7.07,Mon Feb 17 2031 05:30:00 GMT+0530 (India Standard Time),99.6777,7.1544
IN3320200295,07.08 UP SDL 2031,7.08,Mon Feb 17 2031 05:30:00 GMT+0530 (India Standard Time),99.7716,7.1394
IN1520240228,07.02 GJ SGS 2031,7.02,Thu Feb 20 2031 05:30:00 GMT+0530 (India Standard Time),99.4899,7.1544
IN2720240067,07.06 OD SGS 2031,7.06,Thu Feb 20 2031 05:30:00 GMT+0530 (India Standard Time),99.6404,7.1544
IN3820240056,07.14 PY SGS 2031,7.14,Thu Feb 20 2031 05:30:00 GMT+0530 (India Standard Time),99.9413,7.1544
IN3520230209,07.47 CG SGS 2031,7.47,Fri Feb 21 2031 05:30:00 GMT+0530 (India Standard Time),101.1837,7.1544
IN1520200271,07.07 GJ SDL 2031,7.07,Mon Feb 24 2031 05:30:00 GMT+0530 (India Standard Time),99.6785,7.1544
IN2220200348,07.08 MH SDL 2031,7.08,Mon Feb 24 2031 05:30:00 GMT+0530 (India Standard Time),99.7162,7.1544
IN3020200058,07.19 SK SDL 2031,7.19,Mon Feb 24 2031 05:30:00 GMT+0530 (India Standard Time),100.1309,7.1544
IN1420200272,07.20 GA SDL 2031,7.2,Mon Feb 24 2031 05:30:00 GMT+0530 (India Standard Time),100.1686,7.1544
IN3320200303,07.20 UP SDL 2031,7.2,Mon Feb 24 2031 05:30:00 GMT+0530 (India Standard Time),100.1686,7.1544
IN1220200308,07.24 AS SDL 2031,7.24,Mon Feb 24 2031 05:30:00 GMT+0530 (India Standard Time),100.3194,7.1544
IN2220220171,07.72 MH SGS 2031,7.72,Sat Mar 01 2031 05:30:00 GMT+0530 (India Standard Time),102.1393,7.1544
IN2920200739,07.15 RJ SDL 2031,7.15,Mon Mar 03 2031 05:30:00 GMT+0530 (India Standard Time),99.983,7.1544
IN1220200332,07.17 AS SDL 2031,7.17,Mon Mar 03 2031 05:30:00 GMT+0530 (India Standard Time),100.0587,7.1544
IN2420200114,07.17 ML SDL 2031,7.17,Mon Mar 03 2031 05:30:00 GMT+0530 (India Standard Time),100.0587,7.1544
IN3320200311,07.19 UP SDL 2031,7.19,Mon Mar 03 2031 05:30:00 GMT+0530 (India Standard Time),100.2687,7.119
IN2820200201,07.23 PN SDL 2031,7.23,Mon Mar 03 2031 05:30:00 GMT+0530 (India Standard Time),100.286,7.1544
IN1920190205,07.08 KA SDL 2031,7.08,Tue Mar 04 2031 05:30:00 GMT+0530 (India Standard Time),99.718,7.1544
IN1020190519,07.15 AP SDL 2031,7.15,Tue Mar 04 2031 05:30:00 GMT+0530 (India Standard Time),99.9645,7.1594
IN3120250755,06.91 TN SGS 2031,6.91,Tue Mar 04 2031 05:30:00 GMT+0530 (India Standard Time),99.0736,7.1544
IN2820180148,08.45 PN SDL 2031,8.45,Thu Mar 06 2031 05:30:00 GMT+0530 (India Standard Time),104.9151,7.1544
IN2220220197,07.70 MH SGS 2031,7.7,Sat Mar 08 2031 05:30:00 GMT+0530 (India Standard Time),102.1574,7.1319
IN1520200289,07.08 GJ SDL 2031,7.08,Mon Mar 10 2031 05:30:00 GMT+0530 (India Standard Time),99.7151,7.1544
IN2920200788,07.13 RJ SDL 2031,7.13,Mon Mar 10 2031 05:30:00 GMT+0530 (India Standard Time),99.9052,7.1544
IN3320200329,07.17 UP SDL 2031,7.17,Mon Mar 10 2031 05:30:00 GMT+0530 (India Standard Time),100.0573,7.1544
IN2320200099,07.18 MN SDL 2031,7.18,Mon Mar 10 2031 05:30:00 GMT+0530 (India Standard Time),100.0953,7.1544
IN3020200066,07.18 SK SDL 2031,7.18,Mon Mar 10 2031 05:30:00 GMT+0530 (India Standard Time),100.0953,7.1544
IN3820190079,06.88 PY SDL 2031,6.88,Tue Mar 11 2031 05:30:00 GMT+0530 (India Standard Time),98.9538,7.1544
IN3120250805,06.91 TN SGS 2031 11 MAR,6.91,Tue Mar 11 2031 05:30:00 GMT+0530 (India Standard Time),99.0679,7.1544
IN2120240212,07.17 MP SGS 2031,7.17,Wed Mar 12 2031 05:30:00 GMT+0530 (India Standard Time),100.0567,7.1544
IN2220220213,07.69 MH SGS 2031,7.69,Sat Mar 15 2031 05:30:00 GMT+0530 (India Standard Time),102.0379,7.1544
IN1520200297,07.11 GJ SDL 2031,7.11,Mon Mar 17 2031 05:30:00 GMT+0530 (India Standard Time),99.8263,7.1544
IN1620200171,07.14 HR SDL 2031,7.14,Mon Mar 17 2031 05:30:00 GMT+0530 (India Standard Time),99.9408,7.1544
IN2920200796,07.15 RJ SDL 2031 17 MAR,7.15,Mon Mar 17 2031 05:30:00 GMT+0530 (India Standard Time),99.96,7.1594
IN1420200280,07.16 GA SDL 2031,7.16,Mon Mar 17 2031 05:30:00 GMT+0530 (India Standard Time),100.0171,7.1544
IN2420200122,07.16 ML SDL 2031,7.16,Mon Mar 17 2031 05:30:00 GMT+0530 (India Standard Time),100.0171,7.1544
IN3320200337,07.16 UP SDL 2031,7.16,Mon Mar 17 2031 05:30:00 GMT+0530 (India Standard Time),100.0171,7.1544
IN3720190054,07.37 JH SDL 2031,7.37,Tue Mar 18 2031 05:30:00 GMT+0530 (India Standard Time),100.8185,7.1544
IN1720220202,07.72 HP SGS 2031,7.72,Sun Mar 23 2031 05:30:00 GMT+0530 (India Standard Time),102.1587,7.1544
IN3420200294,06.83 WB SDL 2031,6.83,Mon Mar 24 2031 05:30:00 GMT+0530 (India Standard Time),98.7516,7.1544
IN1520200305,06.84 GJ SDL 2031,6.84,Mon Mar 24 2031 05:30:00 GMT+0530 (India Standard Time),98.7899,7.1544
IN3620200086,06.84 UK SDL 2031,6.84,Mon Mar 24 2031 05:30:00 GMT+0530 (India Standard Time),98.7899,7.1544
IN1120200044,06.85 AR SDL 2031,6.85,Mon Mar 24 2031 05:30:00 GMT+0530 (India Standard Time),98.8282,7.1544
IN1220200365,06.85 AS SDL 2031,6.85,Mon Mar 24 2031 05:30:00 GMT+0530 (India Standard Time),98.8282,7.1544
IN1420200298,06.85 GA SDL 2031 24 MAR,6.85,Mon Mar 24 2031 05:30:00 GMT+0530 (India Standard Time),98.8282,7.1544
IN2420200130,06.85 ML SDL 2031,6.85,Mon Mar 24 2031 05:30:00 GMT+0530 (India Standard Time),98.8282,7.1544
IN3020200074,06.93 SK SDL 2031,6.93,Mon Mar 24 2031 05:30:00 GMT+0530 (India Standard Time),99.1345,7.1544
IN3120250862,07.24 TN SGS 2031,7.24,Tue Mar 25 2031 05:30:00 GMT+0530 (India Standard Time),100.3214,7.1544
IN1920250322,07.25 KA SGS 2031,7.25,Tue Mar 25 2031 05:30:00 GMT+0530 (India Standard Time),100.3597,7.1544
IN2920250429,07.33 RJ SGS 2031,7.33,Tue Mar 25 2031 05:30:00 GMT+0530 (India Standard Time),100.6471,7.1594
IN2620250067,07.38 NL SGS 2031,7.38,Tue Mar 25 2031 05:30:00 GMT+0530 (India Standard Time),100.8578,7.1544
IN3120240764,06.99 TN SGS 2031,6.99,Wed Mar 26 2031 05:30:00 GMT+0530 (India Standard Time),99.3631,7.1544
IN1220230230,07.46 AS SGS 2031,7.46,Thu Mar 27 2031 05:30:00 GMT+0530 (India Standard Time),101.1649,7.1544
IN1620220476,07.74 HR SGS 2031,7.74,Sat Mar 29 2031 05:30:00 GMT+0530 (India Standard Time),102.2405,7.1544
IN3520220010,07.75 CG SGS 2031,7.75,Sat Mar 29 2031 05:30:00 GMT+0530 (India Standard Time),102.2789,7.1544
IN1620250440,07.38 HR SGS 2031,7.38,Sun Mar 30 2031 05:30:00 GMT+0530 (India Standard Time),100.8587,7.1544
IN2020200308,06.80 KL SDL 2031,6.8,Mon Mar 31 2031 05:30:00 GMT+0530 (India Standard Time),98.631,7.1544
IN3620200094,06.80 UK SDL 2031,6.8,Mon Mar 31 2031 05:30:00 GMT+0530 (India Standard Time),98.631,7.1544
IN1420200306,06.84 GA SDL 2031,6.84,Mon Mar 31 2031 05:30:00 GMT+0530 (India Standard Time),98.7846,7.1544
IN4920200164,06.84 JK SDL 2031,6.84,Mon Mar 31 2031 05:30:00 GMT+0530 (India Standard Time),98.7846,7.1544
IN4920250011,06.76 JK SGS 2031,6.76,Fri Apr 04 2031 05:30:00 GMT+0530 (India Standard Time),98.4733,7.1544
IN1920200020,07.93 KA SDL 2031,7.93,Tue Apr 08 2031 05:30:00 GMT+0530 (India Standard Time),102.9365,7.1658
IN1020200011,07.98 AP SDL 2031,7.98,Tue Apr 08 2031 05:30:00 GMT+0530 (India Standard Time),103.1742,7.1544
IN2220260011,07.35 MH SGS 2031,7.35,Tue Apr 08 2031 05:30:00 GMT+0530 (India Standard Time),100.7446,7.1544
IN2920210027,06.75 RJ SDL 2031,6.75,Wed Apr 09 2031 05:30:00 GMT+0530 (India Standard Time),98.4108,7.1594
IN1720190017,08.20 HP SDL 2031,8.2,Thu Apr 10 2031 05:30:00 GMT+0530 (India Standard Time),104.0262,7.1544
IN3520260016,07.37 CG SGS 2031,7.37,Tue Apr 15 2031 05:30:00 GMT+0530 (India Standard Time),100.8233,7.1544
IN4520190013,08.14 TS SDL 2031,8.14,Wed Apr 16 2031 05:30:00 GMT+0530 (India Standard Time),103.8049,7.1544
IN2920210035,06.78 RJ SDL 2031,6.78,Wed Apr 16 2031 05:30:00 GMT+0530 (India Standard Time),98.539,7.1544
IN2420210014,06.82 ML SDL 2031,6.82,Wed Apr 16 2031 05:30:00 GMT+0530 (India Standard Time),98.6939,7.1544
IN2920210043,06.82 RJ SDL 2031,6.82,Sun Apr 20 2031 05:30:00 GMT+0530 (India Standard Time),98.6906,7.1544
IN1120210019,06.84 AR SDL 2031,6.84,Sun Apr 20 2031 05:30:00 GMT+0530 (India Standard Time),98.7682,7.1544
IN2620210012,06.85 NL SDL 2031,6.85,Sun Apr 20 2031 05:30:00 GMT+0530 (India Standard Time),98.807,7.1544
IN3120240020,07.50 TN SGS 2031,7.5,Thu Apr 24 2031 05:30:00 GMT+0530 (India Standard Time),101.3309,7.1544
IN1020230059,07.43 AP SGS 2031,7.43,Sat Apr 26 2031 05:30:00 GMT+0530 (India Standard Time),101.0595,7.1544
IN2320210015,06.78 MN SDL 2031,6.78,Mon Apr 28 2031 05:30:00 GMT+0530 (India Standard Time),98.5283,7.1544
IN1020190063,08.12 AP SDL 2031,8.12,Sat May 03 2031 05:30:00 GMT+0530 (India Standard Time),103.7569,7.1544
IN3120210015,06.77 TN SDL 2031,6.77,Mon May 05 2031 05:30:00 GMT+0530 (India Standard Time),98.4833,7.1544
IN2920210050,06.78 RJ SDL 2031 05 MAY,6.78,Mon May 05 2031 05:30:00 GMT+0530 (India Standard Time),98.5224,7.1544
IN2920260055,07.43 RJ SGS 2031,7.43,Tue May 06 2031 05:30:00 GMT+0530 (India Standard Time),101.0636,7.1544
IN3120250037,06.54 TN SGS 2031,6.54,Wed May 07 2031 05:30:00 GMT+0530 (India Standard Time),97.5816,7.1544
IN1620230038,07.39 HR SGS 2031,7.39,Sat May 10 2031 05:30:00 GMT+0530 (India Standard Time),100.9086,7.1544
IN1020230083,07.40 AP SGS 2031,7.4,Sat May 10 2031 05:30:00 GMT+0530 (India Standard Time),100.9478,7.1544
IN2920210076,06.77 RJ SDL 2031,6.77,Mon May 12 2031 05:30:00 GMT+0530 (India Standard Time),98.4773,7.1544
IN1620210022,06.79 HR SDL 2031,6.79,Mon May 12 2031 05:30:00 GMT+0530 (India Standard Time),98.5558,7.1544
IN3420210012,06.83 WB SDL 2031 12 MAY,6.83,Mon May 12 2031 05:30:00 GMT+0530 (India Standard Time),98.7127,7.1544
IN1520230021,07.27 GJ SGS 2031,7.27,Sat May 17 2031 05:30:00 GMT+0530 (India Standard Time),100.4198,7.1594
IN4920250037,06.42 JK SGS 2031,6.42,Wed May 21 2031 05:30:00 GMT+0530 (India Standard Time),97.0909,7.1544
IN2920210092,06.76 RJ SDL 2031,6.76,Sun May 25 2031 05:30:00 GMT+0530 (India Standard Time),98.4273,7.1544
IN2020210018,06.78 KL SDL 2031,6.78,Sun May 25 2031 05:30:00 GMT+0530 (India Standard Time),98.5063,7.1544
IN2220210073,06.78 MH SDL 2031,6.78,Sun May 25 2031 05:30:00 GMT+0530 (India Standard Time),98.5063,7.1544
IN3020210016,06.78 SK SDL 2031,6.78,Sun May 25 2031 05:30:00 GMT+0530 (India Standard Time),98.5063,7.1544
IN1020220126,07.67 AP SDL 2031,7.67,Sun May 25 2031 05:30:00 GMT+0530 (India Standard Time),102.02,7.1544
IN2520220012,07.69 MZ SDL 2031,7.69,Sun May 25 2031 05:30:00 GMT+0530 (India Standard Time),102.099,7.1544
IN1920200046,06.51 KA SDL 2031,6.51,Tue May 27 2031 05:30:00 GMT+0530 (India Standard Time),97.4377,7.1544
IN2220230055,07.33 MH SGS 2031,7.33,Sat May 31 2031 05:30:00 GMT+0530 (India Standard Time),100.6793,7.1544
IN1520220014,07.77 GJ SDL 2031,7.77,Sun Jun 01 2031 05:30:00 GMT+0530 (India Standard Time),102.4674,7.1431
IN1020220142,07.80 AP SDL 2031,7.8,Sun Jun 01 2031 05:30:00 GMT+0530 (India Standard Time),102.5407,7.1544
IN2420220013,07.80 ML SDL 2031,7.8,Sun Jun 01 2031 05:30:00 GMT+0530 (India Standard Time),102.5407,7.1544
IN2220210099,06.81 MH SDL 2031,6.81,Mon Jun 02 2031 05:30:00 GMT+0530 (India Standard Time),98.6199,7.1544
IN2920210100,06.84 RJ SDL 2031,6.84,Mon Jun 02 2031 05:30:00 GMT+0530 (India Standard Time),98.7387,7.1544
IN2620210020,06.85 NL SDL 2031 02 JUN,6.85,Mon Jun 02 2031 05:30:00 GMT+0530 (India Standard Time),98.7783,7.1544
IN2220200058,06.57 MH SDL 2031,6.57,Tue Jun 03 2031 05:30:00 GMT+0530 (India Standard Time),97.6679,7.1544
IN3120190035,07.59 TN SDL 2031,7.59,Wed Jun 04 2031 05:30:00 GMT+0530 (India Standard Time),101.7117,7.1544
IN1720230029,07.29 HP SGS 2031,7.29,Sat Jun 07 2031 05:30:00 GMT+0530 (India Standard Time),100.5228,7.1544
IN2920210126,06.80 RJ SDL 2031,6.8,Mon Jun 09 2031 05:30:00 GMT+0530 (India Standard Time),98.5755,7.1544
IN2820210010,06.81 PN SDL 2031,6.81,Mon Jun 09 2031 05:30:00 GMT+0530 (India Standard Time),98.6152,7.1544
IN2220200074,06.60 MH SDL 2031,6.6,Tue Jun 10 2031 05:30:00 GMT+0530 (India Standard Time),97.7793,7.1544
IN4920250052,06.42 JK SGS 2031 11 JUN,6.42,Wed Jun 11 2031 05:30:00 GMT+0530 (India Standard Time),97.062,7.1544
IN1620230095,07.34 HR SGS 2031,7.34,Sat Jun 14 2031 05:30:00 GMT+0530 (India Standard Time),100.7042,7.1594
IN2220230071,07.34 MH SGS 2031,7.34,Sat Jun 14 2031 05:30:00 GMT+0530 (India Standard Time),100.7241,7.1544
IN1520210023,06.75 GJ SDL 2031,6.75,Mon Jun 16 2031 05:30:00 GMT+0530 (India Standard Time),98.3714,7.1544
IN1420210016,06.78 GA SDL 2031,6.78,Mon Jun 16 2031 05:30:00 GMT+0530 (India Standard Time),98.4911,7.1544
IN2220210115,06.80 MH SDL 2031,6.8,Mon Jun 16 2031 05:30:00 GMT+0530 (India Standard Time),98.5708,7.1544
IN2020210042,06.81 KL SDL 2031,6.81,Mon Jun 16 2031 05:30:00 GMT+0530 (India Standard Time),98.6107,7.1544
IN2920210159,06.84 RJ SDL 2031 16 JUN,6.84,Mon Jun 16 2031 05:30:00 GMT+0530 (India Standard Time),98.7304,7.1544
IN3120250128,06.42 TN SGS 2031,6.42,Wed Jun 18 2031 05:30:00 GMT+0530 (India Standard Time),97.0522,7.1544
IN1020220217,07.80 AP SDL 2031 22 JUN,7.8,Sun Jun 22 2031 05:30:00 GMT+0530 (India Standard Time),102.5678,7.1544
IN2220210131,06.83 MH SDL 2031,6.83,Mon Jun 23 2031 05:30:00 GMT+0530 (India Standard Time),98.6865,7.1544
IN3120210098,06.83 TN SDL 2031,6.83,Mon Jun 23 2031 05:30:00 GMT+0530 (India Standard Time),98.6865,7.1544
IN3320210013,06.88 UP SDL 2031 23 JUN,6.88,Mon Jun 23 2031 05:30:00 GMT+0530 (India Standard Time),98.8866,7.1544
IN1420210032,06.89 GA SDL 2031,6.89,Mon Jun 23 2031 05:30:00 GMT+0530 (India Standard Time),98.9267,7.1544
IN2920190088,07.31 RJ SDL 2031,7.31,Thu Jun 26 2031 05:30:00 GMT+0530 (India Standard Time),100.609,7.1544
IN2220230097,07.40 MH SGS 2031,7.4,Sat Jun 28 2031 05:30:00 GMT+0530 (India Standard Time),100.9709,7.1544
IN3520230035,07.42 CG SGS 2031,7.42,Sat Jun 28 2031 05:30:00 GMT+0530 (India Standard Time),101.0512,7.1544
IN2720160026,08.00 OD SDL 2031,8,Sun Jun 29 2031 05:30:00 GMT+0530 (India Standard Time),103.3802,7.1544
IN1520210031,06.88 GJ SDL 2031,6.88,Mon Jun 30 2031 05:30:00 GMT+0530 (India Standard Time),98.8835,7.1544
IN2220210156,06.89 MH SDL 2031,6.89,Mon Jun 30 2031 05:30:00 GMT+0530 (India Standard Time),98.9038,7.1594
IN2920210191,06.91 RJ SDL 2031,6.91,Mon Jun 30 2031 05:30:00 GMT+0530 (India Standard Time),99.004,7.1544
IN3620210010,06.94 UK SDL 2031,6.94,Mon Jun 30 2031 05:30:00 GMT+0530 (India Standard Time),99.1245,7.1544
IN3320210021,06.94 UP SDL 2031 30 JUN,6.94,Mon Jun 30 2031 05:30:00 GMT+0530 (India Standard Time),99.1245,7.1544
IN2820210028,06.95 PN SDL 2031,6.95,Mon Jun 30 2031 05:30:00 GMT+0530 (India Standard Time),99.1646,7.1544
IN1420210040,06.96 GA SDL 2031,6.96,Mon Jun 30 2031 05:30:00 GMT+0530 (India Standard Time),99.2048,7.1544
IN2320210023,07.00 MN SDL 2031,7,Mon Jun 30 2031 05:30:00 GMT+0530 (India Standard Time),99.3655,7.1544
IN1620190034,07.33 HR SDL 2031,7.33,Thu Jul 03 2031 05:30:00 GMT+0530 (India Standard Time),100.6923,7.1544
IN2420230038,07.44 ML SGS 2031,7.44,Sat Jul 05 2031 05:30:00 GMT+0530 (India Standard Time),101.1361,7.1544
IN2220210172,06.94 MH SDL 2031,6.94,Mon Jul 07 2031 05:30:00 GMT+0530 (India Standard Time),99.1223,7.1544
IN3120210106,06.95 TN SDL 2031 07 JUL,6.95,Mon Jul 07 2031 05:30:00 GMT+0530 (India Standard Time),99.1626,7.1544
IN2920210217,06.97 RJ SDL 2031,6.97,Mon Jul 07 2031 05:30:00 GMT+0530 (India Standard Time),99.2432,7.1544
IN1420210057,06.99 GA SDL 2031,6.99,Mon Jul 07 2031 05:30:00 GMT+0530 (India Standard Time),99.3239,7.1544
IN1920250074,07.16 KA SGS 2031,7.16,Mon Jul 07 2031 05:30:00 GMT+0530 (India Standard Time),100.009,7.1544
IN1020200235,06.56 AP SDL 2031,6.56,Tue Jul 08 2031 05:30:00 GMT+0530 (India Standard Time),97.5898,7.1544
IN3420260017,07.07 WB SGS 2031,7.07,Tue Jul 08 2031 05:30:00 GMT+0530 (India Standard Time),99.5143,7.1872
IN1020160041,07.88 AP SDL 2031,7.88,Sun Jul 13 2031 05:30:00 GMT+0530 (India Standard Time),102.9201,7.1544
IN2420220021,07.78 ML SDL 2031,7.78,Sun Jul 13 2031 05:30:00 GMT+0530 (India Standard Time),102.5159,7.1544
IN1520210056,06.95 GJ SDL 2031,6.95,Mon Jul 14 2031 05:30:00 GMT+0530 (India Standard Time),99.1608,7.1544
IN2220210198,06.95 MH SDL 2031,6.95,Mon Jul 14 2031 05:30:00 GMT+0530 (India Standard Time),99.1608,7.1544
IN3120210114,06.98 TN SDL 2031,6.98,Mon Jul 14 2031 05:30:00 GMT+0530 (India Standard Time),99.2822,7.1544
IN1420210065,06.99 GA SDL 2031 14 JUL,6.99,Mon Jul 14 2031 05:30:00 GMT+0530 (India Standard Time),99.3226,7.1544
IN3320210039,06.99 UP SDL 2031,6.99,Mon Jul 14 2031 05:30:00 GMT+0530 (India Standard Time),99.3226,7.1544
IN2120210017,07.00 MP SDL 2031,7,Mon Jul 14 2031 05:30:00 GMT+0530 (India Standard Time),99.363,7.1544
IN2920210233,07.00 RJ SDL 2031,7,Mon Jul 14 2031 05:30:00 GMT+0530 (India Standard Time),99.363,7.1544
IN3620210028,07.00 UK SDL 2031,7,Mon Jul 14 2031 05:30:00 GMT+0530 (India Standard Time),99.363,7.1544
IN3420210061,07.02 WB SDL 2031,7.02,Mon Jul 14 2031 05:30:00 GMT+0530 (India Standard Time),99.4439,7.1544
IN3120210122,06.97 TN SDL 2031,6.97,Sun Jul 20 2031 05:30:00 GMT+0530 (India Standard Time),99.2405,7.1544
IN2320210031,07.01 MN SDL 2031,7.01,Sun Jul 20 2031 05:30:00 GMT+0530 (India Standard Time),99.4028,7.1544
IN3320210047,07.01 UP SDL 2031,7.01,Sun Jul 20 2031 05:30:00 GMT+0530 (India Standard Time),99.4028,7.1544
IN1020220357,07.79 AP SDL 2031,7.79,Sun Jul 27 2031 05:30:00 GMT+0530 (India Standard Time),102.5763,7.1544
IN3120210148,06.97 TN SDL 2031 28 JUL,6.97,Mon Jul 28 2031 05:30:00 GMT+0530 (India Standard Time),99.2392,7.1544
IN3320210054,06.99 UP SDL 2031 28 JUL,6.99,Mon Jul 28 2031 05:30:00 GMT+0530 (India Standard Time),99.3206,7.1544
IN1920250132,07.15 KA SGS 2031,7.15,Mon Jul 28 2031 05:30:00 GMT+0530 (India Standard Time),99.9721,7.1544
IN1920200111,06.40 KA SDL 2031,6.4,Tue Jul 29 2031 05:30:00 GMT+0530 (India Standard Time),96.9172,7.1544
IN1720220046,07.57 HP SDL 2031,7.57,Sun Aug 03 2031 05:30:00 GMT+0530 (India Standard Time),101.6872,7.1544
IN1620210089,06.98 HR SDL 2031,6.98,Mon Aug 04 2031 05:30:00 GMT+0530 (India Standard Time),99.2792,7.1544
IN3120210155,06.98 TN SDL 2031 04 AUG,6.98,Mon Aug 04 2031 05:30:00 GMT+0530 (India Standard Time),99.2792,7.1544
IN3420210087,07.00 WB SDL 2031,7,Mon Aug 04 2031 05:30:00 GMT+0530 (India Standard Time),99.3609,7.1544
IN1020250255,06.77 AP SGS 2031,6.77,Wed Aug 06 2031 05:30:00 GMT+0530 (India Standard Time),98.4207,7.1544
IN4920250094,06.84 JK SGS 2031,6.84,Wed Aug 06 2031 05:30:00 GMT+0530 (India Standard Time),98.7068,7.1544
IN1020220399,07.74 AP SDL 2031,7.74,Sun Aug 10 2031 05:30:00 GMT+0530 (India Standard Time),102.3908,7.1544
IN1520210080,06.98 GJ SDL 2031,6.98,Mon Aug 11 2031 05:30:00 GMT+0530 (India Standard Time),99.2785,7.1544
IN1420210073,06.99 GA SDL 2031,6.99,Mon Aug 11 2031 05:30:00 GMT+0530 (India Standard Time),99.3195,7.1544
IN3120210163,07.00 TN SDL 2031,7,Mon Aug 11 2031 05:30:00 GMT+0530 (India Standard Time),99.3604,7.1544
IN3320210062,07.02 UP SDL 2031,7.02,Mon Aug 11 2031 05:30:00 GMT+0530 (India Standard Time),99.4424,7.1544
IN1920200145,06.49 KA SDL 2031,6.49,Tue Aug 12 2031 05:30:00 GMT+0530 (India Standard Time),97.27,7.1544
IN2220200132,06.49 MH SDL 2031,6.49,Tue Aug 12 2031 05:30:00 GMT+0530 (India Standard Time),97.27,7.1544
IN1920240232,07.08 KA SGS 2031,7.08,Tue Aug 12 2031 05:30:00 GMT+0530 (India Standard Time),99.6166,7.1719
IN1320230031,07.50 BR SGS 2031,7.5,Sun Aug 17 2031 05:30:00 GMT+0530 (India Standard Time),101.4146,7.1544
IN1220210034,06.97 AS SDL 2031,6.97,Mon Aug 18 2031 05:30:00 GMT+0530 (India Standard Time),99.2369,7.1544
IN2620210038,06.97 NL SDL 2031,6.97,Mon Aug 18 2031 05:30:00 GMT+0530 (India Standard Time),99.2369,7.1544
IN2820210044,06.97 PN SDL 2031,6.97,Mon Aug 18 2031 05:30:00 GMT+0530 (India Standard Time),99.2369,7.1544
IN3120210171,06.97 TN SDL 2031,6.97,Mon Aug 18 2031 05:30:00 GMT+0530 (India Standard Time),99.2369,7.1544
IN3320210070,06.97 UP SDL 2031,6.97,Mon Aug 18 2031 05:30:00 GMT+0530 (India Standard Time),99.2369,7.1544
IN1520250292,06.98 GJ SGS 2031,6.98,Mon Aug 18 2031 05:30:00 GMT+0530 (India Standard Time),99.278,7.1544
IN2720250058,06.95 OD SGS 2031,6.95,Wed Aug 20 2031 05:30:00 GMT+0530 (India Standard Time),99.1545,7.1544
IN1020190188,07.25 AP SDL 2031,7.25,Thu Aug 21 2031 05:30:00 GMT+0530 (India Standard Time),100.3893,7.1544
IN2520240044,07.20 MZ SGS 2031,7.2,Thu Aug 21 2031 05:30:00 GMT+0530 (India Standard Time),100.1835,7.1544
IN1320230049,07.49 BR SGS 2031,7.49,Sat Aug 23 2031 05:30:00 GMT+0530 (India Standard Time),101.3792,7.1544
IN3120210189,06.95 TN SDL 2031,6.95,Mon Aug 25 2031 05:30:00 GMT+0530 (India Standard Time),99.154,7.1544
IN1420210081,06.97 GA SDL 2031,6.97,Mon Aug 25 2031 05:30:00 GMT+0530 (India Standard Time),99.2365,7.1544
IN2020210109,06.97 KL SDL 2031,6.97,Mon Aug 25 2031 05:30:00 GMT+0530 (India Standard Time),99.2365,7.1544
IN1220210042,06.98 AS SDL 2031 25 AUG,6.98,Mon Aug 25 2031 05:30:00 GMT+0530 (India Standard Time),99.2777,7.1544
IN3320210088,06.98 UP SDL 2031,6.98,Mon Aug 25 2031 05:30:00 GMT+0530 (India Standard Time),99.2777,7.1544
IN3420210103,06.99 WB SDL 2031,6.99,Mon Aug 25 2031 05:30:00 GMT+0530 (India Standard Time),99.319,7.1544
IN2220260078,07.09 MH SGS 2031,7.09,Wed Aug 27 2031 05:30:00 GMT+0530 (India Standard Time),99.7318,7.1544
IN3120250235,07.00 TN SGS 2031,7,Thu Aug 28 2031 05:30:00 GMT+0530 (India Standard Time),99.3602,7.1544
IN1220250097,07.13 AS SGS 2031,7.13,Thu Aug 28 2031 05:30:00 GMT+0530 (India Standard Time),99.8972,7.1544
IN1320230056,07.45 BR SGS 2031,7.45,Sat Aug 30 2031 05:30:00 GMT+0530 (India Standard Time),101.2207,7.1544
IN1620210105,06.87 HR SDL 2031,6.87,Mon Sep 01 2031 05:30:00 GMT+0530 (India Standard Time),98.8226,7.1544
IN2920210258,06.91 RJ SDL 2031 01 SEP,6.91,Mon Sep 01 2031 05:30:00 GMT+0530 (India Standard Time),98.9881,7.1544
IN1720210013,06.93 HP SDL 2031,6.93,Mon Sep 01 2031 05:30:00 GMT+0530 (India Standard Time),99.0708,7.1544
IN1020180247,08.65 AP SDL 2031,8.65,Wed Sep 03 2031 05:30:00 GMT+0530 (India Standard Time),106.1917,7.1544
IN1520250136,07.01 GJ SGS 2031 03 SEP,7.01,Wed Sep 03 2031 05:30:00 GMT+0530 (India Standard Time),99.4018,7.1544
IN1320250070,07.24 BR SGS 2031,7.24,Wed Sep 03 2031 05:30:00 GMT+0530 (India Standard Time),100.354,7.1544
IN4520220158,07.47 TS SGS 2031,7.47,Sun Sep 07 2031 05:30:00 GMT+0530 (India Standard Time),101.308,7.1544
IN1520210106,06.84 GJ SDL 2031 08 SEP,6.84,Mon Sep 08 2031 05:30:00 GMT+0530 (India Standard Time),98.694,7.1544
IN3420210129,06.85 WB SDL 2031,6.85,Mon Sep 08 2031 05:30:00 GMT+0530 (India Standard Time),98.7355,7.1544
IN2920210266,06.87 RJ SDL 2031,6.87,Mon Sep 08 2031 05:30:00 GMT+0530 (India Standard Time),98.8185,7.1544
IN1420210099,06.88 GA SDL 2031,6.88,Mon Sep 08 2031 05:30:00 GMT+0530 (India Standard Time),98.8599,7.1544
IN2820210069,06.89 PN SDL 2031,6.89,Mon Sep 08 2031 05:30:00 GMT+0530 (India Standard Time),98.9014,7.1544
IN3320210096,06.89 UP SDL 2031,6.89,Mon Sep 08 2031 05:30:00 GMT+0530 (India Standard Time),98.9014,7.1544
IN2220200157,06.67 MH SDL 2031,6.67,Tue Sep 09 2031 05:30:00 GMT+0530 (India Standard Time),97.9873,7.1544
IN1020160082,07.42 AP SDL 2031,7.42,Sun Sep 14 2031 05:30:00 GMT+0530 (India Standard Time),101.1018,7.1544
IN1420210107,06.85 GA SDL 2031,6.85,Mon Sep 15 2031 05:30:00 GMT+0530 (India Standard Time),98.7292,7.1544
IN2120210033,06.85 MP SDL 2031,6.85,Mon Sep 15 2031 05:30:00 GMT+0530 (India Standard Time),98.7292,7.1544
IN1220210067,06.87 AS SDL 2031,6.87,Mon Sep 15 2031 05:30:00 GMT+0530 (India Standard Time),98.8125,7.1544
IN3720210019,06.87 JH SDL 2031,6.87,Mon Sep 15 2031 05:30:00 GMT+0530 (India Standard Time),98.8125,7.1544
IN2320210049,06.87 MN SDL 2031,6.87,Mon Sep 15 2031 05:30:00 GMT+0530 (India Standard Time),98.8125,7.1544
IN3320210104,06.87 UP SDL 2031,6.87,Mon Sep 15 2031 05:30:00 GMT+0530 (India Standard Time),98.8125,7.1544
IN3120250276,07.05 TN SGS 2031,7.05,Wed Sep 17 2031 05:30:00 GMT+0530 (India Standard Time),99.5608,7.1544
IN3820250022,07.09 PY SGS 2031,7.09,Wed Sep 17 2031 05:30:00 GMT+0530 (India Standard Time),99.7274,7.1544
IN3120250821,07.03 TN SGS 2031,7.03,Thu Sep 18 2031 05:30:00 GMT+0530 (India Standard Time),99.4769,7.1544
IN3120210197,06.76 TN SDL 2031,6.76,Mon Sep 22 2031 05:30:00 GMT+0530 (India Standard Time),98.3473,7.1544
IN2920210274,06.77 RJ SDL 2031 22 SEP,6.77,Mon Sep 22 2031 05:30:00 GMT+0530 (India Standard Time),98.3891,7.1544
IN2620210046,06.80 NL SDL 2031,6.8,Mon Sep 22 2031 05:30:00 GMT+0530 (India Standard Time),98.5144,7.1544
IN3020210024,06.80 SK SDL 2031,6.8,Mon Sep 22 2031 05:30:00 GMT+0530 (India Standard Time),98.5144,7.1544
IN1320230064,07.49 BR SGS 2031 22 SEP,7.49,Mon Sep 22 2031 05:30:00 GMT+0530 (India Standard Time),101.3957,7.1544
IN1220240098,07.05 AS SGS 2031,7.05,Thu Sep 25 2031 05:30:00 GMT+0530 (India Standard Time),99.5569,7.1544
IN1520230070,07.45 GJ SGS 2031,7.45,Sat Sep 27 2031 05:30:00 GMT+0530 (India Standard Time),101.4839,7.0943
IN1320230072,07.52 BR SGS 2031,7.52,Sat Sep 27 2031 05:30:00 GMT+0530 (India Standard Time),101.5231,7.1544
IN1420210115,06.83 GA SDL 2031,6.83,Mon Sep 29 2031 05:30:00 GMT+0530 (India Standard Time),98.6335,7.1544
IN2820210085,06.84 PN SDL 2031,6.84,Mon Sep 29 2031 05:30:00 GMT+0530 (India Standard Time),98.6754,7.1544
IN3320210112,06.84 UP SDL 2031,6.84,Mon Sep 29 2031 05:30:00 GMT+0530 (India Standard Time),98.6754,7.1544
IN1220210075,06.85 AS SDL 2031 29 SEP,6.85,Mon Sep 29 2031 05:30:00 GMT+0530 (India Standard Time),98.7173,7.1544
IN1920200285,06.97 KA SDL 2031,6.97,Tue Sep 30 2031 05:30:00 GMT+0530 (India Standard Time),99.2194,7.1544
IN3520230068,07.54 CG SGS 2031,7.54,Sat Oct 04 2031 05:30:00 GMT+0530 (India Standard Time),101.6101,7.1544
IN1320230080,07.62 BR SGS 2031,7.62,Sat Oct 04 2031 05:30:00 GMT+0530 (India Standard Time),101.946,7.1544
IN1920210011,06.88 KA SDL 2031,6.88,Mon Oct 06 2031 05:30:00 GMT+0530 (India Standard Time),98.76,7.173
IN1420210123,06.89 GA SDL 2031 06 OCT,6.89,Mon Oct 06 2031 05:30:00 GMT+0530 (India Standard Time),98.8797,7.1544
IN1520210114,06.89 GJ SDL 2031,6.89,Mon Oct 06 2031 05:30:00 GMT+0530 (India Standard Time),98.8797,7.1544
IN3120210205,06.90 TN SDL 2031,6.9,Mon Oct 06 2031 05:30:00 GMT+0530 (India Standard Time),98.9217,7.1544
IN1220210083,06.91 AS SDL 2031,6.91,Mon Oct 06 2031 05:30:00 GMT+0530 (India Standard Time),98.9638,7.1544
IN2920210324,06.91 RJ SDL 2031,6.91,Mon Oct 06 2031 05:30:00 GMT+0530 (India Standard Time),98.9638,7.1544
IN3320210120,06.92 UP SDL 2031,6.92,Mon Oct 06 2031 05:30:00 GMT+0530 (India Standard Time),99.0058,7.1544
IN1020160090,07.22 AP SDL 2031,7.22,Mon Oct 13 2031 05:30:00 GMT+0530 (India Standard Time),100.2658,7.1544
IN1920210037,06.96 KA SDL 2031,6.96,Mon Oct 13 2031 05:30:00 GMT+0530 (India Standard Time),99.1698,7.1544
IN3120210213,06.97 TN SDL 2031 13 OCT,6.97,Mon Oct 13 2031 05:30:00 GMT+0530 (India Standard Time),99.212,7.1544
IN3320210138,06.97 UP SDL 2031 13 OCT,6.97,Mon Oct 13 2031 05:30:00 GMT+0530 (India Standard Time),99.212,7.1544
IN2920210332,06.98 RJ SDL 2031,6.98,Mon Oct 13 2031 05:30:00 GMT+0530 (India Standard Time),99.2541,7.1544
IN2320210056,07.00 MN SDL 2031 13 OCT,7,Mon Oct 13 2031 05:30:00 GMT+0530 (India Standard Time),99.3384,7.1544
IN2620210053,07.00 NL SDL 2031,7,Mon Oct 13 2031 05:30:00 GMT+0530 (India Standard Time),99.3384,7.1544
IN1320230098,07.70 BR SGS 2031,7.7,Sat Oct 18 2031 05:30:00 GMT+0530 (India Standard Time),102.2933,7.1544
IN2420230046,07.72 ML SGS 2031,7.72,Sat Oct 18 2031 05:30:00 GMT+0530 (India Standard Time),102.3778,7.1544
IN1920210052,06.95 KA SDL 2031,6.95,Mon Oct 20 2031 05:30:00 GMT+0530 (India Standard Time),99.1237,7.1544
IN1620210113,06.99 HR SDL 2031,6.99,Mon Oct 20 2031 05:30:00 GMT+0530 (India Standard Time),99.2928,7.1544
IN3820160015,07.27 PY SDL 2031,7.27,Sun Oct 26 2031 05:30:00 GMT+0530 (India Standard Time),100.4772,7.1544
IN1520210148,06.93 GJ SDL 2031 27 OCT,6.93,Mon Oct 27 2031 05:30:00 GMT+0530 (India Standard Time),99.0351,7.1544
IN2920210357,06.96 RJ SDL 2031,6.96,Mon Oct 27 2031 05:30:00 GMT+0530 (India Standard Time),99.1623,7.1544
IN1220210109,06.99 AS SDL 2031,6.99,Mon Oct 27 2031 05:30:00 GMT+0530 (India Standard Time),99.2896,7.1544
IN3320210146,06.99 UP SDL 2031,6.99,Mon Oct 27 2031 05:30:00 GMT+0530 (India Standard Time),99.2896,7.1544
IN1920200368,06.48 KA SDL 2031,6.48,Tue Oct 28 2031 05:30:00 GMT+0530 (India Standard Time),97.125,7.1544
IN1720250092,06.99 HP SGS 2031,6.99,Wed Oct 29 2031 05:30:00 GMT+0530 (India Standard Time),99.2887,7.1544
IN1020190295,07.24 AP SDL 2031,7.24,Thu Oct 30 2031 05:30:00 GMT+0530 (India Standard Time),100.35,7.1544
IN3520230076,07.73 CG SGS 2031,7.73,Sat Nov 01 2031 05:30:00 GMT+0530 (India Standard Time),102.4322,7.1544
IN1320230106,07.78 BR SGS 2031,7.78,Sat Nov 01 2031 05:30:00 GMT+0530 (India Standard Time),102.6446,7.1544
IN3120210221,06.96 TN SDL 2031,6.96,Sun Nov 02 2031 05:30:00 GMT+0530 (India Standard Time),99.1598,7.1544
IN2920210365,06.98 RJ SDL 2031 02 NOV,6.98,Sun Nov 02 2031 05:30:00 GMT+0530 (India Standard Time),99.2449,7.1544
IN1420210131,07.00 GA SDL 2031,7,Sun Nov 02 2031 05:30:00 GMT+0530 (India Standard Time),99.3299,7.1544
IN3420210178,07.00 WB SDL 2031 02 NOV,7,Sun Nov 02 2031 05:30:00 GMT+0530 (India Standard Time),99.3299,7.1544
IN2320210064,07.03 MN SDL 2031,7.03,Sun Nov 02 2031 05:30:00 GMT+0530 (India Standard Time),99.4574,7.1544
IN1020190311,07.22 AP SDL 2031NOV,7.22,Thu Nov 06 2031 05:30:00 GMT+0530 (India Standard Time),100.2651,7.1544
IN2920210373,06.92 RJ SDL 2031,6.92,Mon Nov 10 2031 05:30:00 GMT+0530 (India Standard Time),98.9854,7.1544
IN3320210153,06.93 UP SDL 2031,6.93,Mon Nov 10 2031 05:30:00 GMT+0530 (India Standard Time),99.0281,7.1544
IN1220210125,06.94 AS SDL 2031,6.94,Mon Nov 10 2031 05:30:00 GMT+0530 (India Standard Time),99.0707,7.1544
IN2820190089,07.30 PN SDL 2031,7.3,Thu Nov 13 2031 05:30:00 GMT+0530 (India Standard Time),100.6071,7.1544
IN1520240053,07.05 GJ SGS 2031,7.05,Thu Nov 13 2031 05:30:00 GMT+0530 (India Standard Time),99.5391,7.1544
IN1920220010,07.68 KA SGS 2031,7.68,Sun Nov 16 2031 05:30:00 GMT+0530 (India Standard Time),102.2331,7.1544
IN1920210086,06.90 KA SDL 2031,6.9,Mon Nov 17 2031 05:30:00 GMT+0530 (India Standard Time),98.8962,7.1544
IN3320210161,06.93 UP SDL 2031 17 NOV,6.93,Mon Nov 17 2031 05:30:00 GMT+0530 (India Standard Time),99.0246,7.1544
IN1520250177,06.84 GJ SGS 2031,6.84,Wed Nov 19 2031 05:30:00 GMT+0530 (India Standard Time),98.5182,7.1826
IN3820180039,08.52 PY SDL 2031,8.52,Thu Nov 20 2031 05:30:00 GMT+0530 (India Standard Time),105.8361,7.1544
IN1020190352,07.22 AP SDL 2031NOV1,7.22,Thu Nov 20 2031 05:30:00 GMT+0530 (India Standard Time),100.2657,7.1544
IN2020240205,07.08 KL SGS 2031,7.08,Fri Nov 21 2031 05:30:00 GMT+0530 (India Standard Time),99.6657,7.1544
IN2720160067,06.87 OD SDL 2031,6.87,Sun Nov 23 2031 05:30:00 GMT+0530 (India Standard Time),98.7643,7.1544
IN3820160023,06.87 PY SDL 2031,6.87,Sun Nov 23 2031 05:30:00 GMT+0530 (India Standard Time),98.7643,7.1544
IN1620220278,07.68 HR SGS 2031,7.68,Sun Nov 23 2031 05:30:00 GMT+0530 (India Standard Time),102.2396,7.1544
IN1920210102,06.87 KA SDL 2031,6.87,Mon Nov 24 2031 05:30:00 GMT+0530 (India Standard Time),98.7637,7.1544
IN1720210047,06.91 HP SDL 2031,6.91,Mon Nov 24 2031 05:30:00 GMT+0530 (India Standard Time),98.9354,7.1544
IN3420210194,06.91 WB SDL 2031,6.91,Mon Nov 24 2031 05:30:00 GMT+0530 (India Standard Time),98.9354,7.1544
IN3120190233,07.20 TN SDL 2031,7.2,Thu Nov 27 2031 05:30:00 GMT+0530 (India Standard Time),100.1804,7.1544
IN1020190378,07.21 AP SDL 2031,7.21,Thu Nov 27 2031 05:30:00 GMT+0530 (India Standard Time),100.2233,7.1544
IN3520230084,07.74 CG SGS 2031,7.74,Sat Nov 29 2031 05:30:00 GMT+0530 (India Standard Time),102.5035,7.1544
IN1920210128,06.83 KA SDL 2031,6.83,Mon Dec 01 2031 05:30:00 GMT+0530 (India Standard Time),98.5875,7.1544
IN2920210399,06.84 RJ SDL 2031,6.84,Mon Dec 01 2031 05:30:00 GMT+0530 (India Standard Time),98.6306,7.1544
IN3020210032,06.87 SK SDL 2031,6.87,Mon Dec 01 2031 05:30:00 GMT+0530 (India Standard Time),98.7598,7.1544
IN1920210136,06.83 KA SDL 2031 08 DEC,6.83,Mon Dec 08 2031 05:30:00 GMT+0530 (India Standard Time),98.5833,7.1544
IN1220210166,06.87 AS SDL 2031 08 DEC,6.87,Mon Dec 08 2031 05:30:00 GMT+0530 (India Standard Time),98.756,7.1544
IN2520200071,06.68 MZ SDL 2031,6.68,Tue Dec 09 2031 05:30:00 GMT+0530 (India Standard Time),97.9346,7.1544
IN1020230653,07.71 AP SGS 2031,7.71,Sat Dec 13 2031 05:30:00 GMT+0530 (India Standard Time),102.3892,7.1544
IN3820160031,07.15 PY SDL 2031,7.15,Sun Dec 14 2031 05:30:00 GMT+0530 (India Standard Time),99.9654,7.1544
IN4520160123,07.15 TS SDL 2031,7.15,Sun Dec 14 2031 05:30:00 GMT+0530 (India Standard Time),99.9654,7.1544
IN1920210151,06.83 KA SDL 2031,6.83,Mon Dec 15 2031 05:30:00 GMT+0530 (India Standard Time),98.5792,7.1544
IN3120210262,06.83 TN SDL 2031 15 DEC,6.83,Mon Dec 15 2031 05:30:00 GMT+0530 (India Standard Time),98.5792,7.1544
IN1420210149,06.85 GA SDL 2031 15 DEC,6.85,Mon Dec 15 2031 05:30:00 GMT+0530 (India Standard Time),98.6658,7.1544
IN1520230138,07.55 GJ SGS 2031,7.55,Sat Dec 20 2031 05:30:00 GMT+0530 (India Standard Time),101.7023,7.1544
IN1920210177,06.96 KA SDL 2031 22 DEC,6.96,Mon Dec 22 2031 05:30:00 GMT+0530 (India Standard Time),99.1402,7.1544
IN3320210179,06.96 UP SDL 2031,6.96,Mon Dec 22 2031 05:30:00 GMT+0530 (India Standard Time),99.1402,7.1544
IN1220210174,06.97 AS SDL 2031 22 DEC,6.97,Mon Dec 22 2031 05:30:00 GMT+0530 (India Standard Time),99.1836,7.1544
IN1420210156,06.98 GA SDL 2031,6.98,Mon Dec 22 2031 05:30:00 GMT+0530 (India Standard Time),99.2271,7.1544
IN2620210061,07.00 NL SDL 2031 22 DEC,7,Mon Dec 22 2031 05:30:00 GMT+0530 (India Standard Time),99.314,7.1544
IN1520250250,07.16 GJ SGS 2031,7.16,Wed Dec 24 2031 05:30:00 GMT+0530 (India Standard Time),100.0094,7.1544
IN1520220188,07.57 GJ SGS 2031,7.57,Sun Dec 28 2031 05:30:00 GMT+0530 (India Standard Time),101.796,7.1544
IN3720220034,07.58 JH SGS 2031,7.58,Sun Dec 28 2031 05:30:00 GMT+0530 (India Standard Time),101.8396,7.1544
IN1420210164,07.00 GA SDL 2031 29 DEC,7,Mon Dec 29 2031 05:30:00 GMT+0530 (India Standard Time),99.3126,7.1544
IN2320210072,07.00 MN SDL 2031,7,Mon Dec 29 2031 05:30:00 GMT+0530 (India Standard Time),99.3126,7.1544
IN1920210193,07.02 KA SDL 2031,7.02,Mon Dec 29 2031 05:30:00 GMT+0530 (India Standard Time),99.3997,7.1544
IN3120210288,07.02 TN SDL 2031,7.02,Mon Dec 29 2031 05:30:00 GMT+0530 (India Standard Time),99.3997,7.1544
IN1220210190,07.03 AS SDL 2031,7.03,Mon Dec 29 2031 05:30:00 GMT+0530 (India Standard Time),99.4433,7.1544
IN1720210070,07.03 HP SDL 2031,7.03,Mon Dec 29 2031 05:30:00 GMT+0530 (India Standard Time),99.4433,7.1544
IN2920210415,07.03 RJ SDL 2031,7.03,Mon Dec 29 2031 05:30:00 GMT+0530 (India Standard Time),99.4433,7.1544
IN3320210187,07.04 UP SDL 2031,7.04,Mon Dec 29 2031 05:30:00 GMT+0530 (India Standard Time),99.4869,7.1544
IN3620210036,07.05 UK SDL 2031,7.05,Mon Dec 29 2031 05:30:00 GMT+0530 (India Standard Time),99.5305,7.1544
IN2920250361,07.24 RJ SGS 2031,7.24,Wed Dec 31 2031 05:30:00 GMT+0530 (India Standard Time),100.3589,7.1544
IN1320250229,07.42 BR SGS 2031,7.42,Wed Dec 31 2031 05:30:00 GMT+0530 (India Standard Time),101.1437,7.1544
IN1020230679,07.74 AP SGS 2032 03 JAN,7.74,Sat Jan 03 2032 05:30:00 GMT+0530 (India Standard Time),101.918,7.2957
IN1920210219,07.10 KA SDL 2032,7.1,Mon Jan 05 2032 05:30:00 GMT+0530 (India Standard Time),99.1546,7.2909
IN1220210208,07.12 AS SDL 2032,7.12,Mon Jan 05 2032 05:30:00 GMT+0530 (India Standard Time),99.2208,7.2957
IN3320210195,07.12 UP SDL 2032,7.12,Mon Jan 05 2032 05:30:00 GMT+0530 (India Standard Time),99.2208,7.2957
IN1620210139,07.13 HR SDL 2032,7.13,Mon Jan 05 2032 05:30:00 GMT+0530 (India Standard Time),99.2643,7.2957
IN2820210135,07.14 PN SDL 2032,7.14,Mon Jan 05 2032 05:30:00 GMT+0530 (India Standard Time),99.3078,7.2957
IN3420210236,07.14 WB SDL 2032,7.14,Mon Jan 05 2032 05:30:00 GMT+0530 (India Standard Time),99.3078,7.2957
IN3120250581,07.22 TN SGS 2032,7.22,Wed Jan 07 2032 05:30:00 GMT+0530 (India Standard Time),99.6561,7.2957
IN1520240129,07.05 GJ SGS 2032,7.05,Thu Jan 08 2032 05:30:00 GMT+0530 (India Standard Time),98.915,7.2957
IN1920240174,07.10 KA SGS 2032 08 JAN,7.1,Thu Jan 08 2032 05:30:00 GMT+0530 (India Standard Time),99.133,7.2957
IN3620240066,07.13 UK SGS 2032,7.13,Thu Jan 08 2032 05:30:00 GMT+0530 (India Standard Time),99.2638,7.2957
IN1520230195,07.66 GJ SGS 2032,7.66,Sat Jan 10 2032 05:30:00 GMT+0530 (India Standard Time),101.5757,7.2957
IN2220160138,07.18 MH SDL 2032,7.18,Sun Jan 11 2032 05:30:00 GMT+0530 (India Standard Time),99.4815,7.2957
IN4520160131,07.18 TS SDL 2032,7.18,Sun Jan 11 2032 05:30:00 GMT+0530 (India Standard Time),99.4815,7.2957
IN1920210243,07.14 KA SDL 2032,7.14,Mon Jan 12 2032 05:30:00 GMT+0530 (India Standard Time),99.3068,7.2957
IN2920210423,07.14 RJ SDL 2032,7.14,Mon Jan 12 2032 05:30:00 GMT+0530 (India Standard Time),99.3068,7.2957
IN3320210203,07.15 UP SDL 2032,7.15,Mon Jan 12 2032 05:30:00 GMT+0530 (India Standard Time),99.3504,7.2957
IN2520200089,06.64 MZ SDL 2032,6.64,Tue Jan 13 2032 05:30:00 GMT+0530 (India Standard Time),97.1224,7.2957
IN3520230092,07.68 CG SGS 2032,7.68,Sat Jan 17 2032 05:30:00 GMT+0530 (India Standard Time),101.6692,7.2957
IN1520220196,07.57 GJ SGS 2032,7.57,Sun Jan 18 2032 05:30:00 GMT+0530 (India Standard Time),101.1885,7.2957
IN1420210172,07.23 GA SDL 2032,7.23,Mon Jan 19 2032 05:30:00 GMT+0530 (India Standard Time),99.7001,7.2957
IN2320210080,07.23 MN SDL 2032,7.23,Mon Jan 19 2032 05:30:00 GMT+0530 (India Standard Time),99.7001,7.2957
IN3420210244,07.23 WB SDL 2032,7.23,Mon Jan 19 2032 05:30:00 GMT+0530 (India Standard Time),99.7001,7.2957
IN1320210132,07.24 BR SDL 2032,7.24,Mon Jan 19 2032 05:30:00 GMT+0530 (India Standard Time),99.7439,7.2957
IN3320210211,07.24 UP SDL 2032,7.24,Mon Jan 19 2032 05:30:00 GMT+0530 (India Standard Time),99.7439,7.2957
IN3120250623,07.21 TN SGS 2032 21 JAN,7.21,Wed Jan 21 2032 05:30:00 GMT+0530 (India Standard Time),99.6125,7.2957
IN1720190108,07.18 HP SDL 2032,7.18,Thu Jan 22 2032 05:30:00 GMT+0530 (India Standard Time),99.481,7.2957
IN3720230017,07.68 JH SGS 2032,7.68,Sat Jan 24 2032 05:30:00 GMT+0530 (India Standard Time),101.6756,7.2957
IN2220160153,07.25 MH SDL 2032,7.25,Sun Jan 25 2032 05:30:00 GMT+0530 (India Standard Time),99.7883,7.2957
IN3820160049,07.25 PY SDL 2032,7.25,Sun Jan 25 2032 05:30:00 GMT+0530 (India Standard Time),99.7883,7.2957
IN2920210456,07.24 RJ SDL 2032,7.24,Sun Jan 25 2032 05:30:00 GMT+0530 (India Standard Time),99.7444,7.2957
IN3120210304,07.24 TN SDL 2032,7.24,Sun Jan 25 2032 05:30:00 GMT+0530 (India Standard Time),99.7208,7.3011
IN3620210044,07.25 UK SDL 2032,7.25,Sun Jan 25 2032 05:30:00 GMT+0530 (India Standard Time),99.7883,7.2957
IN1120210027,07.27 AR SDL 2032,7.27,Sun Jan 25 2032 05:30:00 GMT+0530 (India Standard Time),99.8761,7.2957
IN3020210040,07.27 SK SDL 2032,7.27,Sun Jan 25 2032 05:30:00 GMT+0530 (India Standard Time),99.8761,7.2957
IN3320210229,07.28 UP SDL 2032,7.28,Sun Jan 25 2032 05:30:00 GMT+0530 (India Standard Time),99.9201,7.2957
IN1520220204,07.63 GJ SGS 2032,7.63,Sun Jan 25 2032 05:30:00 GMT+0530 (India Standard Time),101.4569,7.2957
IN2820190113,07.22 PN SDL 2032,7.22,Thu Jan 29 2032 05:30:00 GMT+0530 (India Standard Time),99.6569,7.2957
IN1020180395,08.22 AP SDL 2032,8.22,Fri Jan 30 2032 05:30:00 GMT+0530 (India Standard Time),104.0574,7.2957
IN1020220647,07.66 AP SGS 2032,7.66,Sun Feb 01 2032 05:30:00 GMT+0530 (India Standard Time),101.5941,7.2957
IN1920210326,07.21 KA SDL 2032,7.21,Mon Feb 02 2032 05:30:00 GMT+0530 (India Standard Time),99.5552,7.3089
IN2920210472,07.21 RJ SDL 2032,7.21,Mon Feb 02 2032 05:30:00 GMT+0530 (India Standard Time),99.6131,7.2957
IN1020200557,06.90 AP SDL 2032,6.9,Tue Feb 03 2032 05:30:00 GMT+0530 (India Standard Time),98.2473,7.2957
IN1520250276,07.17 GJ SGS 2032,7.17,Wed Feb 04 2032 05:30:00 GMT+0530 (India Standard Time),99.4449,7.2939
IN3620240074,07.14 UK SGS 2032,7.14,Thu Feb 05 2032 05:30:00 GMT+0530 (India Standard Time),99.3046,7.2957
IN1020240686,07.17 AP SGS 2032,7.17,Thu Feb 05 2032 05:30:00 GMT+0530 (India Standard Time),99.4369,7.2957
IN3520230134,07.51 CG SGS 2032,7.51,Sat Feb 07 2032 05:30:00 GMT+0530 (India Standard Time),100.9376,7.2957
IN4520220372,07.61 TS SGS 2032,7.61,Sun Feb 08 2032 05:30:00 GMT+0530 (India Standard Time),101.3798,7.2957
IN2920210480,07.24 RJ SDL 2032 09 FEB,7.24,Mon Feb 09 2032 05:30:00 GMT+0530 (India Standard Time),99.7462,7.2957
IN1920210342,07.30 KA SDL 2032,7.3,Mon Feb 09 2032 05:30:00 GMT+0530 (India Standard Time),100.0113,7.2957
IN1220210216,07.32 AS SDL 2032,7.32,Mon Feb 09 2032 05:30:00 GMT+0530 (India Standard Time),100.0996,7.2957
IN2320210098,07.34 MN SDL 2032,7.34,Mon Feb 09 2032 05:30:00 GMT+0530 (India Standard Time),100.188,7.2957
IN1520240202,07.07 GJ SGS 2032,7.07,Thu Feb 12 2032 05:30:00 GMT+0530 (India Standard Time),99.0478,7.2836
IN4520160149,07.65 TS SDL 2032,7.65,Sun Feb 15 2032 05:30:00 GMT+0530 (India Standard Time),101.563,7.2957
IN1520210197,07.06 GJ SDL 2032,7.06,Mon Feb 16 2032 05:30:00 GMT+0530 (India Standard Time),98.9499,7.2957
IN1220210232,07.09 AS SDL 2032,7.09,Mon Feb 16 2032 05:30:00 GMT+0530 (India Standard Time),99.0828,7.2957
IN2920210498,07.09 RJ SDL 2032,7.09,Mon Feb 16 2032 05:30:00 GMT+0530 (India Standard Time),99.0828,7.2957
IN3120250722,07.12 TN SGS 2032,7.12,Wed Feb 18 2032 05:30:00 GMT+0530 (India Standard Time),99.2365,7.291
IN3520230217,07.48 CG SGS 2032,7.48,Sat Feb 21 2032 05:30:00 GMT+0530 (India Standard Time),100.814,7.2957
IN1520210205,07.09 GJ SDL 2032,7.09,Mon Feb 23 2032 05:30:00 GMT+0530 (India Standard Time),99.1355,7.2836
IN3120210353,07.10 TN SDL 2032,7.1,Mon Feb 23 2032 05:30:00 GMT+0530 (India Standard Time),99.1476,7.291
IN1220210240,07.12 AS SDL 2032 23 FEB,7.12,Mon Feb 23 2032 05:30:00 GMT+0530 (India Standard Time),99.2155,7.2957
IN1320210140,07.13 BR SDL 2032,7.13,Mon Feb 23 2032 05:30:00 GMT+0530 (India Standard Time),99.26,7.2957
IN1620220435,07.73 HR SGS 2032,7.73,Mon Mar 01 2032 05:30:00 GMT+0530 (India Standard Time),101.9355,7.2957
IN1020220688,07.74 AP SGS 2032,7.74,Mon Mar 01 2032 05:30:00 GMT+0530 (India Standard Time),101.9801,7.2957
IN1520210213,07.12 GJ SDL 2032,7.12,Tue Mar 02 2032 05:30:00 GMT+0530 (India Standard Time),99.2156,7.2957
IN3120210379,07.14 TN SDL 2032,7.14,Tue Mar 02 2032 05:30:00 GMT+0530 (India Standard Time),99.3048,7.2957
IN1420210180,07.15 GA SDL 2032,7.15,Tue Mar 02 2032 05:30:00 GMT+0530 (India Standard Time),99.3494,7.2957
IN1320210157,07.17 BR SDL 2032,7.17,Tue Mar 02 2032 05:30:00 GMT+0530 (India Standard Time),99.4386,7.2957
IN2020210182,07.17 KL SDL 2032,7.17,Tue Mar 02 2032 05:30:00 GMT+0530 (India Standard Time),99.4386,7.2957
IN2920210514,07.17 RJ SDL 2032,7.17,Tue Mar 02 2032 05:30:00 GMT+0530 (India Standard Time),99.4386,7.2957
IN3420210269,07.17 WB SDL 2032,7.17,Tue Mar 02 2032 05:30:00 GMT+0530 (India Standard Time),99.4386,7.2957
IN1020190527,07.15 AP SDL 2032,7.15,Thu Mar 04 2032 05:30:00 GMT+0530 (India Standard Time),99.3495,7.2957
IN2720240109,07.20 OD SGS 2032,7.2,Fri Mar 05 2032 05:30:00 GMT+0530 (India Standard Time),99.5722,7.2957
IN1520210221,07.25 GJ SDL 2032,7.25,Tue Mar 09 2032 05:30:00 GMT+0530 (India Standard Time),99.7938,7.2957
IN1620210170,07.25 HR SDL 2032,7.25,Tue Mar 09 2032 05:30:00 GMT+0530 (India Standard Time),99.7938,7.2957
IN3120210403,07.25 TN SDL 2032,7.25,Tue Mar 09 2032 05:30:00 GMT+0530 (India Standard Time),99.7938,7.2957
IN1320190227,06.92 BR SDL 2032,6.92,Thu Mar 11 2032 05:30:00 GMT+0530 (India Standard Time),98.3155,7.2957
IN4920240251,07.22 JK SGS 2032,7.22,Fri Mar 12 2032 05:30:00 GMT+0530 (India Standard Time),99.6582,7.2957
IN3620240082,07.23 UK SGS 2032,7.23,Fri Mar 12 2032 05:30:00 GMT+0530 (India Standard Time),99.703,7.2957
IN3520230233,07.38 CG SGS 2032,7.38,Sat Mar 13 2032 05:30:00 GMT+0530 (India Standard Time),100.3747,7.2957
IN2720160125,07.95 OD SDL 2032,7.95,Mon Mar 15 2032 05:30:00 GMT+0530 (India Standard Time),102.9304,7.2957
IN4520220448,07.69 TS SGS 2032,7.69,Mon Mar 15 2032 05:30:00 GMT+0530 (India Standard Time),101.7644,7.2957
IN1620220443,07.70 HR SGS 2032,7.7,Mon Mar 15 2032 05:30:00 GMT+0530 (India Standard Time),101.8093,7.2957
IN3120210445,07.19 TN SDL 2032,7.19,Tue Mar 16 2032 05:30:00 GMT+0530 (India Standard Time),99.5218,7.2957
IN2920210522,07.22 RJ SDL 2032 16 MAR,7.22,Tue Mar 16 2032 05:30:00 GMT+0530 (India Standard Time),99.6564,7.2957
IN3020210057,07.24 SK SDL 2032,7.24,Tue Mar 16 2032 05:30:00 GMT+0530 (India Standard Time),99.7461,7.2957
IN3720250031,07.20 JH SGS 2032,7.2,Thu Mar 18 2032 05:30:00 GMT+0530 (India Standard Time),99.5657,7.2957
IN1220250238,07.22 AS SGS 2032,7.22,Thu Mar 18 2032 05:30:00 GMT+0530 (India Standard Time),99.6555,7.2957
IN2120240246,07.14 MP SGS 2032,7.14,Fri Mar 19 2032 05:30:00 GMT+0530 (India Standard Time),99.2957,7.2957
IN3620240090,07.17 UK SGS 2032,7.17,Fri Mar 19 2032 05:30:00 GMT+0530 (India Standard Time),99.4304,7.2957
IN3520230266,07.46 CG SGS 2032,7.46,Sat Mar 20 2032 05:30:00 GMT+0530 (India Standard Time),100.733,7.2957
IN3320230300,07.46 UP SGS 2032,7.46,Sat Mar 20 2032 05:30:00 GMT+0530 (India Standard Time),100.733,7.2957
IN3120210478,07.23 TN SDL 2032,7.23,Tue Mar 23 2032 05:30:00 GMT+0530 (India Standard Time),99.6983,7.2957
IN2920210530,07.24 RJ SDL 2032,7.24,Tue Mar 23 2032 05:30:00 GMT+0530 (India Standard Time),99.7433,7.2957
IN1620210204,07.26 HR SDL 2032,7.26,Tue Mar 23 2032 05:30:00 GMT+0530 (India Standard Time),99.8332,7.2957
IN2420210063,07.27 ML SDL 2032,7.27,Tue Mar 23 2032 05:30:00 GMT+0530 (India Standard Time),99.8782,7.2957
IN1620220468,07.72 HR SGS 2032,7.72,Tue Mar 23 2032 05:30:00 GMT+0530 (India Standard Time),101.9026,7.2957
IN2220220239,07.72 MH SGS 2032,7.72,Tue Mar 23 2032 05:30:00 GMT+0530 (India Standard Time),101.9684,7.2813
IN1020220746,07.73 AP SGS 2032,7.73,Tue Mar 23 2032 05:30:00 GMT+0530 (India Standard Time),101.9476,7.2957
IN1620250424,07.42 HR SGS 2032,7.42,Thu Mar 25 2032 05:30:00 GMT+0530 (India Standard Time),100.5529,7.2957
IN2120240279,07.05 MP SGS 2032,7.05,Fri Mar 26 2032 05:30:00 GMT+0530 (India Standard Time),98.8864,7.2957
IN3620240108,07.05 UK SGS 2032,7.05,Fri Mar 26 2032 05:30:00 GMT+0530 (India Standard Time),98.8864,7.2957
IN1920230373,07.42 KA SGS 2032,7.42,Sat Mar 27 2032 05:30:00 GMT+0530 (India Standard Time),100.5528,7.2957
IN3520230290,07.47 CG SGS 2032,7.47,Sat Mar 27 2032 05:30:00 GMT+0530 (India Standard Time),100.7781,7.2957
IN3820160056,07.65 PY SDL 2032,7.65,Mon Mar 29 2032 05:30:00 GMT+0530 (India Standard Time),101.5899,7.2957
IN2220220254,07.73 MH SGS 2032,7.73,Mon Mar 29 2032 05:30:00 GMT+0530 (India Standard Time),101.9372,7.2986
IN1720220228,07.75 HP SGS 2032,7.75,Mon Mar 29 2032 05:30:00 GMT+0530 (India Standard Time),102.0408,7.2957
IN1520210239,07.29 GJ SDL 2032,7.29,Tue Mar 30 2032 05:30:00 GMT+0530 (India Standard Time),99.9261,7.3046
IN2920210563,07.29 RJ SDL 2032,7.29,Tue Mar 30 2032 05:30:00 GMT+0530 (India Standard Time),99.9662,7.2957
IN3120210510,07.30 TN SDL 2032,7.3,Tue Mar 30 2032 05:30:00 GMT+0530 (India Standard Time),99.9712,7.3046
IN2020210208,07.31 KL SDL 2032,7.31,Tue Mar 30 2032 05:30:00 GMT+0530 (India Standard Time),100.0564,7.2957
IN1220210257,07.33 AS SDL 2032,7.33,Tue Mar 30 2032 05:30:00 GMT+0530 (India Standard Time),100.1467,7.2957
IN1420210198,07.34 GA SDL 2032,7.34,Tue Mar 30 2032 05:30:00 GMT+0530 (India Standard Time),100.1918,7.2957
IN2320210106,07.34 MN SDL 2032 30 MAR,7.34,Tue Mar 30 2032 05:30:00 GMT+0530 (India Standard Time),100.1918,7.2957
IN2620210079,07.34 NL SDL 2032,7.34,Tue Mar 30 2032 05:30:00 GMT+0530 (India Standard Time),100.1918,7.2957
IN3620210051,07.34 UK SDL 2032,7.34,Tue Mar 30 2032 05:30:00 GMT+0530 (India Standard Time),100.1918,7.2957
IN3320210237,07.34 UP SDL 2032,7.34,Tue Mar 30 2032 05:30:00 GMT+0530 (India Standard Time),100.1918,7.2957
IN3020210065,07.35 SK SDL 2032,7.35,Tue Mar 30 2032 05:30:00 GMT+0530 (India Standard Time),100.2369,7.2957
IN3420210293,07.36 WB SDL 2032,7.36,Tue Mar 30 2032 05:30:00 GMT+0530 (India Standard Time),100.282,7.2957
IN2920190484,07.88 RJ SDL 2032,7.88,Wed Mar 31 2032 05:30:00 GMT+0530 (India Standard Time),102.6278,7.2957
IN3720190062,08.10 JH SDL 2032,8.1,Wed Mar 31 2032 05:30:00 GMT+0530 (India Standard Time),103.6203,7.2957
IN2020200316,06.82 KL SDL 2032,6.82,Wed Mar 31 2032 05:30:00 GMT+0530 (India Standard Time),97.8459,7.2957
IN2820240017,07.49 PN SGS 2032,7.49,Sat Apr 03 2032 05:30:00 GMT+0530 (India Standard Time),100.8688,7.2957
IN1020230026,07.70 AP SGS 2032,7.7,Tue Apr 06 2032 05:30:00 GMT+0530 (India Standard Time),101.8187,7.2957
IN2020200027,08.10 KL SDL 2032,8.1,Thu Apr 08 2032 05:30:00 GMT+0530 (India Standard Time),103.6299,7.2957
IN1020240066,07.50 AP SGS 2032,7.5,Sat Apr 24 2032 05:30:00 GMT+0530 (India Standard Time),100.9174,7.2957
IN2820240033,07.55 PN SGS 2032,7.55,Sat Apr 24 2032 05:30:00 GMT+0530 (India Standard Time),101.1451,7.2957
IN1720250027,06.65 HP SGS 2032,6.65,Fri Apr 30 2032 05:30:00 GMT+0530 (India Standard Time),97.0383,7.2957
IN3320250019,06.67 UP SGS 2032,6.67,Fri Apr 30 2032 05:30:00 GMT+0530 (India Standard Time),97.1296,7.2957
IN2820240058,07.54 PN SGS 2032,7.54,Sun May 02 2032 05:30:00 GMT+0530 (India Standard Time),101.1019,7.2957
IN2220210016,06.82 MH SDL 2032,6.82,Wed May 05 2032 05:30:00 GMT+0530 (India Standard Time),97.8095,7.2957
IN3120260010,07.50 TN SGS 2032,7.5,Thu May 06 2032 05:30:00 GMT+0530 (India Standard Time),100.9756,7.2836
IN1520250011,06.61 GJ SGS 2032,6.61,Fri May 07 2032 05:30:00 GMT+0530 (India Standard Time),96.8622,7.2921
IN1020250065,06.67 AP SGS 2032,6.67,Fri May 07 2032 05:30:00 GMT+0530 (India Standard Time),97.1209,7.2957
IN1020220076,07.76 AP SDL 2032,7.76,Tue May 11 2032 05:30:00 GMT+0530 (India Standard Time),102.1136,7.2957
IN2220210032,06.84 MH SDL 2032,6.84,Wed May 12 2032 05:30:00 GMT+0530 (India Standard Time),97.8945,7.2957
IN2820240082,07.47 PN SGS 2032,7.47,Sat May 15 2032 05:30:00 GMT+0530 (India Standard Time),100.7848,7.2957
IN2920220018,07.70 RJ SDL 2032,7.7,Tue May 18 2032 05:30:00 GMT+0530 (India Standard Time),101.843,7.2957
IN2220210057,06.83 MH SDL 2032,6.83,Wed May 19 2032 05:30:00 GMT+0530 (India Standard Time),97.8422,7.2957
IN1620210030,06.84 HR SDL 2032,6.84,Wed May 19 2032 05:30:00 GMT+0530 (India Standard Time),97.8882,7.2957
IN3320250027,06.51 UP SGS 2032,6.51,Fri May 21 2032 05:30:00 GMT+0530 (India Standard Time),96.3675,7.2957
IN2920240057,07.42 RJ SGS 2032,7.42,Sat May 22 2032 05:30:00 GMT+0530 (India Standard Time),100.5564,7.2957
IN2220210081,06.83 MH SDL 2032 25 MAY,6.83,Tue May 25 2032 05:30:00 GMT+0530 (India Standard Time),97.8369,7.2957
IN2220220064,07.70 MH SDL 2032,7.7,Tue May 25 2032 05:30:00 GMT+0530 (India Standard Time),101.834,7.2986
IN1020220134,07.71 AP SDL 2032,7.71,Tue May 25 2032 05:30:00 GMT+0530 (India Standard Time),101.8939,7.2957
IN4920220022,07.72 JK SDL 2032,7.72,Tue May 25 2032 05:30:00 GMT+0530 (India Standard Time),101.94,7.2957
IN2320220014,07.72 MN SDL 2032,7.72,Tue May 25 2032 05:30:00 GMT+0530 (India Standard Time),101.94,7.2957
IN3420220011,07.73 WB SDL 2032 25 MAY,7.73,Tue May 25 2032 05:30:00 GMT+0530 (India Standard Time),101.9861,7.2957
IN2220230063,07.32 MH SGS 2032,7.32,Mon May 31 2032 05:30:00 GMT+0530 (India Standard Time),100.1517,7.2836
IN2420230012,07.36 ML SGS 2032,7.36,Mon May 31 2032 05:30:00 GMT+0530 (India Standard Time),100.2808,7.2957
IN1520220022,07.80 GJ SDL 2032,7.8,Tue Jun 01 2032 05:30:00 GMT+0530 (India Standard Time),102.2659,7.306
IN3120220014,07.80 TN SDL 2032,7.8,Tue Jun 01 2032 05:30:00 GMT+0530 (India Standard Time),102.191,7.322
IN1420220015,07.81 GA SDL 2032,7.81,Tue Jun 01 2032 05:30:00 GMT+0530 (India Standard Time),102.3603,7.2957
IN1620220088,07.81 HR SDL 2032,7.81,Tue Jun 01 2032 05:30:00 GMT+0530 (India Standard Time),102.3603,7.2957
IN2320220022,07.82 MN SDL 2032,7.82,Tue Jun 01 2032 05:30:00 GMT+0530 (India Standard Time),102.4065,7.2957
IN3420220029,07.83 WB SDL 2032,7.83,Tue Jun 01 2032 05:30:00 GMT+0530 (India Standard Time),102.4528,7.2957
IN2220210107,06.86 MH SDL 2032,6.86,Wed Jun 02 2032 05:30:00 GMT+0530 (India Standard Time),97.9695,7.2957
IN1020190097,07.59 AP SDL 2032,7.59,Fri Jun 04 2032 05:30:00 GMT+0530 (India Standard Time),101.3453,7.2957
IN3120250078,06.40 TN SGS 2032,6.4,Fri Jun 04 2032 05:30:00 GMT+0530 (India Standard Time),95.8398,7.2957
IN3120240095,07.43 TN SGS 2032,7.43,Sat Jun 05 2032 05:30:00 GMT+0530 (India Standard Time),100.6053,7.2957
IN2220220098,07.89 MH SDL 2032,7.89,Tue Jun 08 2032 05:30:00 GMT+0530 (India Standard Time),102.7376,7.2957
IN3120240111,07.39 TN SGS 2032,7.39,Sat Jun 12 2032 05:30:00 GMT+0530 (India Standard Time),100.4215,7.2957
IN2220230089,07.35 MH SGS 2032,7.35,Mon Jun 14 2032 05:30:00 GMT+0530 (India Standard Time),100.3687,7.2672
IN3120220030,07.94 TN SDL 2032,7.94,Tue Jun 15 2032 05:30:00 GMT+0530 (India Standard Time),102.9776,7.2957
IN1620220104,07.95 HR SDL 2032,7.95,Tue Jun 15 2032 05:30:00 GMT+0530 (India Standard Time),103.0241,7.2957
IN2220210123,06.83 MH SDL 2032,6.83,Wed Jun 16 2032 05:30:00 GMT+0530 (India Standard Time),97.8194,7.2957
IN1020260072,07.28 AP SGS 2032,7.28,Thu Jun 17 2032 05:30:00 GMT+0530 (India Standard Time),99.9111,7.2957
IN1020230240,07.40 AP SGS 2032,7.4,Mon Jun 21 2032 05:30:00 GMT+0530 (India Standard Time),100.4701,7.2957
IN2920220042,07.83 RJ SDL 2032,7.83,Tue Jun 22 2032 05:30:00 GMT+0530 (India Standard Time),102.4737,7.2957
IN1220220017,07.86 AS SDL 2032,7.86,Tue Jun 22 2032 05:30:00 GMT+0530 (India Standard Time),102.6135,7.2957
IN2520220020,07.86 MZ SDL 2032,7.86,Tue Jun 22 2032 05:30:00 GMT+0530 (India Standard Time),102.6135,7.2957
IN2620220011,07.88 NL SDL 2032,7.88,Tue Jun 22 2032 05:30:00 GMT+0530 (India Standard Time),102.7067,7.2957
IN2220210149,06.89 MH SDL 2032,6.89,Wed Jun 23 2032 05:30:00 GMT+0530 (India Standard Time),98.0936,7.2957
IN2920210167,06.90 RJ SDL 2032,6.9,Wed Jun 23 2032 05:30:00 GMT+0530 (India Standard Time),98.1402,7.2957
IN1920250017,07.19 KA SGS 2032,7.19,Thu Jun 24 2032 05:30:00 GMT+0530 (India Standard Time),99.4917,7.2957
IN2220170046,07.18 MH SDL 2032JUN,7.18,Mon Jun 28 2032 05:30:00 GMT+0530 (India Standard Time),99.4446,7.2957
IN2220230105,07.40 MH SGS 2032,7.4,Mon Jun 28 2032 05:30:00 GMT+0530 (India Standard Time),100.4596,7.2983
IN2420230020,07.42 ML SGS 2032,7.42,Mon Jun 28 2032 05:30:00 GMT+0530 (India Standard Time),100.5654,7.2957
IN1520220030,07.82 GJ SDL 2032,7.82,Tue Jun 29 2032 05:30:00 GMT+0530 (India Standard Time),102.4344,7.2957
IN1220220033,07.85 AS SDL 2032,7.85,Tue Jun 29 2032 05:30:00 GMT+0530 (India Standard Time),102.5745,7.2957
IN2120220016,07.85 MP SDL 2032,7.85,Tue Jun 29 2032 05:30:00 GMT+0530 (India Standard Time),102.5745,7.2957
IN1620220112,07.86 HR SDL 2032,7.86,Tue Jun 29 2032 05:30:00 GMT+0530 (India Standard Time),102.6212,7.2957
IN2220210164,06.95 MH SDL 2032,6.95,Wed Jun 30 2032 05:30:00 GMT+0530 (India Standard Time),98.3695,7.2957
IN1020190121,07.43 AP SDL 2032,7.43,Sat Jul 03 2032 05:30:00 GMT+0530 (India Standard Time),100.6138,7.2957
IN1220220041,07.82 AS SDL 2032,7.82,Tue Jul 06 2032 05:30:00 GMT+0530 (India Standard Time),102.4418,7.2957
IN1720220020,07.82 HP SDL 2032,7.82,Tue Jul 06 2032 05:30:00 GMT+0530 (India Standard Time),102.4418,7.2957
IN3420220045,07.82 WB SDL 2032 06 JUL,7.82,Tue Jul 06 2032 05:30:00 GMT+0530 (India Standard Time),102.4418,7.2957
IN2220210180,07.01 MH SDL 2032,7.01,Wed Jul 07 2032 05:30:00 GMT+0530 (India Standard Time),98.6471,7.2957
IN3320260067,07.14 UP SGS 2032,7.14,Thu Jul 08 2032 05:30:00 GMT+0530 (India Standard Time),99.3327,7.2793
IN4520170049,07.22 TN SDL 2032,7.22,Mon Jul 12 2032 05:30:00 GMT+0530 (India Standard Time),99.6312,7.2957
IN1620230129,07.44 HR SGS 2032,7.44,Mon Jul 12 2032 05:30:00 GMT+0530 (India Standard Time),100.6642,7.2957
IN1620220138,07.81 HR SDL 2032 13 JUL,7.81,Tue Jul 13 2032 05:30:00 GMT+0530 (India Standard Time),102.4025,7.2957
IN1920250108,07.25 KA SGS 2032,7.25,Wed Jul 14 2032 05:30:00 GMT+0530 (India Standard Time),99.7722,7.2957
IN1020200243,06.48 AP SDL 2032,6.48,Thu Jul 15 2032 05:30:00 GMT+0530 (India Standard Time),96.1527,7.2957
IN1520220055,07.80 GJ SDL 2032 20 JUL,7.8,Tue Jul 20 2032 05:30:00 GMT+0530 (India Standard Time),102.3632,7.2957
IN1220220058,07.83 AS SDL 2032,7.83,Tue Jul 20 2032 05:30:00 GMT+0530 (India Standard Time),102.5045,7.2957
IN2320220030,07.83 MN SDL 2032,7.83,Tue Jul 20 2032 05:30:00 GMT+0530 (India Standard Time),102.5045,7.2957
IN2820220050,07.85 PN SDL 2032,7.85,Tue Jul 20 2032 05:30:00 GMT+0530 (India Standard Time),102.5987,7.2957
IN3120240152,07.33 TN SGS 2032,7.33,Sat Jul 24 2032 05:30:00 GMT+0530 (India Standard Time),100.1506,7.2957
IN2920170049,07.22 RJ SDL 2032,7.22,Mon Jul 26 2032 05:30:00 GMT+0530 (India Standard Time),99.6318,7.2957
IN1520220063,07.77 GJ SDL 2032,7.77,Tue Jul 27 2032 05:30:00 GMT+0530 (India Standard Time),102.287,7.2836
IN3120220097,07.80 TN SDL 2032 27 JUL,7.8,Tue Jul 27 2032 05:30:00 GMT+0530 (India Standard Time),102.3089,7.3086
IN1620220153,07.81 HR SDL 2032,7.81,Tue Jul 27 2032 05:30:00 GMT+0530 (India Standard Time),102.4182,7.2957
IN2920220091,07.81 RJ SDL 2032,7.81,Tue Jul 27 2032 05:30:00 GMT+0530 (India Standard Time),102.4182,7.2957
IN2620220029,07.82 NL SDL 2032,7.82,Tue Jul 27 2032 05:30:00 GMT+0530 (India Standard Time),102.4654,7.2957
IN3020220015,07.82 SK SDL 2032,7.82,Tue Jul 27 2032 05:30:00 GMT+0530 (India Standard Time),102.4654,7.2957
IN1220250071,06.76 AS SGS 2032,6.76,Fri Jul 30 2032 05:30:00 GMT+0530 (India Standard Time),97.4573,7.2957
IN3120240186,07.27 TN SGS 2032,7.27,Sat Jul 31 2032 05:30:00 GMT+0530 (India Standard Time),99.8686,7.2957
IN2820240165,07.34 PN SGS 2032,7.34,Sat Jul 31 2032 05:30:00 GMT+0530 (India Standard Time),100.1995,7.2957
IN1520220071,07.61 GJ SDL 2032,7.61,Tue Aug 03 2032 05:30:00 GMT+0530 (India Standard Time),101.5475,7.2813
IN3120220105,07.64 TN SDL 2032,7.64,Tue Aug 03 2032 05:30:00 GMT+0530 (India Standard Time),101.6205,7.2957
IN1320220016,07.65 BR SDL 2032,7.65,Tue Aug 03 2032 05:30:00 GMT+0530 (India Standard Time),101.6678,7.2957
IN2920220125,07.65 RJ SDL 2032,7.65,Tue Aug 03 2032 05:30:00 GMT+0530 (India Standard Time),101.6678,7.2957
IN2620220037,07.67 NL SDL 2032,7.67,Tue Aug 03 2032 05:30:00 GMT+0530 (India Standard Time),101.7625,7.2957
IN1220220066,07.68 AS SDL 2032,7.68,Tue Aug 03 2032 05:30:00 GMT+0530 (India Standard Time),101.8098,7.2957
IN2920170056,07.23 RJ SDL 2032,7.23,Mon Aug 09 2032 05:30:00 GMT+0530 (India Standard Time),99.6806,7.2957
IN1020230398,07.47 AP SGS 2032,7.47,Mon Aug 09 2032 05:30:00 GMT+0530 (India Standard Time),100.8192,7.2957
IN4520230181,07.47 TS SGS 2032,7.47,Mon Aug 09 2032 05:30:00 GMT+0530 (India Standard Time),100.8192,7.2957
IN1520220089,07.73 GJ SDL 2032,7.73,Tue Aug 10 2032 05:30:00 GMT+0530 (India Standard Time),102.015,7.3038
IN3120220113,07.75 TN SDL 2032,7.75,Tue Aug 10 2032 05:30:00 GMT+0530 (India Standard Time),102.0984,7.3061
IN1620220179,07.77 HR SDL 2032,7.77,Tue Aug 10 2032 05:30:00 GMT+0530 (India Standard Time),102.2436,7.2957
IN2920220141,07.77 RJ SDL 2032,7.77,Tue Aug 10 2032 05:30:00 GMT+0530 (India Standard Time),102.2436,7.2957
IN1920250173,07.19 KA SGS 2032 11 FEB,7.19,Wed Aug 11 2032 05:30:00 GMT+0530 (India Standard Time),99.4909,7.2957
IN1920200160,06.64 KA SDL 2032,6.64,Thu Aug 19 2032 05:30:00 GMT+0530 (India Standard Time),96.8723,7.2957
IN3120220139,07.60 TN SDL 2032,7.6,Thu Aug 19 2032 05:30:00 GMT+0530 (India Standard Time),101.3816,7.3087
IN1320220024,07.65 BR SDL 2032 19 AUG,7.65,Thu Aug 19 2032 05:30:00 GMT+0530 (India Standard Time),101.6825,7.2957
IN2720260040,07.16 OD SGS 2032,7.16,Thu Aug 19 2032 05:30:00 GMT+0530 (India Standard Time),99.3488,7.2957
IN1020170099,07.40 AP SDL 2032,7.4,Mon Aug 23 2032 05:30:00 GMT+0530 (India Standard Time),100.4938,7.2957
IN2020170089,07.48 KL SDL 2032,7.48,Mon Aug 23 2032 05:30:00 GMT+0530 (India Standard Time),100.8754,7.2957
IN4520170072,07.32 TS SDL 2032,7.32,Mon Aug 23 2032 05:30:00 GMT+0530 (India Standard Time),100.1122,7.2957
IN1220220082,07.65 AS SGS 2032,7.65,Tue Aug 24 2032 05:30:00 GMT+0530 (India Standard Time),101.6872,7.2957
IN3320220012,07.66 UP SGS 2032,7.66,Tue Aug 24 2032 05:30:00 GMT+0530 (India Standard Time),101.735,7.2957
IN1920240273,07.16 KA SGS 2032,7.16,Fri Aug 27 2032 05:30:00 GMT+0530 (India Standard Time),99.3494,7.2957
IN1620220203,07.61 HR SGS 2032,7.61,Mon Aug 30 2032 05:30:00 GMT+0530 (India Standard Time),101.5018,7.2957
IN3120220147,07.61 TN SGS 2032,7.61,Mon Aug 30 2032 05:30:00 GMT+0530 (India Standard Time),101.5018,7.2957
IN1320220032,07.62 BR SGS 2032,7.62,Mon Aug 30 2032 05:30:00 GMT+0530 (India Standard Time),101.5496,7.2957
IN1720210021,06.98 HP SDL 2032,6.98,Wed Sep 01 2032 05:30:00 GMT+0530 (India Standard Time),98.4885,7.2957
IN2820250107,07.73 PN SGS 2032,7.73,Fri Sep 03 2032 05:30:00 GMT+0530 (India Standard Time),102.0791,7.2957
IN3120240269,07.19 TN SGS 2032,7.19,Sat Sep 04 2032 05:30:00 GMT+0530 (India Standard Time),99.4938,7.2957
IN1520250326,07.03 GJ SGS 2032,7.03,Sat Sep 04 2032 05:30:00 GMT+0530 (India Standard Time),98.7274,7.2957
IN3120240616,07.21 TN SGS 2032,7.21,Sun Sep 05 2032 05:30:00 GMT+0530 (India Standard Time),99.589,7.2957
IN1920240299,07.22 KA SGS 2032,7.22,Sun Sep 05 2032 05:30:00 GMT+0530 (India Standard Time),99.637,7.2957
IN1220220090,07.53 AS SGS 2032,7.53,Tue Sep 07 2032 05:30:00 GMT+0530 (India Standard Time),101.1225,7.2957
IN1320220040,07.53 BR SGS 2032,7.53,Tue Sep 07 2032 05:30:00 GMT+0530 (India Standard Time),101.1225,7.2957
IN1020190212,07.18 AP SDL 2032,7.18,Sat Sep 11 2032 05:30:00 GMT+0530 (India Standard Time),99.442,7.2957
IN3720170023,07.43 JH SDL 2032,7.43,Mon Sep 13 2032 05:30:00 GMT+0530 (India Standard Time),100.6423,7.2957
IN2720170058,07.48 OD SDL 2032,7.48,Mon Sep 13 2032 05:30:00 GMT+0530 (India Standard Time),100.8826,7.2957
IN3420170067,07.49 WB SDL 2032,7.49,Mon Sep 13 2032 05:30:00 GMT+0530 (India Standard Time),100.9306,7.2957
IN1320220057,07.45 BR SGS 2032,7.45,Tue Sep 14 2032 05:30:00 GMT+0530 (India Standard Time),100.7383,7.2957
IN1620220211,07.45 HR SGS 2032,7.45,Tue Sep 14 2032 05:30:00 GMT+0530 (India Standard Time),100.7383,7.2957
IN3020220023,07.45 SK SGS 2032,7.45,Tue Sep 14 2032 05:30:00 GMT+0530 (India Standard Time),100.7383,7.2957
IN2120220024,07.46 MP SGS 2032,7.46,Tue Sep 14 2032 05:30:00 GMT+0530 (India Standard Time),100.7864,7.2957
IN3120250284,07.15 TN SGS 2032,7.15,Fri Sep 17 2032 05:30:00 GMT+0530 (India Standard Time),99.2945,7.2957
IN3520240091,07.14 CG SGS 2032,7.14,Sun Sep 19 2032 05:30:00 GMT+0530 (India Standard Time),99.2452,7.2957
IN1220220108,07.55 AS SGS 2032,7.55,Tue Sep 21 2032 05:30:00 GMT+0530 (India Standard Time),101.22,7.2957
IN1320220065,07.55 BR SGS 2032,7.55,Tue Sep 21 2032 05:30:00 GMT+0530 (India Standard Time),101.22,7.2957
IN1920200269,06.78 KA SDL 2032,6.78,Thu Sep 23 2032 05:30:00 GMT+0530 (India Standard Time),97.5068,7.2957
IN2220200199,06.78 MH SDL 2032,6.78,Thu Sep 23 2032 05:30:00 GMT+0530 (India Standard Time),97.5068,7.2957
IN1520250144,07.07 GJ SGS 2032 24 SEP,7.07,Fri Sep 24 2032 05:30:00 GMT+0530 (India Standard Time),98.9047,7.2957
IN2220240302,07.07 MH SGS 2032,7.07,Sat Sep 25 2032 05:30:00 GMT+0530 (India Standard Time),98.904,7.2957
IN1920240323,07.04 KA SGS 2032,7.04,Sun Sep 26 2032 05:30:00 GMT+0530 (India Standard Time),98.7585,7.2957
IN2920240511,07.04 RJ SGS 2032,7.04,Sun Sep 26 2032 05:30:00 GMT+0530 (India Standard Time),98.7585,7.2957
IN1720170043,07.49 HP SDL 2032,7.49,Mon Sep 27 2032 05:30:00 GMT+0530 (India Standard Time),100.9311,7.2957
IN3720170031,07.49 JH SDL 2032,7.49,Mon Sep 27 2032 05:30:00 GMT+0530 (India Standard Time),100.9311,7.2957
IN4520170098,07.49 TS SDL 2032,7.49,Mon Sep 27 2032 05:30:00 GMT+0530 (India Standard Time),100.9311,7.2957
IN2220220114,07.64 MH SGS 2032,7.64,Tue Sep 28 2032 05:30:00 GMT+0530 (India Standard Time),101.6559,7.2957
IN2920220166,07.65 RJ SGS 2032,7.65,Tue Sep 28 2032 05:30:00 GMT+0530 (India Standard Time),101.7042,7.2957
IN1620220229,07.67 HR SGS 2032,7.67,Tue Sep 28 2032 05:30:00 GMT+0530 (India Standard Time),101.8008,7.2957
IN3320220020,07.68 UP SGS 2032,7.68,Tue Sep 28 2032 05:30:00 GMT+0530 (India Standard Time),101.8492,7.2957
IN3420220128,07.68 WB SGS 2032,7.68,Tue Sep 28 2032 05:30:00 GMT+0530 (India Standard Time),101.8492,7.2957
IN1320220073,07.69 BR SGS 2032,7.69,Tue Sep 28 2032 05:30:00 GMT+0530 (India Standard Time),101.8975,7.2957
IN1420220049,07.69 GA SGS 2032,7.69,Tue Sep 28 2032 05:30:00 GMT+0530 (India Standard Time),101.8975,7.2957
IN2320220048,07.71 MN SGS 2032,7.71,Tue Sep 28 2032 05:30:00 GMT+0530 (India Standard Time),101.9941,7.2957
IN2220200207,07.10 MH SDL 2032,7.1,Thu Sep 30 2032 05:30:00 GMT+0530 (India Standard Time),99.0458,7.2957
IN3620250040,07.30 UK SGS 2032,7.3,Fri Oct 01 2032 05:30:00 GMT+0530 (India Standard Time),99.829,7.3336
IN1520220105,07.75 GJ SGS 2032,7.75,Mon Oct 04 2032 05:30:00 GMT+0530 (India Standard Time),102.1905,7.2957
IN2520220061,07.78 MZ SGS 2032,7.78,Mon Oct 04 2032 05:30:00 GMT+0530 (India Standard Time),102.3358,7.2957
IN2920220174,07.79 RJ SGS 2032,7.79,Mon Oct 04 2032 05:30:00 GMT+0530 (India Standard Time),102.3842,7.2957
IN3120220170,07.79 TN SGS 2032,7.79,Mon Oct 04 2032 05:30:00 GMT+0530 (India Standard Time),102.3906,7.2944
IN3320220038,07.81 UP SGS 2032,7.81,Mon Oct 04 2032 05:30:00 GMT+0530 (India Standard Time),102.481,7.2957
IN4520230264,07.55 TS SGS 2032,7.55,Mon Oct 04 2032 05:30:00 GMT+0530 (India Standard Time),101.2222,7.2957
IN1920210029,06.93 KA SDL 2032,6.93,Wed Oct 06 2032 05:30:00 GMT+0530 (India Standard Time),98.2186,7.2957
IN2220200231,07.05 MH SDL 2032,7.05,Thu Oct 07 2032 05:30:00 GMT+0530 (India Standard Time),98.7993,7.2957
IN2120200174,07.07 MP SDL 2032,7.07,Thu Oct 07 2032 05:30:00 GMT+0530 (India Standard Time),98.8963,7.2957
IN4920200099,07.15 JK SDL 2032,7.15,Thu Oct 07 2032 05:30:00 GMT+0530 (India Standard Time),99.284,7.2957
IN1020190253,07.22 AP SDL 2032,7.22,Sat Oct 09 2032 05:30:00 GMT+0530 (India Standard Time),99.6226,7.2957
IN1920240042,07.10 KA SGS 2032,7.1,Sat Oct 09 2032 05:30:00 GMT+0530 (India Standard Time),99.0406,7.2957
IN2220240344,07.10 MH SGS 2032,7.1,Sat Oct 09 2032 05:30:00 GMT+0530 (India Standard Time),99.0406,7.2957
IN1020180288,08.60 AP SDL 2032,8.6,Sun Oct 10 2032 05:30:00 GMT+0530 (India Standard Time),106.3182,7.2957
IN3720170049,07.62 JH SDL 2032,7.62,Mon Oct 11 2032 05:30:00 GMT+0530 (India Standard Time),101.5634,7.2957
IN1520220113,07.81 GJ SGS 2032,7.81,Tue Oct 12 2032 05:30:00 GMT+0530 (India Standard Time),102.4864,7.2957
IN1620220237,07.83 HR SGS 2032,7.83,Tue Oct 12 2032 05:30:00 GMT+0530 (India Standard Time),102.5835,7.2957
IN1220220116,07.85 AS SGS 2032,7.85,Tue Oct 12 2032 05:30:00 GMT+0530 (India Standard Time),102.6806,7.2957
IN1320220081,07.85 BR SGS 2032,7.85,Tue Oct 12 2032 05:30:00 GMT+0530 (India Standard Time),102.6806,7.2957
IN3020220031,07.85 SK SGS 2032,7.85,Tue Oct 12 2032 05:30:00 GMT+0530 (India Standard Time),102.6806,7.2957
IN3620220019,07.85 UK SGS 2032,7.85,Tue Oct 12 2032 05:30:00 GMT+0530 (India Standard Time),102.6806,7.2957
IN1920210045,07.03 KA SDL 2032,7.03,Wed Oct 13 2032 05:30:00 GMT+0530 (India Standard Time),98.6983,7.2957
IN3320240010,07.08 UP SGS 2032,7.08,Sat Oct 16 2032 05:30:00 GMT+0530 (India Standard Time),98.9395,7.2957
IN1020180296,08.60 AP SDL 2032OCT,8.6,Sun Oct 17 2032 05:30:00 GMT+0530 (India Standard Time),106.3326,7.2957
IN1920230019,07.64 KA SGS 2032,7.64,Mon Oct 18 2032 05:30:00 GMT+0530 (India Standard Time),101.6633,7.2957
IN1320220099,07.73 BR SGS 2032,7.73,Tue Oct 19 2032 05:30:00 GMT+0530 (India Standard Time),102.1018,7.2957
IN1420220056,07.74 GA SGS 2032,7.74,Tue Oct 19 2032 05:30:00 GMT+0530 (India Standard Time),102.1505,7.2957
IN1920200343,06.62 KA SDL 2032,6.62,Thu Oct 21 2032 05:30:00 GMT+0530 (India Standard Time),96.6959,7.2957
IN3120250334,06.99 TN SGS 2032,6.99,Sat Oct 23 2032 05:30:00 GMT+0530 (India Standard Time),98.4969,7.2957
IN1620220252,07.81 HR SGS 2032,7.81,Wed Oct 27 2032 05:30:00 GMT+0530 (India Standard Time),102.4971,7.2957
IN3120220188,07.82 TN SGS 2032,7.82,Wed Oct 27 2032 05:30:00 GMT+0530 (India Standard Time),102.5459,7.2957
IN1420220064,07.83 GA SGS 2032,7.83,Wed Oct 27 2032 05:30:00 GMT+0530 (India Standard Time),102.5947,7.2957
IN1220220124,07.84 AS SGS 2032,7.84,Wed Oct 27 2032 05:30:00 GMT+0530 (India Standard Time),102.6435,7.2957
IN2920220190,07.84 RJ SGS 2032,7.84,Wed Oct 27 2032 05:30:00 GMT+0530 (India Standard Time),102.6435,7.2957
IN1320220107,07.85 BR SGS 2032 27 OCT,7.85,Wed Oct 27 2032 05:30:00 GMT+0530 (India Standard Time),102.6923,7.2957
IN1020180312,08.55 AP SDL 2032,8.55,Sun Oct 31 2032 05:30:00 GMT+0530 (India Standard Time),106.1155,7.2957
IN3720170056,07.67 JH SDL 2032,7.67,Mon Nov 01 2032 05:30:00 GMT+0530 (India Standard Time),101.8157,7.2957
IN1220220132,07.82 AS SGS 2032,7.82,Tue Nov 02 2032 05:30:00 GMT+0530 (India Standard Time),102.5497,7.2957
IN2920220216,07.82 RJ SGS 2032,7.82,Tue Nov 02 2032 05:30:00 GMT+0530 (India Standard Time),102.5497,7.2957
IN2220200306,06.56 MH SDL 2032,6.56,Thu Nov 04 2032 05:30:00 GMT+0530 (India Standard Time),96.3852,7.2957
IN1020180320,08.55 AP SDL 2032NOV,8.55,Sat Nov 06 2032 05:30:00 GMT+0530 (India Standard Time),106.1279,7.2957
IN3420170109,07.73 WB SDL 2032,7.73,Mon Nov 08 2032 05:30:00 GMT+0530 (India Standard Time),102.1134,7.2957
IN2620220045,07.82 NL SGS 2032,7.82,Tue Nov 09 2032 05:30:00 GMT+0530 (India Standard Time),102.5553,7.2957
IN3020220049,07.82 SK SGS 2032,7.82,Tue Nov 09 2032 05:30:00 GMT+0530 (India Standard Time),102.5553,7.2957
IN1320220115,07.83 BR SGS 2032,7.83,Tue Nov 09 2032 05:30:00 GMT+0530 (India Standard Time),102.6043,7.2957
IN3120250375,07.01 TN SGS 2032,7.01,Fri Nov 12 2032 05:30:00 GMT+0530 (India Standard Time),98.5825,7.2957
IN3320250084,07.02 UP SGS 2032,7.02,Fri Nov 12 2032 05:30:00 GMT+0530 (India Standard Time),98.6316,7.2957
IN1020180338,08.50 AP SDL 2032,8.5,Sun Nov 14 2032 05:30:00 GMT+0530 (India Standard Time),105.899,7.2957
IN1220220140,07.67 AS SGS 2032,7.67,Tue Nov 16 2032 05:30:00 GMT+0530 (India Standard Time),101.8688,7.2867
IN1920220028,07.67 KA SGS 2032,7.67,Tue Nov 16 2032 05:30:00 GMT+0530 (India Standard Time),101.8239,7.2957
IN1320220123,07.68 BR SGS 2032,7.68,Tue Nov 16 2032 05:30:00 GMT+0530 (India Standard Time),101.873,7.2957
IN3320240028,07.10 UP SGS 2032,7.1,Sun Nov 21 2032 05:30:00 GMT+0530 (India Standard Time),99.0205,7.2957
IN2420230053,07.66 ML SGS 2032,7.66,Mon Nov 22 2032 05:30:00 GMT+0530 (India Standard Time),101.7782,7.2957
IN1420220072,07.69 GA SGS 2032 23 NOV,7.69,Tue Nov 23 2032 05:30:00 GMT+0530 (India Standard Time),101.9266,7.2957
IN1320220131,07.70 BR SGS 2032,7.7,Tue Nov 23 2032 05:30:00 GMT+0530 (India Standard Time),101.9759,7.2957
IN1720210054,06.93 HP SDL 2032,6.93,Wed Nov 24 2032 05:30:00 GMT+0530 (India Standard Time),98.1815,7.2957
IN1920200442,06.66 KA SDL 2032,6.66,Thu Nov 25 2032 05:30:00 GMT+0530 (India Standard Time),96.8497,7.2957
IN2220200330,06.67 MH SDL 2032,6.67,Thu Nov 25 2032 05:30:00 GMT+0530 (India Standard Time),96.899,7.2957
IN4920200115,06.70 JK SDL 2032,6.7,Thu Nov 25 2032 05:30:00 GMT+0530 (India Standard Time),97.0469,7.2957
IN1520250185,06.98 GJ SGS 2032,6.98,Fri Nov 26 2032 05:30:00 GMT+0530 (India Standard Time),98.4268,7.2957
IN3620250057,07.06 UK SGS 2032,7.06,Fri Nov 26 2032 05:30:00 GMT+0530 (India Standard Time),98.8214,7.2957
IN3120240376,07.10 TN SGS 2032,7.1,Sat Nov 27 2032 05:30:00 GMT+0530 (India Standard Time),99.0183,7.2957
IN3420170125,07.62 WB SDL 2032,7.62,Mon Nov 29 2032 05:30:00 GMT+0530 (India Standard Time),101.5849,7.2957
IN1520220162,07.60 GJ SGS 2032,7.6,Tue Nov 30 2032 05:30:00 GMT+0530 (India Standard Time),101.4867,7.2957
IN1220220157,07.62 AS SGS 2032,7.62,Tue Nov 30 2032 05:30:00 GMT+0530 (India Standard Time),101.5855,7.2957
IN1420220080,07.62 GA SGS 2032,7.62,Tue Nov 30 2032 05:30:00 GMT+0530 (India Standard Time),101.5855,7.2957
IN2820220159,07.62 PN SGS 2032,7.62,Tue Nov 30 2032 05:30:00 GMT+0530 (India Standard Time),101.5855,7.2957
IN3720200036,06.68 JH SDL 2032,6.68,Thu Dec 02 2032 05:30:00 GMT+0530 (India Standard Time),96.9406,7.2957
IN3120250441,07.09 TN SGS 2032,7.09,Fri Dec 03 2032 05:30:00 GMT+0530 (India Standard Time),98.9667,7.2957
IN1520240087,07.04 GJ SGS 2032,7.04,Sat Dec 04 2032 05:30:00 GMT+0530 (India Standard Time),98.719,7.2957
IN3720170064,07.68 JH SDL 2032,7.68,Mon Dec 06 2032 05:30:00 GMT+0530 (India Standard Time),101.8858,7.2957
IN1020230638,07.73 AP SGS 2032 06 DEC,7.73,Mon Dec 06 2032 05:30:00 GMT+0530 (India Standard Time),102.1333,7.2957
IN1320220149,07.55 BR SGS 2032 07 DEC,7.55,Tue Dec 07 2032 05:30:00 GMT+0530 (India Standard Time),101.2428,7.2957
IN1920210144,06.88 KA SDL 2032,6.88,Wed Dec 08 2032 05:30:00 GMT+0530 (India Standard Time),97.9248,7.2957
IN3420170141,07.82 WB SDL 2032,7.82,Mon Dec 13 2032 05:30:00 GMT+0530 (India Standard Time),102.5853,7.2957
IN1420220098,07.55 GA SGS 2032,7.55,Tue Dec 14 2032 05:30:00 GMT+0530 (India Standard Time),101.2461,7.2957
IN1220220165,07.57 AS SGS 2032,7.57,Tue Dec 14 2032 05:30:00 GMT+0530 (India Standard Time),101.3454,7.2957
IN1720220145,07.57 HP SGS 2032,7.57,Tue Dec 14 2032 05:30:00 GMT+0530 (India Standard Time),101.3454,7.2957
IN1320220156,07.58 BR SGS 2032,7.58,Tue Dec 14 2032 05:30:00 GMT+0530 (India Standard Time),101.395,7.2957
IN3120250490,07.16 TN SGS 2032,7.16,Fri Dec 17 2032 05:30:00 GMT+0530 (India Standard Time),99.3098,7.2957
IN2420230061,07.63 ML SGS 2032,7.63,Mon Dec 20 2032 05:30:00 GMT+0530 (India Standard Time),101.647,7.2957
IN1920220119,07.60 KA SGS 2032,7.6,Tue Dec 21 2032 05:30:00 GMT+0530 (India Standard Time),101.4984,7.2957
IN1620220336,07.63 HR SGS 2032,7.63,Tue Dec 21 2032 05:30:00 GMT+0530 (India Standard Time),101.6477,7.2957
IN1320220164,07.64 BR SGS 2032,7.64,Tue Dec 21 2032 05:30:00 GMT+0530 (India Standard Time),101.6974,7.2957
IN3420220177,07.64 WB SGS 2032,7.64,Tue Dec 21 2032 05:30:00 GMT+0530 (India Standard Time),101.6974,7.2957
IN1420220106,07.65 GA SGS 2032,7.65,Tue Dec 21 2032 05:30:00 GMT+0530 (India Standard Time),101.7472,7.2957
IN2620220052,07.65 NL SGS 2032,7.65,Tue Dec 21 2032 05:30:00 GMT+0530 (India Standard Time),101.7472,7.2957
IN4520210209,07.04 TS SDL 2032,7.04,Wed Dec 22 2032 05:30:00 GMT+0530 (India Standard Time),98.7117,7.2957
IN2720250116,07.24 OD SGS 2032,7.24,Fri Dec 24 2032 05:30:00 GMT+0530 (India Standard Time),99.7071,7.2957
IN3620250065,07.64 UK SGS 2032,7.64,Fri Dec 24 2032 05:30:00 GMT+0530 (India Standard Time),101.6995,7.2957
IN3720170072,07.79 JH SDL 2032,7.79,Mon Dec 27 2032 05:30:00 GMT+0530 (India Standard Time),102.4494,7.2957
IN4520170130,07.79 TS SDL 2032,7.79,Mon Dec 27 2032 05:30:00 GMT+0530 (India Standard Time),102.4494,7.2957
IN1520230153,07.58 GJ SGS 2032,7.58,Mon Dec 27 2032 05:30:00 GMT+0530 (India Standard Time),101.4024,7.2957
IN1920220135,07.60 KA SGS 2032 28 DEC,7.6,Tue Dec 28 2032 05:30:00 GMT+0530 (India Standard Time),101.5027,7.2957
IN2920220224,07.61 RJ SGS 2032,7.61,Tue Dec 28 2032 05:30:00 GMT+0530 (India Standard Time),101.5526,7.2957
IN3120220238,07.61 TN SGS 2032 28 DEC,7.61,Tue Dec 28 2032 05:30:00 GMT+0530 (India Standard Time),101.5526,7.2957
IN1120220018,07.62 AR SGS 2032,7.62,Tue Dec 28 2032 05:30:00 GMT+0530 (India Standard Time),101.6025,7.2957
IN1420220114,07.62 GA SGS 2032 28 DEC,7.62,Tue Dec 28 2032 05:30:00 GMT+0530 (India Standard Time),101.6025,7.2957
IN2020220116,07.63 KL SGS 2032,7.63,Tue Dec 28 2032 05:30:00 GMT+0530 (India Standard Time),101.6523,7.2957
IN3820220017,07.63 PY SGS 2032,7.63,Tue Dec 28 2032 05:30:00 GMT+0530 (India Standard Time),101.6523,7.2957
IN1920200541,06.62 KA SDL 2032 30 DEC,6.62,Thu Dec 30 2032 05:30:00 GMT+0530 (India Standard Time),96.6124,7.2957
IN3820200050,06.64 PY SDL 2032,6.64,Thu Dec 30 2032 05:30:00 GMT+0530 (India Standard Time),96.7123,7.2957
IN2020170097,07.83 KL SDL 2033,7.83,Mon Jan 03 2033 05:30:00 GMT+0530 (India Standard Time),102.2487,7.3759
IN1920220168,07.60 KA SGS 2033,7.6,Tue Jan 04 2033 05:30:00 GMT+0530 (India Standard Time),101.1028,7.3759
IN3120220253,07.62 TN SGS 2033,7.62,Tue Jan 04 2033 05:30:00 GMT+0530 (India Standard Time),101.2025,7.3759
IN1620220369,07.63 HR SGS 2033,7.63,Tue Jan 04 2033 05:30:00 GMT+0530 (India Standard Time),101.2524,7.3759
IN2620220060,07.67 NL SGS 2033,7.67,Tue Jan 04 2033 05:30:00 GMT+0530 (India Standard Time),101.4518,7.3759
IN1920210227,07.18 KA SDL 2033,7.18,Wed Jan 05 2033 05:30:00 GMT+0530 (India Standard Time),99.0085,7.3759
IN4520210225,07.18 TS SDL 2033,7.18,Wed Jan 05 2033 05:30:00 GMT+0530 (India Standard Time),99.0085,7.3759
IN1920240182,07.10 KA SGS 2033,7.1,Sat Jan 08 2033 05:30:00 GMT+0530 (India Standard Time),98.6084,7.3759
IN3120220261,07.57 TN SGS 2033,7.57,Tue Jan 11 2033 05:30:00 GMT+0530 (India Standard Time),100.9566,7.3759
IN1020220621,07.59 AP SGS 2033,7.59,Tue Jan 11 2033 05:30:00 GMT+0530 (India Standard Time),101.0565,7.3759
IN3620220027,07.62 UK SGS 2033,7.62,Tue Jan 11 2033 05:30:00 GMT+0530 (India Standard Time),101.2065,7.3759
IN1020190428,07.24 AP SDL 2033,7.24,Sat Jan 15 2033 05:30:00 GMT+0530 (India Standard Time),99.3068,7.3759
IN1520230203,07.64 GJ SGS 2033,7.64,Mon Jan 17 2033 05:30:00 GMT+0530 (India Standard Time),101.3102,7.3759
IN3520230100,07.67 CG SGS 2033,7.67,Mon Jan 17 2033 05:30:00 GMT+0530 (India Standard Time),101.4605,7.3759
IN1920200582,06.61 KA SDL 2033,6.61,Thu Jan 20 2033 05:30:00 GMT+0530 (India Standard Time),96.1478,7.3759
IN3120250631,07.31 TN SGS 2033,7.31,Fri Jan 21 2033 05:30:00 GMT+0530 (India Standard Time),99.6576,7.3759
IN3720170098,07.90 JH SDL 2033,7.9,Mon Jan 24 2033 05:30:00 GMT+0530 (India Standard Time),102.6202,7.3759
IN1520230229,07.63 GJ SGS 2033,7.63,Mon Jan 24 2033 05:30:00 GMT+0530 (India Standard Time),101.2646,7.3759
IN2520210054,07.29 MZ SDL 2033,7.29,Tue Jan 25 2033 05:30:00 GMT+0530 (India Standard Time),99.5575,7.3759
IN1420220130,07.64 GA SGS 2033,7.64,Tue Jan 25 2033 05:30:00 GMT+0530 (India Standard Time),101.3154,7.3759
IN2220220163,07.64 MH SGS 2033,7.64,Tue Jan 25 2033 05:30:00 GMT+0530 (India Standard Time),101.3154,7.3759
IN1620220385,07.65 HR SGS 2033,7.65,Tue Jan 25 2033 05:30:00 GMT+0530 (India Standard Time),101.3657,7.3759
IN2920220232,07.65 RJ SGS 2033,7.65,Tue Jan 25 2033 05:30:00 GMT+0530 (India Standard Time),101.3657,7.3759
IN3120220279,07.65 TN SGS 2033,7.65,Tue Jan 25 2033 05:30:00 GMT+0530 (India Standard Time),101.3657,7.3759
IN1220220173,07.67 AS SGS 2033,7.67,Tue Jan 25 2033 05:30:00 GMT+0530 (India Standard Time),101.4661,7.3759
IN1720200147,06.63 HP SDL 2033,6.63,Thu Jan 27 2033 05:30:00 GMT+0530 (India Standard Time),96.2404,7.3759
IN2720250157,07.34 OD SGS 2033,7.34,Fri Jan 28 2033 05:30:00 GMT+0530 (India Standard Time),99.8091,7.3759
IN2820250164,07.62 PN SGS 2033,7.62,Fri Jan 28 2033 05:30:00 GMT+0530 (India Standard Time),101.2169,7.3759
IN1520230245,07.60 GJ SGS 2033,7.6,Mon Jan 31 2033 05:30:00 GMT+0530 (India Standard Time),101.1176,7.3759
IN3520230126,07.65 CG SGS 2033,7.65,Mon Jan 31 2033 05:30:00 GMT+0530 (India Standard Time),101.3692,7.3759
IN2920230405,07.66 RJ SGS 2033 31 JAN,7.66,Mon Jan 31 2033 05:30:00 GMT+0530 (India Standard Time),101.4195,7.3759
IN1520220212,07.65 GJ SGS 2033,7.65,Tue Feb 01 2033 05:30:00 GMT+0530 (India Standard Time),101.3699,7.3759
IN2920220257,07.66 RJ SGS 2033,7.66,Tue Feb 01 2033 05:30:00 GMT+0530 (India Standard Time),101.4202,7.3759
IN2120220040,07.67 MP SGS 2033,7.67,Tue Feb 01 2033 05:30:00 GMT+0530 (India Standard Time),101.4705,7.3759
IN2620220078,07.67 NL SGS 2033 01 FEB,7.67,Tue Feb 01 2033 05:30:00 GMT+0530 (India Standard Time),101.4705,7.3759
IN1620220401,07.68 HR SGS 2033,7.68,Tue Feb 01 2033 05:30:00 GMT+0530 (India Standard Time),101.5209,7.3759
IN1220220181,07.69 AS SGS 2033,7.69,Tue Feb 01 2033 05:30:00 GMT+0530 (India Standard Time),101.5712,7.3759
IN1920250157,07.33 KA SGS 2033,7.33,Fri Feb 04 2033 05:30:00 GMT+0530 (India Standard Time),99.7598,7.3759
IN2120250344,07.34 MP SGS 2033,7.34,Fri Feb 04 2033 05:30:00 GMT+0530 (India Standard Time),99.8101,7.3759
IN1020190469,07.18 AP SDL 2033,7.18,Sat Feb 05 2033 05:30:00 GMT+0530 (India Standard Time),99.0039,7.3759
IN2120220065,07.64 MP SGS 2033,7.64,Tue Feb 08 2033 05:30:00 GMT+0530 (India Standard Time),101.3245,7.3759
IN4520220380,07.64 TS SGS 2033,7.64,Tue Feb 08 2033 05:30:00 GMT+0530 (India Standard Time),101.3245,7.3759
IN1320220172,07.66 BR SGS 2033,7.66,Tue Feb 08 2033 05:30:00 GMT+0530 (India Standard Time),101.4254,7.3759
IN1220220199,07.67 AS SGS 2033 08 FEB,7.67,Tue Feb 08 2033 05:30:00 GMT+0530 (India Standard Time),101.4759,7.3759
IN3620220035,07.67 UK SGS 2033,7.67,Tue Feb 08 2033 05:30:00 GMT+0530 (India Standard Time),101.4759,7.3759
IN2520200097,07.04 MZ SDL 2033,7.04,Thu Feb 10 2033 05:30:00 GMT+0530 (India Standard Time),98.2966,7.3759
IN3120250698,07.31 TN SGS 2033 11 FEB,7.31,Fri Feb 11 2033 05:30:00 GMT+0530 (India Standard Time),99.66,7.3759
IN3520240034,07.14 CG SGS 2033,7.14,Sat Feb 12 2033 05:30:00 GMT+0530 (India Standard Time),98.8013,7.3759
IN3720170114,08.08 JH SDL 2033,8.08,Mon Feb 14 2033 05:30:00 GMT+0530 (India Standard Time),103.5535,7.3759
IN1520230286,07.42 GJ SGS 2033,7.42,Mon Feb 14 2033 05:30:00 GMT+0530 (India Standard Time),100.2167,7.3759
IN3520230175,07.46 CG SGS 2033,7.46,Mon Feb 14 2033 05:30:00 GMT+0530 (India Standard Time),100.4189,7.3759
IN3320220103,07.66 UP SGS 2033,7.66,Tue Feb 15 2033 05:30:00 GMT+0530 (India Standard Time),101.4309,7.3759
IN1220220207,07.71 AS SGS 2033,7.71,Tue Feb 15 2033 05:30:00 GMT+0530 (India Standard Time),101.6837,7.3759
IN1320220180,07.72 BR SGS 2033,7.72,Tue Feb 15 2033 05:30:00 GMT+0530 (India Standard Time),101.7343,7.3759
IN1520240236,07.08 GJ SGS 2033 20 FEB,7.08,Sun Feb 20 2033 05:30:00 GMT+0530 (India Standard Time),98.4963,7.3759
IN1920230258,07.48 KA SGS 2033,7.48,Mon Feb 21 2033 05:30:00 GMT+0530 (India Standard Time),100.5234,7.3759
IN1620220427,07.65 HR SGS 2033 22 FEB,7.65,Tue Feb 22 2033 05:30:00 GMT+0530 (India Standard Time),101.3858,7.3759
IN3020220056,07.66 SK SGS 2033,7.66,Tue Feb 22 2033 05:30:00 GMT+0530 (India Standard Time),101.4365,7.3759
IN3320220111,07.66 UP SGS 2033 22 FEB,7.66,Tue Feb 22 2033 05:30:00 GMT+0530 (India Standard Time),101.4365,7.3759
IN1320220198,07.68 BR SGS 2033,7.68,Tue Feb 22 2033 05:30:00 GMT+0530 (India Standard Time),101.5379,7.3759
IN1020220670,07.71 AP SGS 2033,7.71,Tue Feb 22 2033 05:30:00 GMT+0530 (India Standard Time),101.69,7.3759
IN2920250395,07.44 RJ SGS 2033,7.44,Fri Feb 25 2033 05:30:00 GMT+0530 (India Standard Time),100.3224,7.3759
IN1720190132,06.95 HP SDL 2033,6.95,Sat Feb 26 2033 05:30:00 GMT+0530 (India Standard Time),97.8352,7.3759
IN3120240574,07.17 TN SGS 2033,7.17,Sun Feb 27 2033 05:30:00 GMT+0530 (India Standard Time),98.9521,7.3759
IN3520230225,07.45 CG SGS 2033,7.45,Mon Feb 28 2033 05:30:00 GMT+0530 (India Standard Time),100.3755,7.3759
IN2820230257,07.46 PN SGS 2033,7.46,Mon Feb 28 2033 05:30:00 GMT+0530 (India Standard Time),100.4264,7.3759
IN1520220253,07.71 GJ SGS 2033,7.71,Tue Mar 01 2033 05:30:00 GMT+0530 (India Standard Time),101.6983,7.3759
IN1320220206,07.72 BR SGS 2033 01 MAR,7.72,Tue Mar 01 2033 05:30:00 GMT+0530 (India Standard Time),101.7491,7.3759
IN2220220189,07.74 MH SGS 2033,7.74,Tue Mar 01 2033 05:30:00 GMT+0530 (India Standard Time),101.8509,7.3759
IN3620220050,07.74 UK SGS 2033,7.74,Tue Mar 01 2033 05:30:00 GMT+0530 (India Standard Time),101.8509,7.3759
IN3120250763,07.23 TN SGS 2033,7.23,Fri Mar 04 2033 05:30:00 GMT+0530 (India Standard Time),99.2575,7.3759
IN3120240624,07.22 TN SGS 2033,7.22,Sat Mar 05 2033 05:30:00 GMT+0530 (India Standard Time),99.206,7.3759
IN2220220205,07.70 MH SGS 2033,7.7,Tue Mar 08 2033 05:30:00 GMT+0530 (India Standard Time),101.6509,7.3759
IN1320220214,07.71 BR SGS 2033,7.71,Tue Mar 08 2033 05:30:00 GMT+0530 (India Standard Time),101.7019,7.3759
IN2520200105,07.27 MZ SDL 2033,7.27,Thu Mar 10 2033 05:30:00 GMT+0530 (India Standard Time),99.4579,7.3759
IN3520230241,07.39 CG SGS 2033,7.39,Sun Mar 13 2033 05:30:00 GMT+0530 (India Standard Time),100.0691,7.3759
IN2220220221,07.66 MH SGS 2033,7.66,Tue Mar 15 2033 05:30:00 GMT+0530 (India Standard Time),101.4479,7.3759
IN1520220287,07.68 GJ SGS 2033,7.68,Tue Mar 15 2033 05:30:00 GMT+0530 (India Standard Time),101.5501,7.3759
IN1220220223,07.72 AS SGS 2033,7.72,Tue Mar 15 2033 05:30:00 GMT+0530 (India Standard Time),101.7544,7.3759
IN1320220222,07.73 BR SGS 2033,7.73,Tue Mar 15 2033 05:30:00 GMT+0530 (India Standard Time),101.8055,7.3759
IN3320220145,07.73 UP SGS 2033,7.73,Tue Mar 15 2033 05:30:00 GMT+0530 (India Standard Time),101.8055,7.3759
IN3120250839,07.28 TN SGS 2033,7.28,Fri Mar 18 2033 05:30:00 GMT+0530 (India Standard Time),99.505,7.3759
IN3120240715,07.15 TN SGS 2033,7.15,Sat Mar 19 2033 05:30:00 GMT+0530 (India Standard Time),98.8395,7.3759
IN3320240127,07.17 UP SGS 2033,7.17,Sat Mar 19 2033 05:30:00 GMT+0530 (India Standard Time),98.9418,7.3759
IN3520230274,07.47 CG SGS 2033,7.47,Sun Mar 20 2033 05:30:00 GMT+0530 (India Standard Time),100.4764,7.3759
IN1720220210,07.76 HP SGS 2033,7.76,Wed Mar 23 2033 05:30:00 GMT+0530 (India Standard Time),101.9614,7.3759
IN2920220315,07.77 RJ SGS 2033,7.77,Wed Mar 23 2033 05:30:00 GMT+0530 (India Standard Time),102.0126,7.3759
IN2820200235,06.86 PN SDL 2033,6.86,Thu Mar 24 2033 05:30:00 GMT+0530 (India Standard Time),97.3501,7.3759
IN1520240301,07.02 GJ SGS 2033,7.02,Sat Mar 26 2033 05:30:00 GMT+0530 (India Standard Time),98.1682,7.3759
IN1020240777,07.04 AP SGS 2033,7.04,Sat Mar 26 2033 05:30:00 GMT+0530 (India Standard Time),98.2708,7.3759
IN1920230381,07.44 KA SGS 2033,7.44,Sun Mar 27 2033 05:30:00 GMT+0530 (India Standard Time),100.3215,7.3759
IN3520230308,07.47 CG SGS 2033 27 MAR,7.47,Sun Mar 27 2033 05:30:00 GMT+0530 (India Standard Time),100.4754,7.3759
IN2920230546,07.47 RJ SGS 2033,7.47,Sun Mar 27 2033 05:30:00 GMT+0530 (India Standard Time),100.4754,7.3759
IN2620220086,07.75 NL SGS 2033,7.75,Tue Mar 29 2033 05:30:00 GMT+0530 (India Standard Time),101.9122,7.3759
IN3020220064,07.75 SK SGS 2033,7.75,Tue Mar 29 2033 05:30:00 GMT+0530 (India Standard Time),101.9122,7.3759
IN3620220068,07.76 UK SGS 2033,7.76,Tue Mar 29 2033 05:30:00 GMT+0530 (India Standard Time),101.9636,7.3759
IN1620220484,07.77 HR SGS 2033,7.77,Tue Mar 29 2033 05:30:00 GMT+0530 (India Standard Time),101.8714,7.4035
IN2920220349,07.78 RJ SGS 2033,7.78,Tue Mar 29 2033 05:30:00 GMT+0530 (India Standard Time),102.0662,7.3759
IN3320220186,07.79 UP SGS 2033,7.79,Tue Mar 29 2033 05:30:00 GMT+0530 (India Standard Time),102.1175,7.3759
IN1020190584,07.80 AP SDL 2033,7.8,Thu Mar 31 2033 05:30:00 GMT+0530 (India Standard Time),102.1693,7.3759
IN3820200092,06.98 PY SDL 2033,6.98,Thu Mar 31 2033 05:30:00 GMT+0530 (India Standard Time),97.9594,7.3759
IN1020250016,06.78 AP SGS 2033,6.78,Mon Apr 04 2033 05:30:00 GMT+0530 (India Standard Time),96.9277,7.3759
IN1020230034,07.71 AP SGS 2033 06 APR,7.71,Wed Apr 06 2033 05:30:00 GMT+0530 (India Standard Time),101.709,7.3759
IN1220230016,07.58 AS SGS 2033,7.58,Tue Apr 12 2033 05:30:00 GMT+0530 (India Standard Time),101.041,7.3759
IN2620230010,07.58 NL SGS 2033,7.58,Tue Apr 12 2033 05:30:00 GMT+0530 (India Standard Time),101.041,7.3759
IN2820230018,07.59 PN SGS 2033,7.59,Tue Apr 12 2033 05:30:00 GMT+0530 (India Standard Time),101.0925,7.3759
IN2020260013,07.60 KL SGS 2033,7.6,Fri Apr 15 2033 05:30:00 GMT+0530 (India Standard Time),101.1446,7.3759
IN3320260018,07.60 UP SGS 2033,7.6,Fri Apr 15 2033 05:30:00 GMT+0530 (India Standard Time),101.1446,7.3759
IN4920210015,06.78 JK SDL 2033,6.78,Sat Apr 16 2033 05:30:00 GMT+0530 (India Standard Time),96.9131,7.3759
IN2920230017,07.56 RJ SGS 2033,7.56,Tue Apr 19 2033 05:30:00 GMT+0530 (India Standard Time),100.9387,7.3759
IN4520260030,07.54 TS SGS 2033,7.54,Fri Apr 22 2033 05:30:00 GMT+0530 (India Standard Time),100.8356,7.3759
IN4520230025,07.43 TS SGS 2033,7.43,Tue Apr 26 2033 05:30:00 GMT+0530 (India Standard Time),100.2666,7.3759
IN3120230013,07.44 TN SGS 2033,7.44,Tue May 03 2033 05:30:00 GMT+0530 (India Standard Time),100.4107,7.3581
IN2920230041,07.45 RJ SGS 2033,7.45,Tue May 03 2033 05:30:00 GMT+0530 (India Standard Time),100.37,7.3759
IN3320230011,07.45 UP SGS 2033,7.45,Tue May 03 2033 05:30:00 GMT+0530 (India Standard Time),100.37,7.3759
IN2220210024,06.87 MH SDL 2033,6.87,Thu May 05 2033 05:30:00 GMT+0530 (India Standard Time),97.3586,7.3759
IN4920210023,06.90 JK SDL 2033,6.9,Thu May 05 2033 05:30:00 GMT+0530 (India Standard Time),97.5143,7.3759
IN1520250029,06.68 GJ SGS 2033,6.68,Sat May 07 2033 05:30:00 GMT+0530 (India Standard Time),96.3695,7.3759
IN1020190071,08.06 AP SDL 2033,8.06,Sun May 08 2033 05:30:00 GMT+0530 (India Standard Time),103.5403,7.3759
IN1720240028,07.47 HP SGS 2033,7.47,Sun May 08 2033 05:30:00 GMT+0530 (India Standard Time),100.474,7.3759
IN1020230091,07.39 AP SGS 2033,7.39,Tue May 10 2033 05:30:00 GMT+0530 (India Standard Time),100.0581,7.3759
IN3120230021,07.39 TN SGS 2033,7.39,Tue May 10 2033 05:30:00 GMT+0530 (India Standard Time),100.0581,7.3759
IN1220230024,07.40 AS SGS 2033,7.4,Tue May 10 2033 05:30:00 GMT+0530 (India Standard Time),100.1101,7.3759
IN1620220054,07.73 HR SDL 2033,7.73,Wed May 11 2033 05:30:00 GMT+0530 (India Standard Time),101.8267,7.3759
IN2220210040,06.88 MH SDL 2033,6.88,Thu May 12 2033 05:30:00 GMT+0530 (India Standard Time),97.404,7.3759
IN2520210013,06.90 MZ SDL 2033,6.9,Thu May 12 2033 05:30:00 GMT+0530 (India Standard Time),97.508,7.3759
IN2320260010,07.75 MN SGS 2033,7.75,Fri May 13 2033 05:30:00 GMT+0530 (India Standard Time),101.9318,7.3759
IN1020240173,07.45 AP SGS 2033 15 MAY,7.45,Sun May 15 2033 05:30:00 GMT+0530 (India Standard Time),100.3703,7.3759
IN3120230039,07.33 TN SGS 2033,7.33,Tue May 17 2033 05:30:00 GMT+0530 (India Standard Time),99.7449,7.3759
IN1220230032,07.37 AS SGS 2033,7.37,Tue May 17 2033 05:30:00 GMT+0530 (India Standard Time),99.9534,7.3759
IN2220210065,06.87 MH SDL 2033 19 MAY,6.87,Thu May 19 2033 05:30:00 GMT+0530 (India Standard Time),97.3455,7.3759
IN3120230047,07.32 TN SGS 2033,7.32,Tue May 24 2033 05:30:00 GMT+0530 (India Standard Time),99.6917,7.3759
IN2620230028,07.33 NL SGS 2033,7.33,Tue May 24 2033 05:30:00 GMT+0530 (India Standard Time),99.744,7.3759
IN3320230029,07.33 UP SGS 2033,7.33,Tue May 24 2033 05:30:00 GMT+0530 (India Standard Time),99.744,7.3759
IN1220230040,07.34 AS SGS 2033,7.34,Tue May 24 2033 05:30:00 GMT+0530 (India Standard Time),99.7962,7.3759
IN2920230058,07.34 RJ SGS 2033,7.34,Tue May 24 2033 05:30:00 GMT+0530 (India Standard Time),99.7962,7.3759
IN1620230053,07.35 HR SGS 2033,7.35,Tue May 24 2033 05:30:00 GMT+0530 (India Standard Time),99.8485,7.3759
IN2020210026,06.84 KL SDL 2033,6.84,Wed May 25 2033 05:30:00 GMT+0530 (India Standard Time),97.1834,7.3759
IN1520250078,06.51 GJ SGS 2033,6.51,Sat May 28 2033 05:30:00 GMT+0530 (India Standard Time),95.4545,7.3759
IN3120240079,07.38 TN SGS 2033,7.38,Sun May 29 2033 05:30:00 GMT+0530 (India Standard Time),100.0421,7.3688
IN1620230079,07.36 HR SGS 2033,7.36,Tue May 31 2033 05:30:00 GMT+0530 (India Standard Time),99.9004,7.3759
IN2120230015,07.36 MP SGS 2033,7.36,Tue May 31 2033 05:30:00 GMT+0530 (India Standard Time),99.9004,7.3759
IN2920230066,07.36 RJ SGS 2033,7.36,Tue May 31 2033 05:30:00 GMT+0530 (India Standard Time),99.9004,7.3759
IN1020230166,07.37 AP SGS 2033,7.37,Tue May 31 2033 05:30:00 GMT+0530 (India Standard Time),99.9527,7.3759
IN2620230036,07.37 NL SGS 2033,7.37,Tue May 31 2033 05:30:00 GMT+0530 (India Standard Time),99.9527,7.3759
IN3020230014,07.37 SK SGS 2033,7.37,Tue May 31 2033 05:30:00 GMT+0530 (India Standard Time),99.9527,7.3759
IN1020220159,07.90 AP SDL 2033,7.9,Wed Jun 01 2033 05:30:00 GMT+0530 (India Standard Time),102.7275,7.3759
IN1620210048,06.95 HR SDL 2033,6.95,Thu Jun 02 2033 05:30:00 GMT+0530 (India Standard Time),97.753,7.3759
IN3120260044,07.69 TN SGS 2033,7.69,Fri Jun 03 2033 05:30:00 GMT+0530 (India Standard Time),101.6291,7.3759
IN1620230087,07.32 HR SGS 2033,7.32,Tue Jun 07 2033 05:30:00 GMT+0530 (India Standard Time),99.6904,7.3759
IN1020230182,07.33 AP SGS 2033,7.33,Tue Jun 07 2033 05:30:00 GMT+0530 (India Standard Time),99.7428,7.3759
IN1220230057,07.34 AS SGS 2033 07 JUN,7.34,Tue Jun 07 2033 05:30:00 GMT+0530 (India Standard Time),99.7953,7.3759
IN2920230082,07.34 RJ SGS 2033 07 JUN,7.34,Tue Jun 07 2033 05:30:00 GMT+0530 (India Standard Time),99.7953,7.3759
IN3820210091,07.35 PY SDL 2033,7.35,Thu Jun 09 2033 05:30:00 GMT+0530 (India Standard Time),99.8477,7.3759
IN1020250164,06.65 AP SGS 2033,6.65,Sat Jun 11 2033 05:30:00 GMT+0530 (India Standard Time),96.171,7.3759
IN3120230070,07.35 TN SGS 2033,7.35,Tue Jun 14 2033 05:30:00 GMT+0530 (India Standard Time),99.8476,7.3759
IN1420230014,07.36 GA SGS 2033,7.36,Tue Jun 14 2033 05:30:00 GMT+0530 (India Standard Time),99.9002,7.3759
IN1620230103,07.36 HR SGS 2033 14 JUN,7.36,Tue Jun 14 2033 05:30:00 GMT+0530 (India Standard Time),99.9002,7.3759
IN2620230044,07.37 NL SGS 2033 14 JUN,7.37,Tue Jun 14 2033 05:30:00 GMT+0530 (India Standard Time),99.9528,7.3759
IN2820260056,07.55 PN SGS 2033,7.55,Fri Jun 17 2033 05:30:00 GMT+0530 (India Standard Time),100.8175,7.3915
IN2920240131,07.38 RJ SGS 2033,7.38,Sun Jun 19 2033 05:30:00 GMT+0530 (India Standard Time),100.0056,7.3759
IN2820240132,07.39 PN SGS 2033,7.39,Sun Jun 19 2033 05:30:00 GMT+0530 (India Standard Time),100.0583,7.3759
IN3120230096,07.39 TN SGS 2033 21 JUN,7.39,Tue Jun 21 2033 05:30:00 GMT+0530 (India Standard Time),100.0585,7.3759
IN1620230111,07.40 HR SGS 2033,7.4,Tue Jun 28 2033 05:30:00 GMT+0530 (India Standard Time),100.112,7.3759
IN1020220233,07.93 AP SDL 2033,7.93,Wed Jun 29 2033 05:30:00 GMT+0530 (India Standard Time),102.9119,7.3759
IN4920210049,07.10 JK SDL 2033,7.1,Thu Jun 30 2033 05:30:00 GMT+0530 (India Standard Time),98.5271,7.3759
IN1520250094,06.70 GJ SGS 2033,6.7,Sat Jul 02 2033 05:30:00 GMT+0530 (India Standard Time),96.4114,7.3759
IN1020240355,07.37 AP SGS 2033 03 JUL,7.37,Sun Jul 03 2033 05:30:00 GMT+0530 (India Standard Time),99.9541,7.3759
IN2820240140,07.38 PN SGS 2033,7.38,Sun Jul 03 2033 05:30:00 GMT+0530 (India Standard Time),100.007,7.3759
IN2920230108,07.44 RJ SGS 2033,7.44,Tue Jul 05 2033 05:30:00 GMT+0530 (India Standard Time),100.3248,7.3759
IN3120230138,07.44 TN SGS 2033 05 JUL,7.44,Tue Jul 05 2033 05:30:00 GMT+0530 (India Standard Time),100.3248,7.3759
IN1220230065,07.45 AS SGS 2033,7.45,Tue Jul 05 2033 05:30:00 GMT+0530 (India Standard Time),100.3778,7.3759
IN1720230037,07.45 HP SGS 2033,7.45,Tue Jul 05 2033 05:30:00 GMT+0530 (India Standard Time),100.3778,7.3759
IN3720260014,07.30 JH SGS 2033,7.3,Fri Jul 08 2033 05:30:00 GMT+0530 (India Standard Time),99.5839,7.3759
IN2020260054,07.30 KL SGS 2033,7.3,Fri Jul 08 2033 05:30:00 GMT+0530 (India Standard Time),99.5934,7.3741
IN2820180072,08.50 PN SDL 2033,8.5,Mon Jul 11 2033 05:30:00 GMT+0530 (India Standard Time),105.9471,7.3759
IN3120230153,07.42 TN SGS 2033,7.42,Tue Jul 12 2033 05:30:00 GMT+0530 (India Standard Time),100.2205,7.3759
IN3120220071,07.87 TN SDL 2033,7.87,Wed Jul 13 2033 05:30:00 GMT+0530 (India Standard Time),102.6084,7.3759
IN3320250035,06.86 UP SGS 2033,6.86,Sat Jul 16 2033 05:30:00 GMT+0530 (India Standard Time),97.2473,7.3759
IN1020250230,06.87 AP SGS 2033,6.87,Sat Jul 16 2033 05:30:00 GMT+0530 (India Standard Time),97.3004,7.3759
IN3120230161,07.35 TN SGS 2033 19 JUL,7.35,Tue Jul 19 2033 05:30:00 GMT+0530 (India Standard Time),99.8501,7.3759
IN1420230030,07.38 GA SGS 2033,7.38,Tue Jul 19 2033 05:30:00 GMT+0530 (India Standard Time),100.0096,7.3759
IN1920250116,07.32 KA SGS 2033 21 JUL,7.32,Thu Jul 21 2033 05:30:00 GMT+0530 (India Standard Time),99.6908,7.3759
IN3920260038,07.31 DL SGS 2033,7.31,Fri Jul 22 2033 05:30:00 GMT+0530 (India Standard Time),99.6377,7.3759
IN1020180189,08.42 AP SDL 2033,8.42,Mon Jul 25 2033 05:30:00 GMT+0530 (India Standard Time),105.5501,7.3759
IN3120230179,07.39 TN SGS 2033,7.39,Tue Jul 26 2033 05:30:00 GMT+0530 (India Standard Time),100.0643,7.3759
IN3320230045,07.40 UP SGS 2033,7.4,Tue Jul 26 2033 05:30:00 GMT+0530 (India Standard Time),100.1176,7.3759
IN1420230048,07.41 GA SGS 2033,7.41,Tue Jul 26 2033 05:30:00 GMT+0530 (India Standard Time),100.1709,7.3759
IN2920230124,07.41 RJ SGS 2033,7.41,Tue Jul 26 2033 05:30:00 GMT+0530 (India Standard Time),100.1709,7.3759
IN1020200250,06.49 AP SDL 2033,6.49,Fri Jul 29 2033 05:30:00 GMT+0530 (India Standard Time),95.2654,7.3759
IN1020230364,07.45 AP SGS 2033,7.45,Tue Aug 02 2033 05:30:00 GMT+0530 (India Standard Time),100.3861,7.3759
IN1220230073,07.45 AS SGS 2033 02 AUG,7.45,Tue Aug 02 2033 05:30:00 GMT+0530 (India Standard Time),100.3861,7.3759
IN2520220046,07.74 MZ SDL 2033,7.74,Wed Aug 03 2033 05:30:00 GMT+0530 (India Standard Time),101.935,7.3759
IN1020250263,06.96 AP SGS 2033,6.96,Sat Aug 06 2033 05:30:00 GMT+0530 (India Standard Time),97.7687,7.3759
IN1720240069,07.25 HP SGS 2033,7.25,Sun Aug 07 2033 05:30:00 GMT+0530 (India Standard Time),99.3187,7.3759
IN2820180080,08.49 PN SDL 2033,8.49,Mon Aug 08 2033 05:30:00 GMT+0530 (India Standard Time),105.9504,7.3759
IN3120230211,07.44 TN SGS 2033 09 AUG,7.44,Tue Aug 09 2033 05:30:00 GMT+0530 (India Standard Time),100.3352,7.3759
IN4920210056,07.10 JK SDL 2033 11 AUG,7.1,Thu Aug 11 2033 05:30:00 GMT+0530 (India Standard Time),98.5159,7.3759
IN1920240240,07.11 KA SGS 2033,7.11,Fri Aug 12 2033 05:30:00 GMT+0530 (India Standard Time),98.6351,7.3635
IN1320240014,07.26 BR SGS 2033,7.26,Sun Aug 14 2033 05:30:00 GMT+0530 (India Standard Time),99.3727,7.3759
IN1620230145,07.49 HR SGS 2033,7.49,Wed Aug 17 2033 05:30:00 GMT+0530 (India Standard Time),100.6065,7.3759
IN1420230055,07.50 GA SGS 2033,7.5,Wed Aug 17 2033 05:30:00 GMT+0530 (India Standard Time),100.6602,7.3759
IN1920250207,07.25 KA SGS 2033,7.25,Thu Aug 18 2033 05:30:00 GMT+0530 (India Standard Time),99.3194,7.3759
IN1520250110,07.02 GJ SGS 2033 20 AUG,7.02,Sat Aug 20 2033 05:30:00 GMT+0530 (India Standard Time),98.0849,7.3759
IN3320250043,07.12 UP SGS 2033,7.12,Sat Aug 20 2033 05:30:00 GMT+0530 (India Standard Time),98.6217,7.3759
IN1320240022,07.24 BR SGS 2033,7.24,Sun Aug 21 2033 05:30:00 GMT+0530 (India Standard Time),99.266,7.3759
IN1420230063,07.49 GA SGS 2033,7.49,Tue Aug 23 2033 05:30:00 GMT+0530 (India Standard Time),100.6096,7.3759
IN1520250300,07.24 GJ SGS 2033,7.24,Thu Aug 25 2033 05:30:00 GMT+0530 (India Standard Time),99.2664,7.3759
IN1920200186,06.77 KA SDL 2033,6.77,Fri Aug 26 2033 05:30:00 GMT+0530 (India Standard Time),96.7386,7.3759
IN1020190196,07.17 AP SDL 2033,7.17,Sun Aug 28 2033 05:30:00 GMT+0530 (India Standard Time),98.89,7.3759
IN2920240230,07.23 RJ SGS 2033,7.23,Sun Aug 28 2033 05:30:00 GMT+0530 (India Standard Time),99.2129,7.3759
IN1320240030,07.25 BR SGS 2033,7.25,Sun Aug 28 2033 05:30:00 GMT+0530 (India Standard Time),99.3205,7.3759
IN2720250066,07.25 OD SGS 2033,7.25,Sun Aug 28 2033 05:30:00 GMT+0530 (India Standard Time),99.3205,7.3759
IN2020250139,07.52 KL SGS 2033,7.52,Sun Aug 28 2033 05:30:00 GMT+0530 (India Standard Time),100.7737,7.3759
IN1420230071,07.44 GA SGS 2033,7.44,Tue Aug 30 2033 05:30:00 GMT+0530 (India Standard Time),100.344,7.3759
IN1620230152,07.44 HR SGS 2033,7.44,Tue Aug 30 2033 05:30:00 GMT+0530 (India Standard Time),100.344,7.3759
IN2920230157,07.44 RJ SGS 2033 30 AUG,7.44,Tue Aug 30 2033 05:30:00 GMT+0530 (India Standard Time),100.344,7.3759
IN2120180061,08.64 MP SDL 2033,8.64,Sat Sep 03 2033 05:30:00 GMT+0530 (India Standard Time),106.8139,7.3759
IN1020250289,07.48 AP SGS 2033,7.48,Sat Sep 03 2033 05:30:00 GMT+0530 (India Standard Time),100.561,7.3759
IN1320250088,07.54 BR SGS 2033,7.54,Sat Sep 03 2033 05:30:00 GMT+0530 (India Standard Time),100.8845,7.3759
IN1920250264,07.31 KA SGS 2033,7.31,Sun Sep 04 2033 05:30:00 GMT+0530 (India Standard Time),99.6449,7.3759
IN3120230229,07.43 TN SGS 2033,7.43,Tue Sep 06 2033 05:30:00 GMT+0530 (India Standard Time),100.2914,7.3759
IN1020230422,07.44 AP SGS 2033,7.44,Tue Sep 06 2033 05:30:00 GMT+0530 (India Standard Time),100.3454,7.3759
IN1220230099,07.47 AS SGS 2033,7.47,Tue Sep 06 2033 05:30:00 GMT+0530 (India Standard Time),100.5072,7.3759
IN1420230089,07.47 GA SGS 2033,7.47,Tue Sep 06 2033 05:30:00 GMT+0530 (India Standard Time),100.5072,7.3759
IN3620230018,07.47 UK SGS 2033,7.47,Tue Sep 06 2033 05:30:00 GMT+0530 (India Standard Time),100.5072,7.3759
IN2120200158,06.79 MP SDL 2033,6.79,Fri Sep 09 2033 05:30:00 GMT+0530 (India Standard Time),96.8346,7.3759
IN2220250293,07.18 MH SGS 2033,7.18,Sat Sep 10 2033 05:30:00 GMT+0530 (India Standard Time),98.9527,7.3735
IN1320240048,07.21 BR SGS 2033,7.21,Sun Sep 11 2033 05:30:00 GMT+0530 (India Standard Time),99.1014,7.3759
IN1520250342,07.23 GJ SGS 2033,7.23,Sun Sep 11 2033 05:30:00 GMT+0530 (India Standard Time),99.2094,7.3759
IN2720180107,08.79 OD SDL 2033,8.79,Mon Sep 12 2033 05:30:00 GMT+0530 (India Standard Time),107.6404,7.3759
IN3420180041,08.79 WB SDL 2033,8.79,Mon Sep 12 2033 05:30:00 GMT+0530 (India Standard Time),107.6404,7.3759
IN3820240080,07.27 PY SGS 2033,7.27,Mon Sep 12 2033 05:30:00 GMT+0530 (India Standard Time),99.425,7.3759
IN2220230113,07.46 MH SGS 2033,7.46,Tue Sep 13 2033 05:30:00 GMT+0530 (India Standard Time),100.4518,7.3759
IN1620230186,07.47 HR SGS 2033,7.47,Tue Sep 13 2033 05:30:00 GMT+0530 (India Standard Time),100.5058,7.3759
IN3620230026,07.48 UK SGS 2033,7.48,Tue Sep 13 2033 05:30:00 GMT+0530 (India Standard Time),100.5599,7.3759
IN1720220061,07.48 HP SGS 2033,7.48,Wed Sep 14 2033 05:30:00 GMT+0530 (India Standard Time),100.5597,7.3759
IN2220210248,06.91 MH SDL 2033,6.91,Thu Sep 15 2033 05:30:00 GMT+0530 (India Standard Time),97.4761,7.3759
IN1920200244,06.75 KA SDL 2033,6.75,Fri Sep 16 2033 05:30:00 GMT+0530 (India Standard Time),96.6092,7.3759
IN2120200166,06.76 MP SDL 2033,6.76,Fri Sep 16 2033 05:30:00 GMT+0530 (India Standard Time),96.6633,7.3759
IN3120250292,07.19 TN SGS 2033,7.19,Sat Sep 17 2033 05:30:00 GMT+0530 (India Standard Time),98.9895,7.3759
IN2220240260,07.10 MH SGS 2033,7.1,Mon Sep 19 2033 05:30:00 GMT+0530 (India Standard Time),98.5009,7.3759
IN1320240055,07.11 BR SGS 2033,7.11,Mon Sep 19 2033 05:30:00 GMT+0530 (India Standard Time),98.555,7.3759
IN3520240109,07.16 CG SGS 2033,7.16,Mon Sep 19 2033 05:30:00 GMT+0530 (India Standard Time),98.8258,7.3759
IN1620230194,07.45 HR SGS 2033,7.45,Thu Sep 22 2033 05:30:00 GMT+0530 (India Standard Time),100.3959,7.3759
IN1420230105,07.46 GA SGS 2033,7.46,Thu Sep 22 2033 05:30:00 GMT+0530 (India Standard Time),100.4501,7.3759
IN3020230022,07.46 SK SGS 2033,7.46,Thu Sep 22 2033 05:30:00 GMT+0530 (India Standard Time),100.4501,7.3759
IN1320240063,07.12 BR SGS 2033,7.12,Sun Sep 25 2033 05:30:00 GMT+0530 (India Standard Time),98.605,7.3759
IN1520250383,07.44 GJ SGS 2033,7.44,Sun Sep 25 2033 05:30:00 GMT+0530 (India Standard Time),100.3411,7.3759
IN1020180262,08.71 AP SDL 2033,8.71,Mon Sep 26 2033 05:30:00 GMT+0530 (India Standard Time),107.2334,7.3759
IN1920240331,07.03 KA SGS 2033,7.03,Mon Sep 26 2033 05:30:00 GMT+0530 (India Standard Time),98.1158,7.3759
IN2920230199,07.46 RJ SGS 2033,7.46,Tue Sep 27 2033 05:30:00 GMT+0530 (India Standard Time),100.4494,7.3759
IN1620230210,07.47 HR SGS 2033 27 SEP,7.47,Tue Sep 27 2033 05:30:00 GMT+0530 (India Standard Time),100.5036,7.3759
IN1420230113,07.49 GA SGS 2033 27 SEP,7.49,Tue Sep 27 2033 05:30:00 GMT+0530 (India Standard Time),100.6122,7.3759
IN2920210308,06.94 RJ SDL 2033,6.94,Thu Sep 29 2033 05:30:00 GMT+0530 (India Standard Time),97.6245,7.3759
IN2820210093,06.98 PN SDL 2033,6.98,Thu Sep 29 2033 05:30:00 GMT+0530 (India Standard Time),97.8514,7.3741
IN1020180270,08.62 AP SDL 2033,8.62,Mon Oct 03 2033 05:30:00 GMT+0530 (India Standard Time),106.757,7.3759
IN2020180096,08.54 KL SDL 2033,8.54,Mon Oct 03 2033 05:30:00 GMT+0530 (India Standard Time),106.322,7.3759
IN1320240071,07.11 BR SGS 2033 03 OCT,7.11,Mon Oct 03 2033 05:30:00 GMT+0530 (India Standard Time),98.5452,7.3759
IN3120230245,07.52 TN SGS 2033,7.52,Tue Oct 04 2033 05:30:00 GMT+0530 (India Standard Time),100.7749,7.3759
IN1620230236,07.53 HR SGS 2033,7.53,Tue Oct 04 2033 05:30:00 GMT+0530 (India Standard Time),100.8293,7.3759
IN2920230223,07.54 RJ SGS 2033,7.54,Tue Oct 04 2033 05:30:00 GMT+0530 (India Standard Time),100.8837,7.3759
IN3620230034,07.54 UK SGS 2033,7.54,Tue Oct 04 2033 05:30:00 GMT+0530 (India Standard Time),100.8837,7.3759
IN1220230115,07.62 AS SGS 2033,7.62,Tue Oct 04 2033 05:30:00 GMT+0530 (India Standard Time),101.3188,7.3759
IN3720210027,07.00 JH SDL 2033,7,Thu Oct 06 2033 05:30:00 GMT+0530 (India Standard Time),97.9444,7.3759
IN1520250151,07.06 GJ SGS 2033,7.06,Sat Oct 08 2033 05:30:00 GMT+0530 (India Standard Time),98.2695,7.3759
IN1020250347,07.14 AP SGS 2033,7.14,Sat Oct 08 2033 05:30:00 GMT+0530 (India Standard Time),98.7052,7.3759
IN1920240059,07.12 KA SGS 2033,7.12,Sun Oct 09 2033 05:30:00 GMT+0530 (India Standard Time),98.5956,7.3759
IN1320240089,07.14 BR SGS 2033,7.14,Sun Oct 09 2033 05:30:00 GMT+0530 (India Standard Time),98.7046,7.3759
IN3420180058,08.73 WB SDL 2033,8.73,Mon Oct 10 2033 05:30:00 GMT+0530 (India Standard Time),107.3688,7.3759
IN1420230121,07.70 GA SGS 2033,7.7,Tue Oct 11 2033 05:30:00 GMT+0530 (India Standard Time),101.756,7.3759
IN3620230042,07.71 UK SGS 2033,7.71,Tue Oct 11 2033 05:30:00 GMT+0530 (India Standard Time),101.8106,7.3759
IN3020230030,07.75 SK SGS 2033 11 OCT,7.75,Tue Oct 11 2033 05:30:00 GMT+0530 (India Standard Time),102.0286,7.3759
IN1920200327,06.75 KA SDL 2033 14 OCT,6.75,Fri Oct 14 2033 05:30:00 GMT+0530 (India Standard Time),96.5738,7.3759
IN2720250090,07.08 OD SGS 2033,7.08,Sat Oct 15 2033 05:30:00 GMT+0530 (India Standard Time),98.3736,7.3759
IN3320250050,07.12 UP SGS 2033 15 OCT,7.12,Sat Oct 15 2033 05:30:00 GMT+0530 (India Standard Time),98.5919,7.3759
IN3120230260,07.65 TN SGS 2033 18 OCT,7.65,Tue Oct 18 2033 05:30:00 GMT+0530 (India Standard Time),101.4851,7.3759
IN1220230123,07.67 AS SGS 2033,7.67,Tue Oct 18 2033 05:30:00 GMT+0530 (India Standard Time),101.5944,7.3759
IN1420230139,07.67 GA SGS 2033,7.67,Tue Oct 18 2033 05:30:00 GMT+0530 (India Standard Time),101.5944,7.3759
IN1320240097,07.11 BR SGS 2033,7.11,Sun Oct 23 2033 05:30:00 GMT+0530 (India Standard Time),98.5324,7.3759
IN1920180032,08.73 KA SDL 2033,8.73,Mon Oct 24 2033 05:30:00 GMT+0530 (India Standard Time),107.3964,7.3759
IN3420180066,08.72 WB SDL 2033,8.72,Mon Oct 24 2033 05:30:00 GMT+0530 (India Standard Time),107.3417,7.3759
IN1920230027,07.69 KA SGS 2033,7.69,Tue Oct 25 2033 05:30:00 GMT+0530 (India Standard Time),101.7059,7.3759
IN3320230110,07.70 UP SGS 2033,7.7,Tue Oct 25 2033 05:30:00 GMT+0530 (India Standard Time),101.7607,7.3759
IN2920230249,07.71 RJ SGS 2033,7.71,Tue Oct 25 2033 05:30:00 GMT+0530 (India Standard Time),101.8154,7.3759
IN3120230286,07.72 TN SGS 2033,7.72,Tue Oct 25 2033 05:30:00 GMT+0530 (India Standard Time),101.8701,7.3759
IN2120220032,07.88 MP SGS 2033,7.88,Thu Oct 27 2033 05:30:00 GMT+0530 (India Standard Time),102.7472,7.3759
IN1020200433,06.55 AP SDL 2033,6.55,Fri Oct 28 2033 05:30:00 GMT+0530 (India Standard Time),95.4616,7.3759
IN1620250200,07.10 HR SGS 2033,7.1,Sat Oct 29 2033 05:30:00 GMT+0530 (India Standard Time),98.4741,7.3759
IN3320230128,07.71 UP SGS 2033,7.71,Tue Nov 01 2033 05:30:00 GMT+0530 (India Standard Time),101.8177,7.3759
IN1420230147,07.73 GA SGS 2033,7.73,Tue Nov 01 2033 05:30:00 GMT+0530 (India Standard Time),101.9274,7.3759
IN2920230256,07.73 RJ SGS 2033,7.73,Tue Nov 01 2033 05:30:00 GMT+0530 (India Standard Time),101.9274,7.3759
IN2820230182,07.77 PN SGS 2033,7.77,Tue Nov 01 2033 05:30:00 GMT+0530 (India Standard Time),102.1467,7.3759
IN4920210080,07.06 JK SDL 2033,7.06,Wed Nov 02 2033 05:30:00 GMT+0530 (India Standard Time),98.253,7.3759
IN1020220571,07.86 AP SGS 2033,7.86,Wed Nov 02 2033 05:30:00 GMT+0530 (India Standard Time),102.6409,7.3759
IN1420230154,07.70 GA SGS 2033 08 NOV,7.7,Tue Nov 08 2033 05:30:00 GMT+0530 (India Standard Time),101.7657,7.3759
IN1920230068,07.70 KA SGS 2033,7.7,Tue Nov 08 2033 05:30:00 GMT+0530 (India Standard Time),101.7657,7.3759
IN2220230139,07.71 MH SGS 2033,7.71,Tue Nov 08 2033 05:30:00 GMT+0530 (India Standard Time),101.8206,7.3759
IN2920230298,07.72 RJ SGS 2033,7.72,Tue Nov 08 2033 05:30:00 GMT+0530 (India Standard Time),101.8756,7.3759
IN3320230136,07.73 UP SGS 2033 08 NOV,7.73,Tue Nov 08 2033 05:30:00 GMT+0530 (India Standard Time),101.9305,7.3759
IN1220230131,07.74 AS SGS 2033,7.74,Tue Nov 08 2033 05:30:00 GMT+0530 (India Standard Time),101.9855,7.3759
IN2220250368,07.07 MH SGS 2033,7.07,Sat Nov 12 2033 05:30:00 GMT+0530 (India Standard Time),98.3018,7.3759
IN2520250068,07.14 MZ SGS 2033,7.14,Sat Nov 12 2033 05:30:00 GMT+0530 (India Standard Time),98.6869,7.3759
IN1520240061,07.08 GJ SGS 2033,7.08,Sun Nov 13 2033 05:30:00 GMT+0530 (India Standard Time),98.3563,7.3759
IN1420230162,07.70 GA SGS 2033,7.7,Tue Nov 15 2033 05:30:00 GMT+0530 (India Standard Time),101.7687,7.3759
IN2220230154,07.70 MH SGS 2033 15 NOV,7.7,Tue Nov 15 2033 05:30:00 GMT+0530 (India Standard Time),101.7687,7.3759
IN1920200426,06.72 KA SDL 2033,6.72,Fri Nov 18 2033 05:30:00 GMT+0530 (India Standard Time),96.3697,7.3759
IN3320250100,07.12 UP SGS 2033,7.12,Sat Nov 19 2033 05:30:00 GMT+0530 (India Standard Time),98.5735,7.3759
IN1420230170,07.65 GA SGS 2033,7.65,Tue Nov 22 2033 05:30:00 GMT+0530 (India Standard Time),101.4961,7.3759
IN1620230285,07.65 HR SGS 2033,7.65,Tue Nov 22 2033 05:30:00 GMT+0530 (India Standard Time),101.4961,7.3759
IN2620230051,07.67 NL SGS 2033,7.67,Tue Nov 22 2033 05:30:00 GMT+0530 (India Standard Time),101.6064,7.3759
IN1120230017,07.68 AR SGS 2033,7.68,Tue Nov 22 2033 05:30:00 GMT+0530 (India Standard Time),101.6616,7.3759
IN1720210062,06.92 HP SDL 2033,6.92,Thu Nov 24 2033 05:30:00 GMT+0530 (India Standard Time),97.4671,7.3759
IN1520250193,07.07 GJ SGS 2033,7.07,Sat Nov 26 2033 05:30:00 GMT+0530 (India Standard Time),98.2941,7.3759
IN2820250131,07.29 PN SGS 2033,7.29,Sat Nov 26 2033 05:30:00 GMT+0530 (India Standard Time),99.5092,7.3759
IN1620230293,07.71 HR SGS 2033,7.71,Tue Nov 29 2033 05:30:00 GMT+0530 (India Standard Time),101.8306,7.3759
IN2920230322,07.74 RJ SGS 2033,7.74,Tue Nov 29 2033 05:30:00 GMT+0530 (India Standard Time),101.9965,7.3759
IN1420230188,07.75 GA SGS 2033,7.75,Tue Nov 29 2033 05:30:00 GMT+0530 (India Standard Time),102.0518,7.3759
IN3320230193,07.75 UP SGS 2033,7.75,Tue Nov 29 2033 05:30:00 GMT+0530 (India Standard Time),102.0518,7.3759
IN1020220605,07.64 AP SGS 2033,7.64,Wed Nov 30 2033 05:30:00 GMT+0530 (India Standard Time),101.4441,7.3759
IN1020200482,06.68 AP SDL 2033,6.68,Fri Dec 02 2033 05:30:00 GMT+0530 (India Standard Time),96.1331,7.3759
IN3120250458,07.18 TN SGS 2033,7.18,Sat Dec 03 2033 05:30:00 GMT+0530 (India Standard Time),98.8993,7.3759
IN2120250252,07.20 MP SGS 2033,7.2,Sat Dec 03 2033 05:30:00 GMT+0530 (India Standard Time),99.01,7.3759
IN1020180353,08.44 AP SDL 2033,8.44,Mon Dec 05 2033 05:30:00 GMT+0530 (India Standard Time),105.8765,7.3759
IN1920230092,07.69 KA SGS 2033 06 DEC,7.69,Tue Dec 06 2033 05:30:00 GMT+0530 (India Standard Time),101.7236,7.3759
IN1620230319,07.72 HR SGS 2033,7.72,Tue Dec 06 2033 05:30:00 GMT+0530 (India Standard Time),101.8898,7.3759
IN2920230355,07.74 RJ SGS 2033 06 DEC,7.74,Tue Dec 06 2033 05:30:00 GMT+0530 (India Standard Time),102.0005,7.3759
IN2620230069,07.78 NL SGS 2033,7.78,Tue Dec 06 2033 05:30:00 GMT+0530 (India Standard Time),102.2221,7.3759
IN1520250219,07.19 GJ SGS 2033,7.19,Sat Dec 10 2033 05:30:00 GMT+0530 (India Standard Time),98.9527,7.3759
IN3320250142,07.24 UP SGS 2033,7.24,Sat Dec 10 2033 05:30:00 GMT+0530 (India Standard Time),99.23,7.3759
IN1520240095,07.04 GJ SGS 2033,7.04,Sun Dec 11 2033 05:30:00 GMT+0530 (India Standard Time),98.1202,7.3759
IN3420180090,08.42 WB SDL 2033,8.42,Mon Dec 12 2033 05:30:00 GMT+0530 (India Standard Time),105.7777,7.3759
IN1620230327,07.71 HR SGS 2033 13 DEC,7.71,Tue Dec 13 2033 05:30:00 GMT+0530 (India Standard Time),101.8383,7.3759
IN1220230149,07.74 AS SGS 2033 13 DEC,7.74,Tue Dec 13 2033 05:30:00 GMT+0530 (India Standard Time),102.0048,7.3759
IN1920210169,06.89 KA SDL 2033,6.89,Thu Dec 15 2033 05:30:00 GMT+0530 (India Standard Time),97.2851,7.3759
IN3520250033,07.37 CG SGS 2033,7.37,Sat Dec 17 2033 05:30:00 GMT+0530 (India Standard Time),99.9512,7.3759
IN2420240078,07.11 ML SGS 2033,7.11,Sun Dec 18 2033 05:30:00 GMT+0530 (India Standard Time),98.5059,7.3759
IN3320230219,07.62 UP SGS 2033,7.62,Tue Dec 20 2033 05:30:00 GMT+0530 (India Standard Time),101.3419,7.3759
IN1120230025,07.63 AR SGS 2033,7.63,Tue Dec 20 2033 05:30:00 GMT+0530 (India Standard Time),101.3975,7.3759
IN1420230196,07.63 GA SGS 2033,7.63,Tue Dec 20 2033 05:30:00 GMT+0530 (India Standard Time),101.3975,7.3759
IN4920210106,07.00 JK SDL 2033,7,Thu Dec 22 2033 05:30:00 GMT+0530 (India Standard Time),97.8922,7.3759
IN1920210185,07.02 KA SDL 2033,7.02,Thu Dec 22 2033 05:30:00 GMT+0530 (India Standard Time),98.0035,7.3759
IN1920250025,07.32 KA SGS 2033,7.32,Sat Dec 24 2033 05:30:00 GMT+0530 (India Standard Time),99.6731,7.3759
IN1320250211,07.65 BR SGS 2033,7.65,Sat Dec 24 2033 05:30:00 GMT+0530 (India Standard Time),101.5108,7.3759
IN3420180108,08.24 WB SDL 2033,8.24,Mon Dec 26 2033 05:30:00 GMT+0530 (India Standard Time),104.7993,7.3759
IN1520240103,07.11 GJ SGS 2033,7.11,Mon Dec 26 2033 05:30:00 GMT+0530 (India Standard Time),98.503,7.3759
IN3120230344,07.66 TN SGS 2033,7.66,Tue Dec 27 2033 05:30:00 GMT+0530 (India Standard Time),101.5681,7.3759
IN1420230204,07.67 GA SGS 2033 27 DEC,7.67,Tue Dec 27 2033 05:30:00 GMT+0530 (India Standard Time),101.6239,7.3759
IN2920230363,07.67 RJ SGS 2033,7.67,Tue Dec 27 2033 05:30:00 GMT+0530 (India Standard Time),101.6239,7.3759
IN3620230059,07.67 UK SGS 2033 27 DEC,7.67,Tue Dec 27 2033 05:30:00 GMT+0530 (India Standard Time),101.6239,7.3759
IN3320230235,07.67 UP SGS 2033,7.67,Tue Dec 27 2033 05:30:00 GMT+0530 (India Standard Time),101.6239,7.3759
IN1720210088,07.14 HP SDL 2033,7.14,Thu Dec 29 2033 05:30:00 GMT+0530 (India Standard Time),98.6693,7.3759
IN4520210217,07.14 TS SDL 2033,7.14,Thu Dec 29 2033 05:30:00 GMT+0530 (India Standard Time),98.6693,7.3759
IN1920230167,07.74 KA SGS 2034,7.74,Tue Jan 03 2034 05:30:00 GMT+0530 (India Standard Time),101.1492,7.5303
IN2920230371,07.74 RJ SGS 2034,7.74,Tue Jan 03 2034 05:30:00 GMT+0530 (India Standard Time),101.1492,7.5303
IN2020220124,07.64 KL SGS 2034,7.64,Wed Jan 04 2034 05:30:00 GMT+0530 (India Standard Time),100.5942,7.5303
IN3720200044,06.66 JH SDL 2034,6.66,Fri Jan 06 2034 05:30:00 GMT+0530 (India Standard Time),95.1478,7.5303
IN1920250082,07.34 KA SGS 2034,7.34,Sat Jan 07 2034 05:30:00 GMT+0530 (India Standard Time),98.9272,7.5303
IN1520240137,07.06 GJ SGS 2034,7.06,Sun Jan 08 2034 05:30:00 GMT+0530 (India Standard Time),97.3698,7.5303
IN3120230369,07.72 TN SGS 2034,7.72,Tue Jan 10 2034 05:30:00 GMT+0530 (India Standard Time),101.0413,7.5303
IN1220230172,07.78 AS SGS 2034,7.78,Tue Jan 10 2034 05:30:00 GMT+0530 (India Standard Time),101.3752,7.5303
IN1920210250,07.29 KA SDL 2034,7.29,Thu Jan 12 2034 05:30:00 GMT+0530 (India Standard Time),98.648,7.5303
IN1020180387,08.25 AP SDL 2034,8.25,Mon Jan 16 2034 05:30:00 GMT+0530 (India Standard Time),103.9985,7.5303
IN3420180116,08.25 WB SDL 2034,8.25,Mon Jan 16 2034 05:30:00 GMT+0530 (India Standard Time),103.9985,7.5303
IN1520230211,07.64 GJ SGS 2034,7.64,Tue Jan 17 2034 05:30:00 GMT+0530 (India Standard Time),100.5985,7.5303
IN1720230102,07.67 HP SGS 2034,7.67,Tue Jan 17 2034 05:30:00 GMT+0530 (India Standard Time),100.7658,7.5303
IN4520210241,07.34 TS SDL 2034,7.34,Thu Jan 19 2034 05:30:00 GMT+0530 (India Standard Time),98.9255,7.5303
IN1020190444,07.19 AP SDL 2034,7.19,Sun Jan 22 2034 05:30:00 GMT+0530 (India Standard Time),98.0876,7.5303
IN1520230237,07.63 GJ SGS 2034,7.63,Tue Jan 24 2034 05:30:00 GMT+0530 (India Standard Time),100.5453,7.5303
IN2920230397,07.67 RJ SGS 2034,7.67,Tue Jan 24 2034 05:30:00 GMT+0530 (India Standard Time),100.7688,7.5303
IN1420230212,07.69 GA SGS 2034,7.69,Tue Jan 24 2034 05:30:00 GMT+0530 (India Standard Time),100.8805,7.5303
IN3120250656,07.39 TN SGS 2034,7.39,Sat Jan 28 2034 05:30:00 GMT+0530 (India Standard Time),99.2044,7.5303
IN1520240160,07.05 GJ SGS 2034,7.05,Sun Jan 29 2034 05:30:00 GMT+0530 (India Standard Time),97.302,7.5303
IN3120230419,07.62 TN SGS 2034,7.62,Tue Jan 31 2034 05:30:00 GMT+0530 (India Standard Time),100.4917,7.5303
IN1420230220,07.65 GA SGS 2034,7.65,Tue Jan 31 2034 05:30:00 GMT+0530 (India Standard Time),100.6596,7.5303
IN2920230413,07.66 RJ SGS 2034,7.66,Tue Jan 31 2034 05:30:00 GMT+0530 (India Standard Time),100.7155,7.5303
IN3020230048,07.70 SK SGS 2034,7.7,Tue Jan 31 2034 05:30:00 GMT+0530 (India Standard Time),100.9394,7.5303
IN1920210334,07.32 KA SDL 2034,7.32,Thu Feb 02 2034 05:30:00 GMT+0530 (India Standard Time),98.8124,7.5303
IN2220250434,07.44 MH SGS 2034,7.44,Sat Feb 04 2034 05:30:00 GMT+0530 (India Standard Time),99.4846,7.5303
IN1020190477,07.14 AP SDL 2034,7.14,Sun Feb 05 2034 05:30:00 GMT+0530 (India Standard Time),97.8033,7.5303
IN1020240694,07.07 AP SGS 2034,7.07,Sun Feb 05 2034 05:30:00 GMT+0530 (India Standard Time),97.411,7.5303
IN1520240194,07.07 GJ SGS 2034,7.07,Sun Feb 05 2034 05:30:00 GMT+0530 (India Standard Time),97.411,7.5303
IN3320230250,07.49 UP SGS 2034 07 FEB,7.49,Tue Feb 07 2034 05:30:00 GMT+0530 (India Standard Time),99.7654,7.5303
IN2920230439,07.51 RJ SGS 2034,7.51,Tue Feb 07 2034 05:30:00 GMT+0530 (India Standard Time),99.8776,7.5303
IN1220230198,07.52 AS SGS 2034,7.52,Tue Feb 07 2034 05:30:00 GMT+0530 (India Standard Time),99.9336,7.5303
IN2120250377,07.44 MP SGS 2034,7.44,Sat Feb 11 2034 05:30:00 GMT+0530 (India Standard Time),99.4855,7.5303
IN1520240210,07.08 GJ SGS 2034,7.08,Sun Feb 12 2034 05:30:00 GMT+0530 (India Standard Time),97.4639,7.5303
IN3420180140,08.36 WB SDL 2034,8.36,Mon Feb 13 2034 05:30:00 GMT+0530 (India Standard Time),104.6541,7.5303
IN2120220073,07.62 MP SGS 2034,7.62,Wed Feb 15 2034 05:30:00 GMT+0530 (India Standard Time),100.4979,7.5303
IN4920210122,07.13 JK SDL 2034,7.13,Thu Feb 16 2034 05:30:00 GMT+0530 (India Standard Time),97.7433,7.5303
IN2120250401,07.34 MP SGS 2034,7.34,Sat Feb 18 2034 05:30:00 GMT+0530 (India Standard Time),98.9241,7.5303
IN3120230435,07.44 TN SGS 2034,7.44,Tue Feb 21 2034 05:30:00 GMT+0530 (India Standard Time),99.4872,7.5303
IN2920230447,07.48 RJ SGS 2034,7.48,Tue Feb 21 2034 05:30:00 GMT+0530 (India Standard Time),99.7124,7.5303
IN3320230268,07.48 UP SGS 2034,7.48,Tue Feb 21 2034 05:30:00 GMT+0530 (India Standard Time),99.7124,7.5303
IN2620230077,07.49 NL SGS 2034,7.49,Tue Feb 21 2034 05:30:00 GMT+0530 (India Standard Time),99.7687,7.5303
IN2220250475,07.34 MH SGS 2034,7.34,Sat Feb 25 2034 05:30:00 GMT+0530 (India Standard Time),98.9242,7.5303
IN1920250223,07.37 KA SGS 2034,7.37,Sat Feb 25 2034 05:30:00 GMT+0530 (India Standard Time),99.0933,7.5303
IN2820250198,07.54 PN SGS 2034,7.54,Sat Feb 25 2034 05:30:00 GMT+0530 (India Standard Time),100.0516,7.5303
IN1720190140,06.95 HP SDL 2034,6.95,Sun Feb 26 2034 05:30:00 GMT+0530 (India Standard Time),96.7252,7.5303
IN2020180153,08.40 KL SDL 2034,8.4,Mon Feb 27 2034 05:30:00 GMT+0530 (India Standard Time),104.903,7.5303
IN3520240042,07.20 CG SGS 2034,7.2,Mon Feb 27 2034 05:30:00 GMT+0530 (India Standard Time),98.1347,7.5303
IN3120230443,07.42 TN SGS 2034,7.42,Tue Feb 28 2034 05:30:00 GMT+0530 (India Standard Time),99.3761,7.5303
IN1920230274,07.44 KA SGS 2034,7.44,Tue Feb 28 2034 05:30:00 GMT+0530 (India Standard Time),99.489,7.5303
IN2920230454,07.44 RJ SGS 2034,7.44,Tue Feb 28 2034 05:30:00 GMT+0530 (India Standard Time),99.489,7.5303
IN3620230067,07.46 UK SGS 2034,7.46,Tue Feb 28 2034 05:30:00 GMT+0530 (India Standard Time),99.6019,7.5303
IN3320230276,07.46 UP SGS 2034,7.46,Tue Feb 28 2034 05:30:00 GMT+0530 (India Standard Time),99.6019,7.5303
IN4520210274,07.13 TS SDL 2034,7.13,Thu Mar 02 2034 05:30:00 GMT+0530 (India Standard Time),97.7384,7.5303
IN2220250491,07.33 MH SGS 2034,7.33,Sat Mar 04 2034 05:30:00 GMT+0530 (India Standard Time),98.8999,7.5246
IN1020240744,07.22 AP SGS 2034,7.22,Sun Mar 05 2034 05:30:00 GMT+0530 (India Standard Time),98.2457,7.5303
IN3520240067,07.28 CG SGS 2034,7.28,Sun Mar 05 2034 05:30:00 GMT+0530 (India Standard Time),98.5849,7.5303
IN1620180118,08.44 HR SDL 2034,8.44,Mon Mar 06 2034 05:30:00 GMT+0530 (India Standard Time),105.1435,7.5303
IN3420180173,08.47 WB SDL 2034,8.47,Mon Mar 06 2034 05:30:00 GMT+0530 (India Standard Time),105.3131,7.5303
IN3120230450,07.40 TN SGS 2034,7.4,Mon Mar 06 2034 05:30:00 GMT+0530 (India Standard Time),99.2627,7.5303
IN1220230214,07.42 AS SGS 2034,7.42,Mon Mar 06 2034 05:30:00 GMT+0530 (India Standard Time),99.3758,7.5303
IN1520220279,07.71 GJ SGS 2034,7.71,Wed Mar 08 2034 05:30:00 GMT+0530 (India Standard Time),101.0154,7.5303
IN4520220422,07.73 TS SGS 2034,7.73,Wed Mar 08 2034 05:30:00 GMT+0530 (India Standard Time),101.1286,7.5303
IN2520210070,07.25 MZ SDL 2034,7.25,Thu Mar 09 2034 05:30:00 GMT+0530 (India Standard Time),98.4121,7.5303
IN1020190535,06.88 AP SDL 2034,6.88,Sat Mar 11 2034 05:30:00 GMT+0530 (India Standard Time),96.3155,7.5303
IN1920230316,07.36 KA SGS 2034,7.36,Mon Mar 13 2034 05:30:00 GMT+0530 (India Standard Time),99.0321,7.5303
IN2920230496,07.37 RJ SGS 2034,7.37,Mon Mar 13 2034 05:30:00 GMT+0530 (India Standard Time),99.0888,7.5303
IN3520230258,07.38 CG SGS 2034,7.38,Mon Mar 13 2034 05:30:00 GMT+0530 (India Standard Time),99.1454,7.5303
IN3320230284,07.38 UP SGS 2034,7.38,Mon Mar 13 2034 05:30:00 GMT+0530 (India Standard Time),99.1454,7.5303
IN1720230128,07.39 HP SGS 2034,7.39,Mon Mar 13 2034 05:30:00 GMT+0530 (India Standard Time),99.2021,7.5303
IN2020230222,07.39 KL SGS 2034,7.39,Mon Mar 13 2034 05:30:00 GMT+0530 (India Standard Time),99.2021,7.5303
IN1120230033,07.41 AR SGS 2034,7.41,Mon Mar 13 2034 05:30:00 GMT+0530 (India Standard Time),99.3154,7.5303
IN1520250367,07.29 GJ SGS 2034,7.29,Sat Mar 18 2034 05:30:00 GMT+0530 (India Standard Time),98.632,7.5303
IN3420180199,08.19 WB SDL 2034,8.19,Mon Mar 20 2034 05:30:00 GMT+0530 (India Standard Time),103.739,7.5303
IN3120230484,07.44 TN SGS 2034 20 MAR,7.44,Mon Mar 20 2034 05:30:00 GMT+0530 (India Standard Time),99.482,7.5303
IN2920230512,07.46 RJ SGS 2034,7.46,Mon Mar 20 2034 05:30:00 GMT+0530 (India Standard Time),99.5956,7.5303
IN1220230222,07.47 AS SGS 2034,7.47,Mon Mar 20 2034 05:30:00 GMT+0530 (India Standard Time),99.6523,7.5303
IN3520230282,07.47 CG SGS 2034,7.47,Mon Mar 20 2034 05:30:00 GMT+0530 (India Standard Time),99.6523,7.5303
IN1420230238,07.47 GA SGS 2034,7.47,Mon Mar 20 2034 05:30:00 GMT+0530 (India Standard Time),99.6523,7.5303
IN3620230075,07.47 UK SGS 2034,7.47,Mon Mar 20 2034 05:30:00 GMT+0530 (India Standard Time),99.6523,7.5303
IN2620230085,07.48 NL SGS 2034,7.48,Mon Mar 20 2034 05:30:00 GMT+0530 (India Standard Time),99.7091,7.5303
IN3020230055,07.50 SK SGS 2034,7.5,Mon Mar 20 2034 05:30:00 GMT+0530 (India Standard Time),99.8226,7.5303
IN2220230311,07.42 MH SGS 2034,7.42,Wed Mar 22 2034 05:30:00 GMT+0530 (India Standard Time),99.3676,7.5303
IN2920210548,07.37 RJ SDL 2034,7.37,Thu Mar 23 2034 05:30:00 GMT+0530 (India Standard Time),99.0831,7.5303
IN2020210190,07.42 KL SDL 2034,7.42,Thu Mar 23 2034 05:30:00 GMT+0530 (India Standard Time),99.3671,7.5303
IN1520220311,07.72 GJ SGS 2034,7.72,Thu Mar 23 2034 05:30:00 GMT+0530 (India Standard Time),101.0712,7.5303
IN2220220247,07.73 MH SGS 2034,7.73,Thu Mar 23 2034 05:30:00 GMT+0530 (India Standard Time),101.128,7.5303
IN4520220455,07.78 TS SGS 2034,7.78,Thu Mar 23 2034 05:30:00 GMT+0530 (India Standard Time),101.412,7.5303
IN3820200084,06.86 PY SDL 2034,6.86,Fri Mar 24 2034 05:30:00 GMT+0530 (India Standard Time),96.1847,7.5303
IN1920250330,07.61 KA SGS 2034,7.61,Sat Mar 25 2034 05:30:00 GMT+0530 (India Standard Time),100.446,7.5303
IN3120230518,07.43 TN SGS 2034,7.43,Mon Mar 27 2034 05:30:00 GMT+0530 (India Standard Time),99.4221,7.5303
IN2920230553,07.44 RJ SGS 2034 27 MAR,7.44,Mon Mar 27 2034 05:30:00 GMT+0530 (India Standard Time),99.479,7.5303
IN3520230316,07.47 CG SGS 2034 27 MAR,7.47,Mon Mar 27 2034 05:30:00 GMT+0530 (India Standard Time),99.6496,7.5303
IN3320220194,07.81 UP SGS 2034 29 MAR,7.81,Wed Mar 29 2034 05:30:00 GMT+0530 (India Standard Time),101.3603,7.5691
IN3320210245,07.35 UP SDL 2034,7.35,Thu Mar 30 2034 05:30:00 GMT+0530 (India Standard Time),98.9655,7.5303
IN3720200085,06.82 JH SDL 2034,6.82,Fri Mar 31 2034 05:30:00 GMT+0530 (India Standard Time),95.9492,7.5303
IN3120240012,07.42 TN SGS 2034 03 APR,7.42,Mon Apr 03 2034 05:30:00 GMT+0530 (India Standard Time),99.3626,7.5303
IN2420240011,07.46 ML SGS 2034,7.46,Mon Apr 03 2034 05:30:00 GMT+0530 (India Standard Time),99.5904,7.5303
IN1020250024,06.79 AP SGS 2034,6.79,Tue Apr 04 2034 05:30:00 GMT+0530 (India Standard Time),95.7729,7.5303
IN1020220019,07.29 AP SDL 2034,7.29,Sat Apr 08 2034 05:30:00 GMT+0530 (India Standard Time),98.619,7.5303
IN1220240015,07.50 AS SGS 2034,7.5,Mon Apr 10 2034 05:30:00 GMT+0530 (India Standard Time),99.8162,7.5303
IN1620240011,07.48 HR SGS 2034,7.48,Tue Apr 18 2034 05:30:00 GMT+0530 (India Standard Time),99.6997,7.5303
IN2220260045,07.55 MH SGS 2034,7.55,Sat Apr 22 2034 05:30:00 GMT+0530 (India Standard Time),100.0994,7.5303
IN1020260031,07.63 AP SGS 2034,7.63,Sat Apr 22 2034 05:30:00 GMT+0530 (India Standard Time),100.5573,7.5303
IN3120240038,07.49 TN SGS 2034,7.49,Mon Apr 24 2034 05:30:00 GMT+0530 (India Standard Time),99.7554,7.5303
IN2120260038,07.64 MP SGS 2034,7.64,Sat Apr 29 2034 05:30:00 GMT+0530 (India Standard Time),100.6146,7.5303
IN1720250035,06.79 HP SGS 2034,6.79,Sun Apr 30 2034 05:30:00 GMT+0530 (India Standard Time),95.7383,7.5303
IN1620240029,07.52 HR SGS 2034,7.52,Tue May 02 2034 05:30:00 GMT+0530 (India Standard Time),99.9259,7.5303
IN2920240016,07.52 RJ SGS 2034,7.52,Tue May 02 2034 05:30:00 GMT+0530 (India Standard Time),99.9259,7.5303
IN1220240023,07.54 AS SGS 2034,7.54,Tue May 02 2034 05:30:00 GMT+0530 (India Standard Time),100.0407,7.5303
IN1020250073,06.83 AP SGS 2034,6.83,Sun May 07 2034 05:30:00 GMT+0530 (India Standard Time),95.9594,7.5303
IN3120240053,07.43 TN SGS 2034 08 MAY,7.43,Mon May 08 2034 05:30:00 GMT+0530 (India Standard Time),99.4076,7.5303
IN2420240029,07.48 ML SGS 2034,7.48,Mon May 08 2034 05:30:00 GMT+0530 (India Standard Time),99.6951,7.5303
IN1520250037,06.69 GJ SGS 2034,6.69,Sun May 14 2034 05:30:00 GMT+0530 (India Standard Time),95.145,7.5303
IN1020190089,08.06 AP SDL 2034,8.06,Mon May 15 2034 05:30:00 GMT+0530 (India Standard Time),103.0346,7.5303
IN2920240065,07.41 RJ SGS 2034,7.41,Mon May 22 2034 05:30:00 GMT+0530 (India Standard Time),99.289,7.5303
IN1620240037,07.42 HR SGS 2034,7.42,Mon May 22 2034 05:30:00 GMT+0530 (India Standard Time),99.3467,7.5303
IN1020230141,07.36 AP SGS 2034,7.36,Wed May 24 2034 05:30:00 GMT+0530 (India Standard Time),98.9998,7.5303
IN2220220072,07.72 MH SDL 2034,7.72,Thu May 25 2034 05:30:00 GMT+0530 (India Standard Time),101.0786,7.5303
IN1220240031,07.37 AS SGS 2034,7.37,Mon May 29 2034 05:30:00 GMT+0530 (India Standard Time),99.0562,7.5303
IN2920240073,07.37 RJ SGS 2034 29 MAY,7.37,Mon May 29 2034 05:30:00 GMT+0530 (India Standard Time),99.0562,7.5303
IN3120240087,07.38 TN SGS 2034,7.38,Mon May 29 2034 05:30:00 GMT+0530 (India Standard Time),99.114,7.5303
IN2020220017,07.85 KL SDL 2034,7.85,Thu Jun 01 2034 05:30:00 GMT+0530 (India Standard Time),101.8321,7.5303
IN1020220167,07.90 AP SDL 2034,7.9,Thu Jun 01 2034 05:30:00 GMT+0530 (India Standard Time),102.1214,7.5303
IN2020210034,06.96 KL SDL 2034,6.96,Fri Jun 02 2034 05:30:00 GMT+0530 (India Standard Time),96.6832,7.5303
IN1020250115,06.61 AP SGS 2034,6.61,Sun Jun 04 2034 05:30:00 GMT+0530 (India Standard Time),94.6553,7.5303
IN1620240045,07.43 HR SGS 2034,7.43,Mon Jun 05 2034 05:30:00 GMT+0530 (India Standard Time),99.4021,7.5303
IN2920240115,07.43 RJ SGS 2034,7.43,Mon Jun 05 2034 05:30:00 GMT+0530 (India Standard Time),99.4021,7.5303
IN1720240036,07.44 HP SGS 2034,7.44,Mon Jun 05 2034 05:30:00 GMT+0530 (India Standard Time),99.46,7.5303
IN3120240103,07.44 TN SGS 2034,7.44,Mon Jun 05 2034 05:30:00 GMT+0530 (India Standard Time),99.46,7.5303
IN2420240037,07.45 ML SGS 2034,7.45,Mon Jun 05 2034 05:30:00 GMT+0530 (India Standard Time),99.5179,7.5303
IN2620240019,07.45 NL SGS 2034,7.45,Mon Jun 05 2034 05:30:00 GMT+0530 (India Standard Time),99.5179,7.5303
IN1020250172,06.65 AP SGS 2034,6.65,Sun Jun 11 2034 05:30:00 GMT+0530 (India Standard Time),94.8774,7.5303
IN1620240052,07.38 HR SGS 2034,7.38,Mon Jun 12 2034 05:30:00 GMT+0530 (India Standard Time),99.1111,7.5303
IN2820240124,07.41 PN SGS 2034 12 JUN,7.41,Mon Jun 12 2034 05:30:00 GMT+0530 (India Standard Time),99.2851,7.5303
IN2120230023,07.40 MP SGS 2034,7.4,Wed Jun 14 2034 05:30:00 GMT+0530 (India Standard Time),99.2268,7.5303
IN2820230059,07.41 PN SGS 2034,7.41,Wed Jun 14 2034 05:30:00 GMT+0530 (India Standard Time),99.2848,7.5303
IN3320230037,07.41 UP SGS 2034,7.41,Wed Jun 14 2034 05:30:00 GMT+0530 (India Standard Time),99.2848,7.5303
IN1520260077,07.39 GJ SGS 2034,7.39,Sat Jun 17 2034 05:30:00 GMT+0530 (India Standard Time),99.1682,7.5303
IN1620240060,07.36 HR SGS 2034,7.36,Mon Jun 19 2034 05:30:00 GMT+0530 (India Standard Time),98.9936,7.5303
IN2920190096,07.32 RJ SDL 2034,7.32,Mon Jun 26 2034 05:30:00 GMT+0530 (India Standard Time),98.7594,7.5303
IN2920240149,07.34 RJ SGS 2034,7.34,Mon Jun 26 2034 05:30:00 GMT+0530 (India Standard Time),98.8758,7.5303
IN2820230067,07.45 PN SGS 2034,7.45,Wed Jun 28 2034 05:30:00 GMT+0530 (India Standard Time),99.5163,7.5303
IN4520220026,07.93 TS SDL 2034,7.93,Thu Jun 29 2034 05:30:00 GMT+0530 (India Standard Time),102.3135,7.5303
IN1020220241,07.94 AP SDL 2034,7.94,Thu Jun 29 2034 05:30:00 GMT+0530 (India Standard Time),102.3718,7.5303
IN1620220120,07.94 HR SDL 2034,7.94,Thu Jun 29 2034 05:30:00 GMT+0530 (India Standard Time),102.3718,7.5303
IN3420190024,07.34 WB SDL 2034,7.34,Mon Jul 03 2034 05:30:00 GMT+0530 (India Standard Time),98.8745,7.5303
IN3120240137,07.35 TN SGS 2034,7.35,Mon Jul 03 2034 05:30:00 GMT+0530 (India Standard Time),98.9329,7.5303
IN2820240157,07.38 PN SGS 2034,7.38,Mon Jul 03 2034 05:30:00 GMT+0530 (India Standard Time),99.1079,7.5303
IN2420240045,07.39 ML SGS 2034,7.39,Mon Jul 03 2034 05:30:00 GMT+0530 (India Standard Time),99.1662,7.5303
IN1020230299,07.46 AP SGS 2034,7.46,Wed Jul 05 2034 05:30:00 GMT+0530 (India Standard Time),99.5746,7.5303
IN2820230075,07.47 PN SGS 2034,7.47,Wed Jul 05 2034 05:30:00 GMT+0530 (India Standard Time),99.633,7.5303
IN2520210021,07.12 MZ SDL 2034,7.12,Fri Jul 07 2034 05:30:00 GMT+0530 (India Standard Time),97.5891,7.5303
IN2920240172,07.32 RJ SGS 2034,7.32,Mon Jul 10 2034 05:30:00 GMT+0530 (India Standard Time),98.7566,7.5303
IN4520220083,07.89 TS SDL 2034,7.89,Thu Jul 13 2034 05:30:00 GMT+0530 (India Standard Time),102.0901,7.5303
IN1620220146,07.90 HR SDL 2034,7.9,Thu Jul 13 2034 05:30:00 GMT+0530 (India Standard Time),102.1486,7.5303
IN3120260077,07.39 TN SGS 2034 15 JUL,7.39,Sat Jul 15 2034 05:30:00 GMT+0530 (India Standard Time),99.1654,7.5303
IN1520250102,06.80 GJ SGS 2034,6.8,Sun Jul 16 2034 05:30:00 GMT+0530 (India Standard Time),95.7117,7.5303
IN1020250248,06.88 AP SGS 2034,6.88,Sun Jul 16 2034 05:30:00 GMT+0530 (India Standard Time),96.18,7.5303
IN1720240051,07.35 HP SGS 2034,7.35,Tue Jul 18 2034 05:30:00 GMT+0530 (India Standard Time),98.9311,7.5303
IN2120260061,07.39 MP SGS 2034,7.39,Sat Jul 22 2034 05:30:00 GMT+0530 (India Standard Time),99.1653,7.5303
IN1020190147,7.13 AP SDL 2034,7.13,Mon Jul 24 2034 05:30:00 GMT+0530 (India Standard Time),97.64,7.5303
IN3120240160,07.34 TN SGS 2034,7.34,Mon Jul 24 2034 05:30:00 GMT+0530 (India Standard Time),98.8719,7.5303
IN1420240021,07.36 GA SGS 2034,7.36,Mon Jul 24 2034 05:30:00 GMT+0530 (India Standard Time),98.9893,7.5303
IN2920240198,07.36 RJ SGS 2034,7.36,Mon Jul 24 2034 05:30:00 GMT+0530 (India Standard Time),98.9893,7.5303
IN2820190048,07.18 PN SDL 2034,7.18,Mon Jul 31 2034 05:30:00 GMT+0530 (India Standard Time),97.9314,7.5303
IN1020190154,07.28 AP SDL 2034,7.28,Mon Jul 31 2034 05:30:00 GMT+0530 (India Standard Time),98.519,7.5303
IN1620190059,07.29 HR SDL 2034,7.29,Mon Jul 31 2034 05:30:00 GMT+0530 (India Standard Time),98.5778,7.5303
IN3420190040,07.29 WB SDL 2034,7.29,Mon Jul 31 2034 05:30:00 GMT+0530 (India Standard Time),98.5778,7.5303
IN2220240062,07.27 MH SGS 2034,7.27,Mon Jul 31 2034 05:30:00 GMT+0530 (India Standard Time),98.4602,7.5303
IN2920240206,07.29 RJ SGS 2034,7.29,Mon Jul 31 2034 05:30:00 GMT+0530 (India Standard Time),98.5778,7.5303
IN2920230140,07.49 RJ SGS 2034,7.49,Wed Aug 02 2034 05:30:00 GMT+0530 (India Standard Time),99.7532,7.5303
IN1020220373,07.72 AP SDL 2034,7.72,Thu Aug 03 2034 05:30:00 GMT+0530 (India Standard Time),101.1058,7.5303
IN1020250271,06.96 AP SGS 2034,6.96,Sun Aug 06 2034 05:30:00 GMT+0530 (India Standard Time),96.635,7.5303
IN2220240104,07.22 MH SGS 2034,7.22,Mon Aug 07 2034 05:30:00 GMT+0530 (India Standard Time),98.1649,7.5303
IN3120240202,07.23 TN SGS 2034,7.23,Mon Aug 07 2034 05:30:00 GMT+0530 (India Standard Time),98.2237,7.5303
IN4520210126,07.09 TS SDL 2034,7.09,Fri Aug 11 2034 05:30:00 GMT+0530 (India Standard Time),97.398,7.5303
IN3120240210,07.21 TN SGS 2034,7.21,Mon Aug 14 2034 05:30:00 GMT+0530 (India Standard Time),98.1045,7.5303
IN1920240257,07.13 KA SGS 2034,7.13,Sun Aug 20 2034 05:30:00 GMT+0530 (India Standard Time),97.6309,7.5303
IN3120240228,07.19 TN SGS 2034,7.19,Mon Aug 21 2034 05:30:00 GMT+0530 (India Standard Time),97.9851,7.5303
IN3320230060,07.49 UP SGS 2034,7.49,Wed Aug 23 2034 05:30:00 GMT+0530 (India Standard Time),99.7581,7.5303
IN1920250231,07.38 KA SGS 2034,7.38,Fri Aug 25 2034 05:30:00 GMT+0530 (India Standard Time),99.0748,7.5359
IN3420190065,07.18 WB SDL 2034,7.18,Mon Aug 28 2034 05:30:00 GMT+0530 (India Standard Time),97.9246,7.5303
IN2220240187,07.20 MH SGS 2034,7.2,Mon Aug 28 2034 05:30:00 GMT+0530 (India Standard Time),98.043,7.5303
IN2920240248,07.22 RJ SGS 2034,7.22,Mon Aug 28 2034 05:30:00 GMT+0530 (India Standard Time),98.1613,7.5303
IN1420240039,07.23 GA SGS 2034,7.23,Mon Aug 28 2034 05:30:00 GMT+0530 (India Standard Time),98.2205,7.5303
IN1520250128,07.25 GJ SGS 2034,7.25,Mon Aug 28 2034 05:30:00 GMT+0530 (India Standard Time),98.3389,7.5303
IN2020220041,07.67 KL SGS 2034,7.67,Wed Aug 30 2034 05:30:00 GMT+0530 (India Standard Time),100.8261,7.5303
IN1020230414,07.45 AP SGS 2034,7.45,Wed Aug 30 2034 05:30:00 GMT+0530 (India Standard Time),99.5232,7.5303
IN2020210125,07.04 KL SDL 2034,7.04,Fri Sep 01 2034 05:30:00 GMT+0530 (India Standard Time),97.0947,7.5303
IN3120250250,07.31 TN SGS 2034,7.31,Sun Sep 03 2034 05:30:00 GMT+0530 (India Standard Time),98.6942,7.5303
IN1020250297,07.48 AP SGS 2034,7.48,Sun Sep 03 2034 05:30:00 GMT+0530 (India Standard Time),99.7018,7.5303
IN1020240488,07.23 AP SGS 2034,7.23,Mon Sep 04 2034 05:30:00 GMT+0530 (India Standard Time),98.22,7.5303
IN2920240271,07.24 RJ SGS 2034,7.24,Mon Sep 04 2034 05:30:00 GMT+0530 (India Standard Time),98.2792,7.5303
IN2420240052,07.25 ML SGS 2034,7.25,Mon Sep 04 2034 05:30:00 GMT+0530 (India Standard Time),98.3385,7.5303
IN1920250272,07.38 KA SGS 2034 04 SEP,7.38,Mon Sep 04 2034 05:30:00 GMT+0530 (India Standard Time),99.418,7.478
IN2820230133,07.45 PN SGS 2034 06 SEP,7.45,Wed Sep 06 2034 05:30:00 GMT+0530 (India Standard Time),99.5232,7.5303
IN2520210039,07.00 MZ SDL 2034,7,Fri Sep 08 2034 05:30:00 GMT+0530 (India Standard Time),96.8518,7.5303
IN1920200228,06.77 KA SDL 2034,6.77,Sat Sep 09 2034 05:30:00 GMT+0530 (India Standard Time),95.4855,7.5303
IN2220250301,07.24 MH SGS 2034,7.24,Sun Sep 10 2034 05:30:00 GMT+0530 (India Standard Time),98.2744,7.5303
IN1320250104,07.45 BR SGS 2034,7.45,Sun Sep 10 2034 05:30:00 GMT+0530 (India Standard Time),99.5212,7.5303
IN2220230121,07.47 MH SGS 2034,7.47,Wed Sep 13 2034 05:30:00 GMT+0530 (India Standard Time),99.6387,7.5303
IN2820230141,07.48 PN SGS 2034,7.48,Wed Sep 13 2034 05:30:00 GMT+0530 (India Standard Time),99.6981,7.5303
IN1720220079,07.49 HP SGS 2034,7.49,Thu Sep 14 2034 05:30:00 GMT+0530 (India Standard Time),99.7571,7.5303
IN2220210255,06.91 MH SDL 2034,6.91,Fri Sep 15 2034 05:30:00 GMT+0530 (India Standard Time),96.3089,7.5303
IN3720250015,07.33 JH SGS 2034,7.33,Sun Sep 17 2034 05:30:00 GMT+0530 (India Standard Time),98.8043,7.5303
IN3420190081,07.29 WB SDL 2034SEP,7.29,Mon Sep 18 2034 05:30:00 GMT+0530 (India Standard Time),98.5657,7.5303
IN1020190220,07.30 AP SDL 2034,7.3,Mon Sep 18 2034 05:30:00 GMT+0530 (India Standard Time),98.6252,7.5303
IN3120240293,07.10 TN SGS 2034,7.1,Tue Sep 19 2034 05:30:00 GMT+0530 (India Standard Time),97.4345,7.5303
IN1220240080,07.13 AS SGS 2034,7.13,Tue Sep 19 2034 05:30:00 GMT+0530 (India Standard Time),97.613,7.5303
IN3520240117,07.16 CG SGS 2034,7.16,Tue Sep 19 2034 05:30:00 GMT+0530 (India Standard Time),97.7915,7.5303
IN4920220048,07.57 JK SGS 2034,7.57,Thu Sep 21 2034 05:30:00 GMT+0530 (India Standard Time),100.2306,7.5303
IN3120190084,07.30 TN SDL 2034,7.3,Mon Sep 25 2034 05:30:00 GMT+0530 (India Standard Time),98.6207,7.5303
IN2920240289,07.10 RJ SGS 2034,7.1,Mon Sep 25 2034 05:30:00 GMT+0530 (India Standard Time),97.4289,7.5303
IN1420240054,07.12 GA SGS 2034,7.12,Mon Sep 25 2034 05:30:00 GMT+0530 (India Standard Time),97.548,7.5303
IN1520250391,07.45 GJ SGS 2034,7.45,Mon Sep 25 2034 05:30:00 GMT+0530 (India Standard Time),99.5145,7.5303
IN1020220522,07.71 AP SGS 2034,7.71,Thu Sep 28 2034 05:30:00 GMT+0530 (India Standard Time),101.0638,7.5303
IN2020240171,07.10 KL SGS 2034,7.1,Tue Oct 03 2034 05:30:00 GMT+0530 (India Standard Time),97.4216,7.5303
IN2420240060,07.12 ML SGS 2034,7.12,Tue Oct 03 2034 05:30:00 GMT+0530 (India Standard Time),97.541,7.5303
IN4520220190,07.84 TS SGS 2034,7.84,Wed Oct 04 2034 05:30:00 GMT+0530 (India Standard Time),101.8402,7.5303
IN1020230489,07.60 AP SGS 2034,7.6,Wed Oct 04 2034 05:30:00 GMT+0530 (India Standard Time),100.4068,7.5303
IN1020210317,07.04 AP SDL 2034,7.04,Fri Oct 06 2034 05:30:00 GMT+0530 (India Standard Time),97.0604,7.5303
IN2520210047,07.06 MZ SDL 2034,7.06,Fri Oct 06 2034 05:30:00 GMT+0530 (India Standard Time),97.1799,7.5303
IN1920200301,07.08 KA SDL 2034,7.08,Sat Oct 07 2034 05:30:00 GMT+0530 (India Standard Time),97.2985,7.5303
IN3120240301,07.12 TN SGS 2034,7.12,Mon Oct 09 2034 05:30:00 GMT+0530 (India Standard Time),97.5359,7.5303
IN1220240114,07.13 AS SGS 2034 09 OCT,7.13,Mon Oct 09 2034 05:30:00 GMT+0530 (India Standard Time),97.5957,7.5303
IN3020240013,07.14 SK SGS 2034,7.14,Mon Oct 09 2034 05:30:00 GMT+0530 (India Standard Time),97.6555,7.5303
IN3320230086,07.70 UP SGS 2034,7.7,Wed Oct 11 2034 05:30:00 GMT+0530 (India Standard Time),101.0041,7.5303
IN1520250169,07.07 GJ SGS 2034 15 OCT,7.07,Sun Oct 15 2034 05:30:00 GMT+0530 (India Standard Time),97.2315,7.5303
IN1720240093,07.08 HP SGS 2034,7.08,Mon Oct 16 2034 05:30:00 GMT+0530 (India Standard Time),97.2905,7.5303
IN1920240067,07.08 KA SGS 2034,7.08,Mon Oct 16 2034 05:30:00 GMT+0530 (India Standard Time),97.2905,7.5303
IN3820240031,07.09 PY SGS 2034,7.09,Mon Oct 16 2034 05:30:00 GMT+0530 (India Standard Time),97.3504,7.5303
IN3320230102,07.68 UP SGS 2034,7.68,Wed Oct 18 2034 05:30:00 GMT+0530 (India Standard Time),100.8845,7.5303
IN3320220046,07.81 UP SGS 2034,7.81,Thu Oct 19 2034 05:30:00 GMT+0530 (India Standard Time),101.6638,7.5303
IN1920210060,07.08 KA SDL 2034 20 OCT,7.08,Fri Oct 20 2034 05:30:00 GMT+0530 (India Standard Time),97.2871,7.5303
IN1420240070,07.12 GA SGS 2034 23 OCT,7.12,Mon Oct 23 2034 05:30:00 GMT+0530 (India Standard Time),97.5246,7.5303
IN2120230114,07.68 MP SGS 2034,7.68,Wed Oct 25 2034 05:30:00 GMT+0530 (India Standard Time),100.8848,7.5303
IN1920230035,07.70 KA SGS 2034,7.7,Wed Oct 25 2034 05:30:00 GMT+0530 (India Standard Time),101.0048,7.5303
IN3420190107,07.30 WB SDL 2034,7.3,Mon Oct 30 2034 05:30:00 GMT+0530 (India Standard Time),98.6011,7.5303
IN2920240339,07.13 RJ SGS 2034,7.13,Mon Oct 30 2034 05:30:00 GMT+0530 (India Standard Time),97.5793,7.5303
IN3120240327,07.13 TN SGS 2034,7.13,Mon Oct 30 2034 05:30:00 GMT+0530 (India Standard Time),97.5793,7.5303
IN1320240105,07.15 BR SGS 2034,7.15,Mon Oct 30 2034 05:30:00 GMT+0530 (India Standard Time),97.6995,7.5303
IN1020200466,06.79 AP SDL 2034,6.79,Sat Nov 04 2034 05:30:00 GMT+0530 (India Standard Time),95.5309,7.5303
IN3120240350,07.12 TN SGS 2034 06 NOV,7.12,Mon Nov 06 2034 05:30:00 GMT+0530 (India Standard Time),97.5148,7.5303
IN1320240113,07.13 BR SGS 2034,7.13,Mon Nov 06 2034 05:30:00 GMT+0530 (India Standard Time),97.575,7.5303
IN2220230147,07.70 MH SGS 2034,7.7,Wed Nov 08 2034 05:30:00 GMT+0530 (India Standard Time),100.7988,7.5645
IN3320230144,07.72 UP SGS 2034,7.72,Wed Nov 08 2034 05:30:00 GMT+0530 (India Standard Time),101.1267,7.5303
IN3720220018,07.86 JH SGS 2034,7.86,Thu Nov 09 2034 05:30:00 GMT+0530 (India Standard Time),101.9702,7.5303
IN1720220103,07.87 HP SGS 2034,7.87,Thu Nov 09 2034 05:30:00 GMT+0530 (India Standard Time),102.0304,7.5303
IN1920200400,06.75 KA SDL 2034,6.75,Sat Nov 11 2034 05:30:00 GMT+0530 (India Standard Time),95.2814,7.5303
IN2520200063,06.84 MZ SDL 2034,6.84,Sat Nov 11 2034 05:30:00 GMT+0530 (India Standard Time),95.8238,7.5303
IN2220230162,07.70 MH SGS 2034 15 NOV,7.7,Wed Nov 15 2034 05:30:00 GMT+0530 (India Standard Time),100.95,7.5397
IN3320230151,07.73 UP SGS 2034,7.73,Wed Nov 15 2034 05:30:00 GMT+0530 (India Standard Time),101.1883,7.5303
IN3420190123,07.26 WB SDL 2034,7.26,Mon Nov 20 2034 05:30:00 GMT+0530 (India Standard Time),98.3507,7.5303
IN3120240368,07.11 TN SGS 2034,7.11,Tue Nov 21 2034 05:30:00 GMT+0530 (India Standard Time),97.444,7.5303
IN1320240121,07.13 BR SGS 2034 21 NOV,7.13,Tue Nov 21 2034 05:30:00 GMT+0530 (India Standard Time),97.5648,7.5303
IN1420240088,07.13 GA SGS 2034,7.13,Tue Nov 21 2034 05:30:00 GMT+0530 (India Standard Time),97.5648,7.5303
IN3320230177,07.68 UP SGS 2034 22 NOV,7.68,Wed Nov 22 2034 05:30:00 GMT+0530 (India Standard Time),100.8878,7.5303
IN1620220286,07.70 HR SGS 2034,7.7,Thu Nov 23 2034 05:30:00 GMT+0530 (India Standard Time),101.0088,7.5303
IN3120250425,07.14 TN SGS 2034 26 NOV,7.14,Sun Nov 26 2034 05:30:00 GMT+0530 (India Standard Time),97.6221,7.5303
IN1020240603,07.14 AP SGS 2034,7.14,Mon Nov 27 2034 05:30:00 GMT+0530 (India Standard Time),97.6215,7.5303
IN3120240384,07.14 TN SGS 2034,7.14,Mon Nov 27 2034 05:30:00 GMT+0530 (India Standard Time),97.6215,7.5303
IN2920240354,07.16 RJ SGS 2034,7.16,Mon Nov 27 2034 05:30:00 GMT+0530 (India Standard Time),97.7425,7.5303
IN1320240139,07.18 BR SGS 2034,7.18,Mon Nov 27 2034 05:30:00 GMT+0530 (India Standard Time),97.8635,7.5303
IN1920230084,07.73 KA SGS 2034,7.73,Wed Nov 29 2034 05:30:00 GMT+0530 (India Standard Time),101.1918,7.5303
IN3320230201,07.75 UP SGS 2034,7.75,Wed Nov 29 2034 05:30:00 GMT+0530 (India Standard Time),101.3128,7.5303
IN1520250201,07.17 GJ SGS 2034,7.17,Sun Dec 03 2034 05:30:00 GMT+0530 (India Standard Time),97.7997,7.5303
IN2220250384,07.20 MH SGS 2034 03 DEC,7.2,Sun Dec 03 2034 05:30:00 GMT+0530 (India Standard Time),97.9815,7.5303
IN2120190078,07.21 MP SDL 2034,7.21,Mon Dec 04 2034 05:30:00 GMT+0530 (India Standard Time),98.0416,7.5303
IN2820240249,07.08 PN SGS 2034,7.08,Mon Dec 04 2034 05:30:00 GMT+0530 (India Standard Time),97.2537,7.5303
IN2920240370,07.08 RJ SGS 2034,7.08,Mon Dec 04 2034 05:30:00 GMT+0530 (India Standard Time),97.2537,7.5303
IN3120240418,07.08 TN SGS 2034,7.08,Mon Dec 04 2034 05:30:00 GMT+0530 (India Standard Time),97.2537,7.5303
IN1020240629,07.10 AP SGS 2034,7.1,Mon Dec 04 2034 05:30:00 GMT+0530 (India Standard Time),97.3749,7.5303
IN1720240119,07.11 HP SGS 2034,7.11,Mon Dec 04 2034 05:30:00 GMT+0530 (India Standard Time),97.4356,7.5303
IN1220240122,07.12 AS SGS 2034,7.12,Mon Dec 04 2034 05:30:00 GMT+0530 (India Standard Time),97.4962,7.5303
IN1320240147,07.13 BR SGS 2034,7.13,Mon Dec 04 2034 05:30:00 GMT+0530 (India Standard Time),97.5568,7.5303
IN2420250069,07.57 ML SGS 2034,7.57,Sun Dec 10 2034 05:30:00 GMT+0530 (India Standard Time),100.2239,7.5303
IN2820190097,07.30 PN SDL 2034,7.3,Mon Dec 11 2034 05:30:00 GMT+0530 (India Standard Time),98.5848,7.5303
IN3420190149,07.31 WB SDL 2034,7.31,Mon Dec 11 2034 05:30:00 GMT+0530 (India Standard Time),98.6455,7.5303
IN3120240426,07.10 TN SGS 2034 11 DEC,7.1,Mon Dec 11 2034 05:30:00 GMT+0530 (India Standard Time),97.3706,7.5303
IN1520250227,07.27 GJ SGS 2034,7.27,Sun Dec 17 2034 05:30:00 GMT+0530 (India Standard Time),98.4006,7.5303
IN2920240388,07.11 RJ SGS 2034,7.11,Mon Dec 18 2034 05:30:00 GMT+0530 (India Standard Time),97.4273,7.5303
IN1320240154,07.12 BR SGS 2034,7.12,Mon Dec 18 2034 05:30:00 GMT+0530 (India Standard Time),97.4881,7.5303
IN3320230227,07.62 UP SGS 2034,7.62,Wed Dec 20 2034 05:30:00 GMT+0530 (India Standard Time),100.5292,7.5303
IN1920220127,07.68 KA SGS 2034,7.68,Thu Dec 21 2034 05:30:00 GMT+0530 (India Standard Time),101.0801,7.5
IN2320220055,07.69 MN SGS 2034,7.69,Thu Dec 21 2034 05:30:00 GMT+0530 (India Standard Time),100.9554,7.5303
IN1920200525,06.63 KA SDL 2034,6.63,Sat Dec 23 2034 05:30:00 GMT+0530 (India Standard Time),94.5018,7.5303
IN3120250532,07.34 TN SGS 2034 24 DEC,7.34,Sun Dec 24 2034 05:30:00 GMT+0530 (India Standard Time),98.8247,7.5303
IN3120240467,07.11 TN SGS 2034 26 DEC,7.11,Tue Dec 26 2034 05:30:00 GMT+0530 (India Standard Time),97.4229,7.5303
IN1320240162,07.15 BR SGS 2034 26 DEC,7.15,Tue Dec 26 2034 05:30:00 GMT+0530 (India Standard Time),97.6666,7.5303
IN2620240027,07.15 NL SGS 2034,7.15,Tue Dec 26 2034 05:30:00 GMT+0530 (India Standard Time),97.6666,7.5303
IN1220240130,07.19 AS SGS 2034,7.19,Tue Dec 26 2034 05:30:00 GMT+0530 (India Standard Time),97.9104,7.5303
IN3320230243,07.65 UP SGS 2034,7.65,Wed Dec 27 2034 05:30:00 GMT+0530 (India Standard Time),100.7136,7.5303
IN1920220143,07.65 KA SGS 2034,7.65,Thu Dec 28 2034 05:30:00 GMT+0530 (India Standard Time),100.7139,7.5303
IN4520220281,07.66 TS SGS 2034,7.66,Thu Dec 28 2034 05:30:00 GMT+0530 (India Standard Time),100.7748,7.5303
IN1920210201,07.12 KA SDL 2034,7.12,Fri Dec 29 2034 05:30:00 GMT+0530 (India Standard Time),97.4823,7.5303
IN1020250404,07.37 AP SGS 2034,7.37,Sun Dec 31 2034 05:30:00 GMT+0530 (India Standard Time),99.0066,7.5303
IN2120190094,07.17 MP SDL 2035,7.17,Mon Jan 01 2035 05:30:00 GMT+0530 (India Standard Time),97.5697,7.5663
IN3420190164,07.18 WB SDL 2035,7.18,Mon Jan 01 2035 05:30:00 GMT+0530 (India Standard Time),97.6306,7.5663
IN1920230175,07.73 KA SGS 2035 03 JAN,7.73,Wed Jan 03 2035 05:30:00 GMT+0530 (India Standard Time),100.9822,7.5663
IN1920210235,07.22 KA SDL 2035,7.22,Fri Jan 05 2035 05:30:00 GMT+0530 (India Standard Time),97.8728,7.5663
IN3520250041,07.50 CG SGS 2035,7.5,Sun Jan 07 2035 05:30:00 GMT+0530 (India Standard Time),99.5804,7.5663
IN3120190258,07.19 TN SDL 2035,7.19,Mon Jan 08 2035 05:30:00 GMT+0530 (India Standard Time),97.6886,7.5663
IN1720190090,07.20 HP SDL 2035,7.2,Mon Jan 08 2035 05:30:00 GMT+0530 (India Standard Time),97.7496,7.5663
IN1220240148,07.15 AS SGS 2035,7.15,Mon Jan 08 2035 05:30:00 GMT+0530 (India Standard Time),97.4445,7.5663
IN1320240170,07.15 BR SGS 2035,7.15,Mon Jan 08 2035 05:30:00 GMT+0530 (India Standard Time),97.4445,7.5663
IN2220230170,07.72 MH SGS 2035,7.72,Wed Jan 10 2035 05:30:00 GMT+0530 (India Standard Time),100.9238,7.5663
IN2020230206,07.76 KL SGS 2035,7.76,Wed Jan 10 2035 05:30:00 GMT+0530 (India Standard Time),101.168,7.5663
IN4520210233,07.28 TS SDL 2035,7.28,Fri Jan 12 2035 05:30:00 GMT+0530 (India Standard Time),98.2368,7.5663
IN1920210268,07.31 KA SDL 2035,7.31,Fri Jan 12 2035 05:30:00 GMT+0530 (India Standard Time),98.42,7.5663
IN3820210067,07.31 PY SDL 2035,7.31,Fri Jan 12 2035 05:30:00 GMT+0530 (India Standard Time),98.42,7.5663
IN1020190436,07.24 AP SDL 2035,7.24,Mon Jan 15 2035 05:30:00 GMT+0530 (India Standard Time),97.9915,7.5663
IN1320240196,07.22 BR SGS 2035,7.22,Mon Jan 15 2035 05:30:00 GMT+0530 (India Standard Time),97.8692,7.5663
IN1520240145,07.22 GJ SGS 2035,7.22,Mon Jan 15 2035 05:30:00 GMT+0530 (India Standard Time),97.8692,7.5663
IN3120240491,07.22 TN SGS 2035,7.22,Mon Jan 15 2035 05:30:00 GMT+0530 (India Standard Time),97.8692,7.5663
IN3320220061,07.62 UP SGS 2035,7.62,Thu Jan 18 2035 05:30:00 GMT+0530 (India Standard Time),100.3153,7.5663
IN3620250073,07.51 UK SGS 2035,7.51,Sun Jan 21 2035 05:30:00 GMT+0530 (India Standard Time),99.6427,7.5663
IN1520240152,07.12 GJ SGS 2035,7.12,Mon Jan 22 2035 05:30:00 GMT+0530 (India Standard Time),97.2546,7.5663
IN3120240509,07.15 TN SGS 2035,7.15,Mon Jan 22 2035 05:30:00 GMT+0530 (India Standard Time),97.4383,7.5663
IN1020220639,07.69 AP SGS 2035,7.69,Thu Jan 25 2035 05:30:00 GMT+0530 (India Standard Time),100.7462,7.5663
IN3320220079,07.69 UP SGS 2035,7.69,Thu Jan 25 2035 05:30:00 GMT+0530 (India Standard Time),100.7462,7.5663
IN2320220063,07.70 MN SGS 2035,7.7,Thu Jan 25 2035 05:30:00 GMT+0530 (India Standard Time),100.8075,7.5663
IN1020250503,07.48 AP SGS 2035,7.48,Sun Jan 28 2035 05:30:00 GMT+0530 (India Standard Time),99.4596,7.5663
IN2920250387,07.52 RJ SGS 2035,7.52,Sun Jan 28 2035 05:30:00 GMT+0530 (India Standard Time),99.7049,7.5663
IN3420190180,07.15 WB SDL 2035,7.15,Mon Jan 29 2035 05:30:00 GMT+0530 (India Standard Time),97.4355,7.5663
IN1520240178,07.03 GJ SGS 2035,7.03,Mon Jan 29 2035 05:30:00 GMT+0530 (India Standard Time),96.6994,7.5663
IN2920240412,07.13 RJ SGS 2035,7.13,Mon Jan 29 2035 05:30:00 GMT+0530 (India Standard Time),97.3128,7.5663
IN2220230196,07.63 MH SGS 2035,7.63,Wed Jan 31 2035 05:30:00 GMT+0530 (India Standard Time),100.3802,7.5663
IN1020200565,06.89 AP SDL 2035,6.89,Sat Feb 03 2035 05:30:00 GMT+0530 (India Standard Time),95.8376,7.5663
IN1920250165,07.49 KA SGS 2035,7.49,Sun Feb 04 2035 05:30:00 GMT+0530 (India Standard Time),99.5799,7.5568
IN1020240702,07.08 AP SGS 2035,7.08,Mon Feb 05 2035 05:30:00 GMT+0530 (India Standard Time),97.0033,7.5663
IN2220230212,07.48 MH SGS 2035,7.48,Wed Feb 07 2035 05:30:00 GMT+0530 (India Standard Time),99.4608,7.5663
IN4520230413,07.49 TS SGS 2035,7.49,Wed Feb 07 2035 05:30:00 GMT+0530 (India Standard Time),99.5222,7.5663
IN1520220220,07.60 GJ SGS 2035,7.6,Thu Feb 08 2035 05:30:00 GMT+0530 (India Standard Time),100.4001,7.5336
IN4920220105,07.60 JK SGS 2035,7.6,Thu Feb 08 2035 05:30:00 GMT+0530 (India Standard Time),100.1986,7.5663
IN1920210359,07.44 KA SDL 2035,7.44,Fri Feb 09 2035 05:30:00 GMT+0530 (India Standard Time),99.2151,7.5663
IN3120240541,07.09 TN SGS 2035,7.09,Mon Feb 12 2035 05:30:00 GMT+0530 (India Standard Time),97.0617,7.5663
IN2520240101,07.16 MZ SGS 2035,7.16,Mon Feb 12 2035 05:30:00 GMT+0530 (India Standard Time),97.4924,7.5663
IN2320220071,07.62 MN SGS 2035,7.62,Thu Feb 15 2035 05:30:00 GMT+0530 (India Standard Time),100.3242,7.5663
IN3820220033,07.62 PY SGS 2035,7.62,Thu Feb 15 2035 05:30:00 GMT+0530 (India Standard Time),100.3242,7.5663
IN1720200154,07.05 HP SDL 2035,7.05,Sat Feb 17 2035 05:30:00 GMT+0530 (India Standard Time),96.8132,7.5663
IN2820190139,06.92 PN SDL 2035,6.92,Sun Feb 18 2035 05:30:00 GMT+0530 (India Standard Time),96.0116,7.5663
IN1220240171,07.15 AS SGS 2035 20 FEB,7.15,Tue Feb 20 2035 05:30:00 GMT+0530 (India Standard Time),97.4284,7.5663
IN2220230238,07.46 MH SGS 2035,7.46,Wed Feb 21 2035 05:30:00 GMT+0530 (India Standard Time),99.3398,7.5663
IN3720200051,07.20 JH SDL 2035,7.2,Sat Feb 24 2035 05:30:00 GMT+0530 (India Standard Time),97.7358,7.5663
IN2120190136,06.94 MP SDL 2035,6.94,Mon Feb 26 2035 05:30:00 GMT+0530 (India Standard Time),96.1301,7.5663
IN3420190206,06.95 WB SDL 2035,6.95,Mon Feb 26 2035 05:30:00 GMT+0530 (India Standard Time),96.1918,7.5663
IN2920240453,07.17 RJ SGS 2035,7.17,Tue Feb 27 2035 05:30:00 GMT+0530 (India Standard Time),97.5499,7.5663
IN3520240059,07.19 CG SGS 2035,7.19,Tue Feb 27 2035 05:30:00 GMT+0530 (India Standard Time),97.6735,7.5663
IN2720240075,07.19 OD SGS 2035,7.19,Tue Feb 27 2035 05:30:00 GMT+0530 (India Standard Time),97.6735,7.5663
IN3020240021,07.20 SK SGS 2035,7.2,Tue Feb 27 2035 05:30:00 GMT+0530 (India Standard Time),97.7352,7.5663
IN2220230253,07.43 MH SGS 2035,7.43,Wed Feb 28 2035 05:30:00 GMT+0530 (India Standard Time),99.1562,7.5663
IN2320220089,07.76 MN SGS 2035,7.76,Thu Mar 01 2035 05:30:00 GMT+0530 (India Standard Time),101.1964,7.5663
IN2120190151,07.12 MP SDL 2035,7.12,Sun Mar 04 2035 05:30:00 GMT+0530 (India Standard Time),97.2391,7.5663
IN2120250443,07.40 MP SGS 2035,7.4,Sun Mar 04 2035 05:30:00 GMT+0530 (India Standard Time),98.9713,7.5663
IN3120250771,07.40 TN SGS 2035,7.4,Sun Mar 04 2035 05:30:00 GMT+0530 (India Standard Time),98.9713,7.5663
IN1220250212,07.48 AS SGS 2035,7.48,Sun Mar 04 2035 05:30:00 GMT+0530 (India Standard Time),99.4662,7.5663
IN1520240277,07.21 GJ SGS 2035,7.21,Mon Mar 05 2035 05:30:00 GMT+0530 (India Standard Time),97.795,7.5663
IN1020240751,07.22 AP SGS 2035,7.22,Mon Mar 05 2035 05:30:00 GMT+0530 (India Standard Time),97.8568,7.5663
IN2920240479,07.22 RJ SGS 2035,7.22,Mon Mar 05 2035 05:30:00 GMT+0530 (India Standard Time),97.8568,7.5663
IN3520240075,07.27 CG SGS 2035,7.27,Mon Mar 05 2035 05:30:00 GMT+0530 (India Standard Time),98.1662,7.5663
IN1220240205,07.34 AS SGS 2035,7.34,Mon Mar 05 2035 05:30:00 GMT+0530 (India Standard Time),98.5994,7.5663
IN2220230279,07.40 MH SGS 2035,7.4,Tue Mar 06 2035 05:30:00 GMT+0530 (India Standard Time),98.97,7.5663
IN1620230392,07.42 HR SGS 2035,7.42,Tue Mar 06 2035 05:30:00 GMT+0530 (India Standard Time),99.0938,7.5663
IN1920230290,07.42 KA SGS 2035,7.42,Tue Mar 06 2035 05:30:00 GMT+0530 (India Standard Time),99.0938,7.5663
IN3320220129,07.75 UP SGS 2035,7.75,Thu Mar 08 2035 05:30:00 GMT+0530 (India Standard Time),101.136,7.5663
IN4920220113,07.77 JK SGS 2035,7.77,Thu Mar 08 2035 05:30:00 GMT+0530 (India Standard Time),101.2599,7.5663
IN1020190543,06.88 AP SDL 2035,6.88,Sun Mar 11 2035 05:30:00 GMT+0530 (India Standard Time),95.745,7.5663
IN2120190177,06.89 MP SDL 2035,6.89,Sun Mar 11 2035 05:30:00 GMT+0530 (India Standard Time),95.8069,7.5663
IN3420190222,06.98 WB SDL 2035,6.98,Sun Mar 11 2035 05:30:00 GMT+0530 (India Standard Time),96.3646,7.5663
IN3120240665,07.18 TN SGS 2035,7.18,Mon Mar 12 2035 05:30:00 GMT+0530 (India Standard Time),97.6029,7.5663
IN2920240487,07.19 RJ SGS 2035,7.19,Mon Mar 12 2035 05:30:00 GMT+0530 (India Standard Time),97.6649,7.5663
IN1720240135,07.26 HP SGS 2035,7.26,Mon Mar 12 2035 05:30:00 GMT+0530 (India Standard Time),98.0987,7.5663
IN2620240035,07.27 NL SGS 2035,7.27,Mon Mar 12 2035 05:30:00 GMT+0530 (India Standard Time),98.1607,7.5663
IN1620230400,07.38 HR SGS 2035,7.38,Tue Mar 13 2035 05:30:00 GMT+0530 (India Standard Time),98.8418,7.5663
IN1520220295,07.72 GJ SGS 2035,7.72,Thu Mar 15 2035 05:30:00 GMT+0530 (India Standard Time),101.0497,7.5502
IN4520210282,07.34 TS SDL 2035,7.34,Fri Mar 16 2035 05:30:00 GMT+0530 (India Standard Time),98.5919,7.5663
IN2120190193,07.29 MP SDL 2035,7.29,Sun Mar 18 2035 05:30:00 GMT+0530 (India Standard Time),98.2803,7.5663
IN2120250500,07.44 MP SGS 2035 18 MAR,7.44,Sun Mar 18 2035 05:30:00 GMT+0530 (India Standard Time),99.2112,7.5663
IN3120250847,07.46 TN SGS 2035,7.46,Sun Mar 18 2035 05:30:00 GMT+0530 (India Standard Time),99.3353,7.5663
IN2920240503,07.15 RJ SGS 2035,7.15,Mon Mar 19 2035 05:30:00 GMT+0530 (India Standard Time),97.4105,7.5663
IN1620230418,07.45 HR SGS 2035,7.45,Tue Mar 20 2035 05:30:00 GMT+0530 (India Standard Time),99.2723,7.5663
IN1920230340,07.45 KA SGS 2035,7.45,Tue Mar 20 2035 05:30:00 GMT+0530 (India Standard Time),99.2723,7.5663
IN3320220160,07.78 UP SGS 2035,7.78,Fri Mar 23 2035 05:30:00 GMT+0530 (India Standard Time),101.3211,7.5663
IN4920220121,07.79 JK SGS 2035,7.79,Fri Mar 23 2035 05:30:00 GMT+0530 (India Standard Time),101.3833,7.5663
IN4520190187,07.99 TS SDL 2035,7.99,Sat Mar 24 2035 05:30:00 GMT+0530 (India Standard Time),102.6262,7.5663
IN3420190248,07.99 WB SDL 2035,7.99,Sat Mar 24 2035 05:30:00 GMT+0530 (India Standard Time),102.6262,7.5663
IN3120250870,07.58 TN SGS 2035,7.58,Sun Mar 25 2035 05:30:00 GMT+0530 (India Standard Time),100.078,7.5663
IN3620250115,07.63 UK SGS 2035,7.63,Sun Mar 25 2035 05:30:00 GMT+0530 (India Standard Time),100.3888,7.5663
IN3820250071,07.70 PY SGS 2035,7.7,Sun Mar 25 2035 05:30:00 GMT+0530 (India Standard Time),100.8239,7.5663
IN2420250077,07.74 ML SGS 2035,7.74,Sun Mar 25 2035 05:30:00 GMT+0530 (India Standard Time),101.0725,7.5663
IN3120240772,07.01 TN SGS 2035,7.01,Mon Mar 26 2035 05:30:00 GMT+0530 (India Standard Time),96.5338,7.5663
IN2120240287,07.02 MP SGS 2035,7.02,Mon Mar 26 2035 05:30:00 GMT+0530 (India Standard Time),96.596,7.5663
IN1620240342,07.03 HR SGS 2035,7.03,Mon Mar 26 2035 05:30:00 GMT+0530 (India Standard Time),96.6582,7.5663
IN2720240208,07.05 OD SGS 2035,7.05,Mon Mar 26 2035 05:30:00 GMT+0530 (India Standard Time),96.7825,7.5663
IN2920240529,07.06 RJ SGS 2035,7.06,Mon Mar 26 2035 05:30:00 GMT+0530 (India Standard Time),96.8447,7.5663
IN1020240785,07.09 AP SGS 2035,7.09,Mon Mar 26 2035 05:30:00 GMT+0530 (India Standard Time),97.0312,7.5663
IN2620240043,07.10 NL SGS 2035,7.1,Mon Mar 26 2035 05:30:00 GMT+0530 (India Standard Time),97.0934,7.5663
IN3020240039,07.10 SK SGS 2035,7.1,Mon Mar 26 2035 05:30:00 GMT+0530 (India Standard Time),97.0934,7.5663
IN3520230324,07.49 CG SGS 2035,7.49,Tue Mar 27 2035 05:30:00 GMT+0530 (India Standard Time),99.5177,7.5663
IN1620230426,07.49 HR SGS 2035,7.49,Tue Mar 27 2035 05:30:00 GMT+0530 (India Standard Time),99.5177,7.5663
IN4920220139,07.80 JK SGS 2035,7.8,Thu Mar 29 2035 05:30:00 GMT+0530 (India Standard Time),101.4456,7.5663
IN3620250131,07.70 UK SGS 2035,7.7,Fri Mar 30 2035 05:30:00 GMT+0530 (India Standard Time),100.8234,7.5663
IN2020200324,06.82 KL SDL 2035,6.82,Sat Mar 31 2035 05:30:00 GMT+0530 (India Standard Time),95.3472,7.5663
IN1720250019,06.84 HP SGS 2035,6.84,Wed Apr 04 2035 05:30:00 GMT+0530 (India Standard Time),95.4665,7.5663
IN2420250010,06.88 ML SGS 2035,6.88,Wed Apr 04 2035 05:30:00 GMT+0530 (India Standard Time),95.7157,7.5663
IN2020200035,08.96 KL SDL 2035,8.96,Sun Apr 08 2035 05:30:00 GMT+0530 (India Standard Time),108.6778,7.5663
IN1020190014,08.18 AP SDL 2035,8.18,Tue Apr 10 2035 05:30:00 GMT+0530 (India Standard Time),103.8164,7.5663
IN3120250011,06.71 TN SGS 2035,6.71,Mon Apr 16 2035 05:30:00 GMT+0530 (India Standard Time),94.6395,7.5663
IN1320260020,07.69 BR SGS 2035,7.69,Sun Apr 29 2035 05:30:00 GMT+0530 (India Standard Time),100.76,7.5663
IN2920250015,06.70 RJ SGS 2035,6.7,Mon Apr 30 2035 05:30:00 GMT+0530 (India Standard Time),94.5575,7.5663
IN3620250016,06.74 UK SGS 2035,6.74,Mon Apr 30 2035 05:30:00 GMT+0530 (India Standard Time),94.8081,7.5663
IN2320230013,07.49 MN SGS 2035,7.49,Thu May 03 2035 05:30:00 GMT+0530 (India Standard Time),99.5062,7.5663
IN1020250081,06.71 AP SGS 2035,6.71,Mon May 07 2035 05:30:00 GMT+0530 (India Standard Time),94.6107,7.5663
IN1620220062,07.74 HR SDL 2035,7.74,Fri May 11 2035 05:30:00 GMT+0530 (India Standard Time),101.0746,7.5663
IN1520250045,06.69 GJ SGS 2035,6.69,Mon May 14 2035 05:30:00 GMT+0530 (India Standard Time),94.4758,7.5663
IN3120250045,06.71 TN SGS 2035 14 MAY,6.71,Mon May 14 2035 05:30:00 GMT+0530 (India Standard Time),94.6015,7.5663
IN1020210077,06.96 AP SDL 2035,6.96,Sat May 19 2035 05:30:00 GMT+0530 (India Standard Time),96.1681,7.5663
IN1220250048,06.63 AS SGS 2035,6.63,Mon May 21 2035 05:30:00 GMT+0530 (India Standard Time),94.0889,7.5663
IN1420250012,06.65 GA SGS 2035,6.65,Mon May 21 2035 05:30:00 GMT+0530 (India Standard Time),94.2148,7.5663
IN4920230013,07.37 JK SGS 2035,7.37,Thu May 24 2035 05:30:00 GMT+0530 (India Standard Time),98.7462,7.5663
IN2920220026,07.72 RJ SDL 2035,7.72,Fri May 25 2035 05:30:00 GMT+0530 (India Standard Time),100.9511,7.5663
IN3120250060,06.60 TN SGS 2035,6.6,Mon May 28 2035 05:30:00 GMT+0530 (India Standard Time),93.8902,7.5663
IN1020230174,07.38 AP SGS 2035,7.38,Thu May 31 2035 05:30:00 GMT+0530 (India Standard Time),98.8074,7.5663
IN2320230021,07.39 MN SGS 2035,7.39,Thu May 31 2035 05:30:00 GMT+0530 (India Standard Time),98.8705,7.5663
IN1420250038,06.63 GA SGS 2035,6.63,Mon Jun 04 2035 05:30:00 GMT+0530 (India Standard Time),94.0713,7.5663
IN2420250028,06.64 ML SGS 2035,6.64,Mon Jun 04 2035 05:30:00 GMT+0530 (India Standard Time),94.1344,7.5663
IN2920250072,06.64 RJ SGS 2035,6.64,Mon Jun 04 2035 05:30:00 GMT+0530 (India Standard Time),94.1344,7.5663
IN2820240108,07.48 PN SGS 2035,7.48,Tue Jun 05 2035 05:30:00 GMT+0530 (India Standard Time),99.4375,7.5663
IN4520220018,08.02 TS SDL 2035,8.02,Fri Jun 08 2035 05:30:00 GMT+0530 (India Standard Time),102.8495,7.5663
IN1020220175,08.03 AP SDL 2035,8.03,Fri Jun 08 2035 05:30:00 GMT+0530 (India Standard Time),102.9127,7.5663
IN3120250110,06.66 TN SGS 2035,6.66,Mon Jun 11 2035 05:30:00 GMT+0530 (India Standard Time),94.2517,7.5663
IN1020250180,06.68 AP SGS 2035,6.68,Mon Jun 11 2035 05:30:00 GMT+0530 (India Standard Time),94.3782,7.5663
IN1020230224,07.39 AP SGS 2035,7.39,Thu Jun 14 2035 05:30:00 GMT+0530 (India Standard Time),98.8672,7.5663
IN2920260089,07.57 RJ SGS 2035,7.57,Sun Jun 17 2035 05:30:00 GMT+0530 (India Standard Time),100.0063,7.5663
IN3620260049,07.62 UK SGS 2035,7.62,Sun Jun 17 2035 05:30:00 GMT+0530 (India Standard Time),100.3229,7.5663
IN2920250080,06.68 RJ SGS 2035,6.68,Mon Jun 18 2035 05:30:00 GMT+0530 (India Standard Time),94.3697,7.5663
IN4920230039,07.36 JK SGS 2035,7.36,Thu Jun 21 2035 05:30:00 GMT+0530 (India Standard Time),98.6757,7.5663
IN1520260093,07.43 GJ SGS 2035,7.43,Sun Jun 24 2035 05:30:00 GMT+0530 (India Standard Time),99.119,7.5663
IN2920250098,06.73 RJ SGS 2035,6.73,Mon Jun 25 2035 05:30:00 GMT+0530 (India Standard Time),94.6785,7.5663
IN3620250024,06.74 UK SGS 2035 25 JUN,6.74,Mon Jun 25 2035 05:30:00 GMT+0530 (India Standard Time),94.742,7.5663
IN1020240330,07.34 AP SGS 2035,7.34,Tue Jun 26 2035 05:30:00 GMT+0530 (India Standard Time),98.5478,7.5663
IN4520220034,07.93 TS SDL 2035,7.93,Fri Jun 29 2035 05:30:00 GMT+0530 (India Standard Time),102.2931,7.5663
IN1020250214,06.80 AP SGS 2035,6.8,Mon Jul 02 2035 05:30:00 GMT+0530 (India Standard Time),95.1156,7.5663
IN2920250114,06.80 RJ SGS 2035,6.8,Mon Jul 02 2035 05:30:00 GMT+0530 (India Standard Time),95.1156,7.5663
IN3120250151,06.80 TN SGS 2035,6.8,Mon Jul 02 2035 05:30:00 GMT+0530 (India Standard Time),95.1156,7.5663
IN1220250063,06.86 AS SGS 2035,6.86,Mon Jul 02 2035 05:30:00 GMT+0530 (India Standard Time),95.4968,7.5663
IN2520200030,06.57 MZ SDL 2035,6.57,Sun Jul 08 2035 05:30:00 GMT+0530 (India Standard Time),93.6466,7.5663
IN2120200117,06.58 MP SDL 2035,6.58,Sun Jul 08 2035 05:30:00 GMT+0530 (India Standard Time),93.7102,7.5663
IN3520260057,07.40 CG SGS 2035,7.4,Sun Jul 08 2035 05:30:00 GMT+0530 (India Standard Time),98.9912,7.5561
IN1320260046,07.42 BR SGS 2035,7.42,Sun Jul 08 2035 05:30:00 GMT+0530 (India Standard Time),99.0654,7.5645
IN1320250013,06.88 BR SGS 2035,6.88,Mon Jul 09 2035 05:30:00 GMT+0530 (India Standard Time),95.618,7.5663
IN1620230137,07.47 HR SGS 2035,7.47,Thu Jul 12 2035 05:30:00 GMT+0530 (India Standard Time),99.3725,7.5663
IN1020210192,07.12 AP SDL 2035,7.12,Sat Jul 14 2035 05:30:00 GMT+0530 (India Standard Time),97.1428,7.5663
IN2120200125,06.52 MP SDL 2035,6.52,Sun Jul 15 2035 05:30:00 GMT+0530 (India Standard Time),93.3191,7.5663
IN3420200062,06.54 WB SDL 2035,6.54,Sun Jul 15 2035 05:30:00 GMT+0530 (India Standard Time),93.4466,7.5663
IN1520260119,07.38 GJ SGS 2035 15 JUL,7.38,Sun Jul 15 2035 05:30:00 GMT+0530 (India Standard Time),98.9656,7.54
IN3120250169,06.82 TN SGS 2035,6.82,Mon Jul 16 2035 05:30:00 GMT+0530 (India Standard Time),95.2299,7.5663
IN1420250046,06.89 GA SGS 2035,6.89,Mon Jul 16 2035 05:30:00 GMT+0530 (India Standard Time),95.676,7.5663
IN1320250021,06.90 BR SGS 2035,6.9,Mon Jul 16 2035 05:30:00 GMT+0530 (India Standard Time),95.7397,7.5663
IN4520220091,07.95 TS SDL 2035,7.95,Fri Jul 20 2035 05:30:00 GMT+0530 (India Standard Time),102.238,7.5967
IN3420260041,07.58 WB SGS 2035,7.58,Sun Jul 22 2035 05:30:00 GMT+0530 (India Standard Time),99.9102,7.5921
IN2320230039,07.41 MN SGS 2035,7.41,Thu Jul 26 2035 05:30:00 GMT+0530 (India Standard Time),98.99,7.5663
IN1020230356,07.43 AP SGS 2035,7.43,Thu Jul 26 2035 05:30:00 GMT+0530 (India Standard Time),99.1178,7.5663
IN1920250140,07.48 KA SGS 2035,7.48,Sat Jul 28 2035 05:30:00 GMT+0530 (India Standard Time),99.4374,7.5663
IN2920250122,06.94 RJ SGS 2035,6.94,Mon Jul 30 2035 05:30:00 GMT+0530 (India Standard Time),95.985,7.5663
IN3620250032,06.97 UK SGS 2035,6.97,Mon Jul 30 2035 05:30:00 GMT+0530 (India Standard Time),96.1769,7.5663
IN2820240173,07.34 PN SGS 2035,7.34,Tue Jul 31 2035 05:30:00 GMT+0530 (India Standard Time),98.5425,7.5663
IN2020220025,07.85 KL SDL 2035,7.85,Fri Aug 03 2035 05:30:00 GMT+0530 (India Standard Time),101.8052,7.5663
IN2120200133,06.54 MP SDL 2035,6.54,Sun Aug 05 2035 05:30:00 GMT+0530 (India Standard Time),93.4215,7.5663
IN1020200268,06.55 AP SDL 2035,6.55,Sun Aug 05 2035 05:30:00 GMT+0530 (India Standard Time),93.4855,7.5663
IN1920240224,07.11 KA SGS 2035 05 AUG,7.11,Sun Aug 05 2035 05:30:00 GMT+0530 (India Standard Time),97.0699,7.5663
IN2420250036,07.00 ML SGS 2035,7,Mon Aug 06 2035 05:30:00 GMT+0530 (India Standard Time),96.3653,7.5663
IN1220250089,07.02 AS SGS 2035,7.02,Mon Aug 06 2035 05:30:00 GMT+0530 (India Standard Time),96.4933,7.5663
IN2120240014,07.26 MP SGS 2035,7.26,Tue Aug 07 2035 05:30:00 GMT+0530 (India Standard Time),98.0297,7.5663
IN1920250181,07.55 KA SGS 2035,7.55,Sat Aug 11 2035 05:30:00 GMT+0530 (India Standard Time),99.736,7.59
IN2120200141,06.61 MP SDL 2035,6.61,Sun Aug 12 2035 05:30:00 GMT+0530 (India Standard Time),93.8618,7.5663
IN3420200088,06.62 WB SDL 2035,6.62,Sun Aug 12 2035 05:30:00 GMT+0530 (India Standard Time),93.926,7.5663
IN1020260114,07.46 AP SGS 2035,7.46,Sun Aug 12 2035 05:30:00 GMT+0530 (India Standard Time),99.9001,7.4744
IN4520240255,07.26 TS SGS 2035,7.26,Tue Aug 14 2035 05:30:00 GMT+0530 (India Standard Time),98.0286,7.5663
IN3320230052,07.50 UP SGS 2035,7.5,Fri Aug 17 2035 05:30:00 GMT+0530 (India Standard Time),99.5686,7.5663
IN2320230047,07.51 MN SGS 2035,7.51,Fri Aug 17 2035 05:30:00 GMT+0530 (India Standard Time),99.6328,7.5663
IN2820230109,07.52 PN SGS 2035,7.52,Fri Aug 17 2035 05:30:00 GMT+0530 (India Standard Time),99.6969,7.5663
IN1020220423,07.72 AP SDL 2035,7.72,Sun Aug 19 2035 05:30:00 GMT+0530 (India Standard Time),100.9816,7.5663
IN3120250201,07.09 TN SGS 2035 20 AUG,7.09,Mon Aug 20 2035 05:30:00 GMT+0530 (India Standard Time),96.9361,7.5663
IN1420250061,07.17 GA SGS 2035 20 AUG,7.17,Mon Aug 20 2035 05:30:00 GMT+0530 (India Standard Time),97.4499,7.5663
IN2220240146,07.21 MH SGS 2035,7.21,Tue Aug 21 2035 05:30:00 GMT+0530 (India Standard Time),97.7066,7.5663
IN1620260019,07.56 HR SGS 2035,7.56,Mon Aug 27 2035 05:30:00 GMT+0530 (India Standard Time),99.9569,7.5663
IN1720250076,07.27 HP SGS 2035,7.27,Tue Aug 28 2035 05:30:00 GMT+0530 (India Standard Time),98.0914,7.5663
IN2920250163,07.49 RJ SGS 2035,7.49,Tue Aug 28 2035 05:30:00 GMT+0530 (India Standard Time),99.5069,7.5663
IN1620230160,07.45 HR SGS 2035,7.45,Thu Aug 30 2035 05:30:00 GMT+0530 (India Standard Time),99.2499,7.5663
IN1020210234,07.05 AP SDL 2035,7.05,Sat Sep 01 2035 05:30:00 GMT+0530 (India Standard Time),96.6748,7.5663
IN4520210134,07.05 TS SDL 2035,7.05,Sat Sep 01 2035 05:30:00 GMT+0530 (India Standard Time),96.6748,7.5663
IN1920200202,06.61 KA SDL 2035,6.61,Sun Sep 02 2035 05:30:00 GMT+0530 (India Standard Time),93.8409,7.5663
IN1020200334,06.68 AP SDL 2035,6.68,Sun Sep 02 2035 05:30:00 GMT+0530 (India Standard Time),94.2917,7.5663
IN1220250105,07.63 AS SGS 2035,7.63,Mon Sep 03 2035 05:30:00 GMT+0530 (India Standard Time),100.3074,7.5822
IN2420250044,07.69 ML SGS 2035,7.69,Mon Sep 03 2035 05:30:00 GMT+0530 (India Standard Time),100.7965,7.5663
IN2220240229,07.23 MH SGS 2035,7.23,Tue Sep 04 2035 05:30:00 GMT+0530 (India Standard Time),97.8334,7.5663
IN1420240047,07.25 GA SGS 2035,7.25,Tue Sep 04 2035 05:30:00 GMT+0530 (India Standard Time),97.9623,7.5663
IN1920240307,07.22 KA SGS 2035,7.22,Wed Sep 05 2035 05:30:00 GMT+0530 (India Standard Time),97.7681,7.5663
IN1620230178,07.44 HR SGS 2035,7.44,Thu Sep 06 2035 05:30:00 GMT+0530 (India Standard Time),99.1852,7.5663
IN2320230054,07.44 MN SGS 2035,7.44,Thu Sep 06 2035 05:30:00 GMT+0530 (India Standard Time),99.1852,7.5663
IN1420250095,07.39 GA SGS 2035,7.39,Mon Sep 17 2035 05:30:00 GMT+0530 (India Standard Time),98.8564,7.5663
IN3020250012,07.41 SK SGS 2035,7.41,Mon Sep 17 2035 05:30:00 GMT+0530 (India Standard Time),98.9856,7.5663
IN1520250375,07.38 GJ SGS 2035,7.38,Tue Sep 18 2035 05:30:00 GMT+0530 (India Standard Time),98.7912,7.5663
IN1020210275,06.86 AP SDL 2035,6.86,Sat Sep 22 2035 05:30:00 GMT+0530 (India Standard Time),95.4261,7.5663
IN2020210141,06.86 KL SDL 2035,6.86,Sat Sep 22 2035 05:30:00 GMT+0530 (India Standard Time),95.4261,7.5663
IN2120230056,07.44 MP SGS 2035,7.44,Sat Sep 22 2035 05:30:00 GMT+0530 (India Standard Time),99.1769,7.5663
IN1620230202,07.45 HR SGS 2035 22 SEP,7.45,Sat Sep 22 2035 05:30:00 GMT+0530 (India Standard Time),99.2416,7.5663
IN3120250300,07.26 TN SGS 2035,7.26,Mon Sep 24 2035 05:30:00 GMT+0530 (India Standard Time),98.0115,7.5663
IN2920250205,07.32 RJ SGS 2035,7.32,Mon Sep 24 2035 05:30:00 GMT+0530 (India Standard Time),98.3996,7.5663
IN1620230228,07.48 HR SGS 2035,7.48,Thu Sep 27 2035 05:30:00 GMT+0530 (India Standard Time),99.4335,7.5663
IN2820230158,07.49 PN SGS 2035,7.49,Thu Sep 27 2035 05:30:00 GMT+0530 (India Standard Time),99.4983,7.5663
IN2320230062,07.59 MN SGS 2035,7.59,Thu Sep 27 2035 05:30:00 GMT+0530 (India Standard Time),100.1456,7.5663
IN4920200081,06.96 JK SDL 2035,6.96,Sun Sep 30 2035 05:30:00 GMT+0530 (India Standard Time),96.0639,7.5663
IN3420200112,07.04 WB SDL 2035,7.04,Sun Sep 30 2035 05:30:00 GMT+0530 (India Standard Time),96.5821,7.5663
IN2520200048,07.05 MZ SDL 2035,7.05,Sun Sep 30 2035 05:30:00 GMT+0530 (India Standard Time),96.6469,7.5663
IN1420240062,07.12 GA SGS 2035,7.12,Wed Oct 03 2035 05:30:00 GMT+0530 (India Standard Time),97.0977,7.5663
IN1020220530,07.82 AP SGS 2035,7.82,Thu Oct 04 2035 05:30:00 GMT+0530 (India Standard Time),101.4334,7.5971
IN4520220208,07.83 TS SGS 2035,7.83,Thu Oct 04 2035 05:30:00 GMT+0530 (India Standard Time),101.6999,7.5663
IN2120230098,07.55 MP SGS 2035,7.55,Thu Oct 04 2035 05:30:00 GMT+0530 (India Standard Time),99.8846,7.5663
IN3320230078,07.56 UP SGS 2035,7.56,Thu Oct 04 2035 05:30:00 GMT+0530 (India Standard Time),99.9494,7.5663
IN1620230244,07.59 HR SGS 2035,7.59,Thu Oct 04 2035 05:30:00 GMT+0530 (India Standard Time),100.1439,7.5663
IN2820230166,07.67 PN SGS 2035,7.67,Thu Oct 04 2035 05:30:00 GMT+0530 (India Standard Time),100.6626,7.5663
IN2120240071,07.15 MP SGS 2035,7.15,Tue Oct 09 2035 05:30:00 GMT+0530 (India Standard Time),97.2873,7.5663
IN3320230094,07.69 UP SGS 2035 11 OCT,7.69,Thu Oct 11 2035 05:30:00 GMT+0530 (India Standard Time),100.7917,7.5663
IN1020160108,07.27 AP SDL 2035,7.27,Sat Oct 13 2035 05:30:00 GMT+0530 (India Standard Time),98.0635,7.5663
IN3420200138,06.99 WB SDL 2035,6.99,Sun Oct 14 2035 05:30:00 GMT+0530 (India Standard Time),96.2438,7.5663
IN1920240075,07.09 KA SGS 2035,7.09,Tue Oct 16 2035 05:30:00 GMT+0530 (India Standard Time),96.8918,7.5663
IN2920240321,07.09 RJ SGS 2035,7.09,Tue Oct 16 2035 05:30:00 GMT+0530 (India Standard Time),96.8918,7.5663
IN1620230251,07.66 HR SGS 2035,7.66,Thu Oct 18 2035 05:30:00 GMT+0530 (India Standard Time),100.5963,7.5663
IN1020200425,06.87 AP SDL 2035,6.87,Sun Oct 21 2035 05:30:00 GMT+0530 (India Standard Time),95.4562,7.5663
IN1920240083,07.10 KA SGS 2035,7.1,Tue Oct 23 2035 05:30:00 GMT+0530 (India Standard Time),96.951,7.5663
IN3120250342,07.14 TN SGS 2035,7.14,Tue Oct 23 2035 05:30:00 GMT+0530 (India Standard Time),97.2113,7.5663
IN3320250068,07.15 UP SGS 2035,7.15,Tue Oct 23 2035 05:30:00 GMT+0530 (India Standard Time),97.2764,7.5663
IN2920250247,07.23 RJ SGS 2035,7.23,Tue Oct 23 2035 05:30:00 GMT+0530 (India Standard Time),97.7972,7.5663
IN4520230298,07.72 TS SGS 2035,7.72,Thu Oct 25 2035 05:30:00 GMT+0530 (India Standard Time),100.9866,7.5663
IN2320230070,07.73 MN SGS 2035,7.73,Thu Oct 25 2035 05:30:00 GMT+0530 (India Standard Time),101.0517,7.5663
IN1620200114,06.72 HR SDL 2035,6.72,Sun Oct 28 2035 05:30:00 GMT+0530 (India Standard Time),94.471,7.5663
IN3020250020,07.23 SK SGS 2035,7.23,Mon Oct 29 2035 05:30:00 GMT+0530 (India Standard Time),97.7934,7.5663
IN1920230043,07.73 KA SGS 2035,7.73,Thu Nov 01 2035 05:30:00 GMT+0530 (India Standard Time),101.0521,7.5663
IN1620230269,07.75 HR SGS 2035,7.75,Thu Nov 01 2035 05:30:00 GMT+0530 (India Standard Time),101.1825,7.5663
IN1020210374,07.08 AP SDL 2035,7.08,Fri Nov 02 2035 05:30:00 GMT+0530 (India Standard Time),96.8134,7.5663
IN1920200384,06.75 KA SDL 2035,6.75,Sun Nov 04 2035 05:30:00 GMT+0530 (India Standard Time),94.6589,7.5663
IN2820200144,06.79 PN SDL 2035,6.79,Sun Nov 04 2035 05:30:00 GMT+0530 (India Standard Time),94.9199,7.5663
IN4920200107,06.80 JK SDL 2035,6.8,Sun Nov 04 2035 05:30:00 GMT+0530 (India Standard Time),94.9851,7.5663
IN3120250359,07.14 TN SGS 2035 06 NOV,7.14,Tue Nov 06 2035 05:30:00 GMT+0530 (India Standard Time),97.2019,7.5663
IN1620230277,07.72 HR SGS 2035,7.72,Thu Nov 08 2035 05:30:00 GMT+0530 (India Standard Time),100.9875,7.5663
IN1720220111,07.87 HP SGS 2035,7.87,Fri Nov 09 2035 05:30:00 GMT+0530 (India Standard Time),101.9672,7.5663
IN3320230169,07.73 UP SGS 2035,7.73,Thu Nov 15 2035 05:30:00 GMT+0530 (India Standard Time),101.0537,7.5663
IN3420200153,06.78 WB SDL 2035,6.78,Sun Nov 18 2035 05:30:00 GMT+0530 (India Standard Time),94.8382,7.5663
IN3220200031,06.81 TR SDL 2035,6.81,Sun Nov 18 2035 05:30:00 GMT+0530 (India Standard Time),95.0345,7.5663
IN2920250288,07.16 RJ SGS 2035,7.16,Mon Nov 19 2035 05:30:00 GMT+0530 (India Standard Time),97.324,7.5663
IN3120250409,07.16 TN SGS 2035,7.16,Mon Nov 19 2035 05:30:00 GMT+0530 (India Standard Time),97.324,7.5663
IN3320250118,07.18 UP SGS 2035,7.18,Mon Nov 19 2035 05:30:00 GMT+0530 (India Standard Time),97.4549,7.5663
IN3320230185,07.70 UP SGS 2035,7.7,Thu Nov 22 2035 05:30:00 GMT+0530 (India Standard Time),100.8584,7.5663
IN3520250025,07.19 CG SGS 2035 26 NOV,7.19,Mon Nov 26 2035 05:30:00 GMT+0530 (India Standard Time),97.5164,7.5663
IN3020250038,07.21 SK SGS 2035,7.21,Mon Nov 26 2035 05:30:00 GMT+0530 (India Standard Time),97.6475,7.5663
IN1420240096,07.17 GA SGS 2035,7.17,Tue Nov 27 2035 05:30:00 GMT+0530 (India Standard Time),97.3847,7.5663
IN4520230355,07.74 TS SGS 2035,7.74,Thu Nov 29 2035 05:30:00 GMT+0530 (India Standard Time),101.1217,7.5663
IN1620230301,07.75 HR SGS 2035 29 NOV,7.75,Thu Nov 29 2035 05:30:00 GMT+0530 (India Standard Time),101.1873,7.5663
IN2920230330,07.75 RJ SGS 2035,7.75,Thu Nov 29 2035 05:30:00 GMT+0530 (India Standard Time),101.1873,7.5663
IN1020230612,07.77 AP SGS 2035,7.77,Thu Nov 29 2035 05:30:00 GMT+0530 (India Standard Time),101.3185,7.5663
IN3120250466,07.20 TN SGS 2035,7.2,Mon Dec 03 2035 05:30:00 GMT+0530 (India Standard Time),97.5783,7.5663
IN2920250320,07.24 RJ SGS 2035,7.24,Mon Dec 03 2035 05:30:00 GMT+0530 (India Standard Time),97.8408,7.5663
IN1320250195,07.40 BR SGS 2035,7.4,Mon Dec 03 2035 05:30:00 GMT+0530 (India Standard Time),98.891,7.5663
IN2420250051,07.44 ML SGS 2035,7.44,Mon Dec 03 2035 05:30:00 GMT+0530 (India Standard Time),99.1535,7.5663
IN2820250149,07.49 PN SGS 2035 03 DEC,7.49,Mon Dec 03 2035 05:30:00 GMT+0530 (India Standard Time),99.4817,7.5663
IN2020240213,07.12 KL SGS 2035,7.12,Tue Dec 04 2035 05:30:00 GMT+0530 (India Standard Time),97.0526,7.5663
IN1920230100,07.72 KA SGS 2035,7.72,Thu Dec 06 2035 05:30:00 GMT+0530 (India Standard Time),100.992,7.5663
IN1020200490,06.68 AP SDL 2035 09 DEC,6.68,Sun Dec 09 2035 05:30:00 GMT+0530 (India Standard Time),94.158,7.5663
IN2220250400,07.29 MH SGS 2035,7.29,Mon Dec 10 2035 05:30:00 GMT+0530 (India Standard Time),98.1664,7.5663
IN1920230118,07.72 KA SGS 2035 13 DEC,7.72,Thu Dec 13 2035 05:30:00 GMT+0530 (India Standard Time),100.9936,7.5663
IN1920200509,06.65 KA SDL 2035,6.65,Sun Dec 16 2035 05:30:00 GMT+0530 (India Standard Time),93.9523,7.5663
IN3420200179,06.68 WB SDL 2035,6.68,Sun Dec 16 2035 05:30:00 GMT+0530 (India Standard Time),94.1497,7.5663
IN3120250508,07.23 TN SGS 2035,7.23,Mon Dec 17 2035 05:30:00 GMT+0530 (India Standard Time),97.7691,7.5663
IN1420250137,07.34 GA SGS 2035,7.34,Mon Dec 17 2035 05:30:00 GMT+0530 (India Standard Time),98.4932,7.5663
IN3820250055,07.56 PY SGS 2035,7.56,Mon Dec 17 2035 05:30:00 GMT+0530 (India Standard Time),99.9414,7.5663
IN1920240125,07.11 KA SGS 2035,7.11,Tue Dec 18 2035 05:30:00 GMT+0530 (India Standard Time),96.9786,7.5663
IN1720230086,07.65 HP SGS 2035,7.65,Thu Dec 20 2035 05:30:00 GMT+0530 (India Standard Time),100.5344,7.5663
IN2520220087,07.70 MZ SGS 2035,7.7,Fri Dec 21 2035 05:30:00 GMT+0530 (India Standard Time),100.864,7.5663
IN3120200321,06.63 TN SDL 2035,6.63,Sun Dec 23 2035 05:30:00 GMT+0530 (India Standard Time),93.8121,7.5663
IN1920250033,07.42 KA SGS 2035 24 DEC,7.42,Mon Dec 24 2035 05:30:00 GMT+0530 (India Standard Time),99.0189,7.5663
IN2920250338,07.54 RJ SGS 2035,7.54,Mon Dec 24 2035 05:30:00 GMT+0530 (India Standard Time),99.81,7.5663
IN3820240049,07.14 PY SGS 2035,7.14,Wed Dec 26 2035 05:30:00 GMT+0530 (India Standard Time),97.172,7.5663
IN1620230335,07.67 HR SGS 2035,7.67,Thu Dec 27 2035 05:30:00 GMT+0530 (India Standard Time),100.2597,7.628
IN4520220299,07.67 TS SGS 2035,7.67,Fri Dec 28 2035 05:30:00 GMT+0530 (India Standard Time),100.668,7.5663
IN1020210424,07.14 AP SDL 2035,7.14,Sat Dec 29 2035 05:30:00 GMT+0530 (India Standard Time),97.1706,7.5663
IN2020210174,07.14 KL SDL 2035,7.14,Sat Dec 29 2035 05:30:00 GMT+0530 (India Standard Time),97.1706,7.5663
IN3220200049,06.65 TR SDL 2035,6.65,Sun Dec 30 2035 05:30:00 GMT+0530 (India Standard Time),93.9358,7.5663
IN3120250565,07.42 TN SGS 2035,7.42,Mon Dec 31 2035 05:30:00 GMT+0530 (India Standard Time),99.0183,7.5663
IN1020250412,07.44 AP SGS 2035,7.44,Mon Dec 31 2035 05:30:00 GMT+0530 (India Standard Time),99.1503,7.5663
IN1020230687,07.74 AP SGS 2036 03 JAN,7.74,Thu Jan 03 2036 05:30:00 GMT+0530 (India Standard Time),100.8433,7.6097
IN4920200131,06.64 JK SDL 2036,6.64,Sun Jan 06 2036 05:30:00 GMT+0530 (India Standard Time),93.5877,7.6097
IN1020250446,07.53 AP SGS 2036 07 JAN,7.53,Mon Jan 07 2036 05:30:00 GMT+0530 (India Standard Time),99.4589,7.6097
IN1220250147,07.57 AS SGS 2036,7.57,Mon Jan 07 2036 05:30:00 GMT+0530 (India Standard Time),99.7229,7.6097
IN2220230188,07.73 MH SGS 2036,7.73,Thu Jan 10 2036 05:30:00 GMT+0530 (India Standard Time),100.7796,7.6097
IN1920230183,07.74 KA SGS 2036,7.74,Thu Jan 10 2036 05:30:00 GMT+0530 (India Standard Time),100.8456,7.6097
IN1620230343,07.77 HR SGS 2036,7.77,Thu Jan 10 2036 05:30:00 GMT+0530 (India Standard Time),101.0437,7.6097
IN3820230016,07.78 PY SGS 2036,7.78,Thu Jan 10 2036 05:30:00 GMT+0530 (India Standard Time),101.1097,7.6097
IN4520220307,07.63 TS SGS 2036,7.63,Fri Jan 11 2036 05:30:00 GMT+0530 (India Standard Time),100.1195,7.6097
IN3120250615,07.50 TN SGS 2036,7.5,Mon Jan 14 2036 05:30:00 GMT+0530 (India Standard Time),99.2611,7.6097
IN3520250066,07.54 CG SGS 2036,7.54,Mon Jan 14 2036 05:30:00 GMT+0530 (India Standard Time),99.5254,7.6097
IN1920240190,07.22 KA SGS 2036,7.22,Tue Jan 15 2036 05:30:00 GMT+0530 (India Standard Time),97.4105,7.6097
IN1920210276,07.35 KA SDL 2036,7.35,Sat Jan 19 2036 05:30:00 GMT+0530 (India Standard Time),98.269,7.6097
IN3420200211,06.61 WB SDL 2036,6.61,Sun Jan 20 2036 05:30:00 GMT+0530 (India Standard Time),93.3729,7.6097
IN2720250132,07.49 OD SGS 2036,7.49,Mon Jan 21 2036 05:30:00 GMT+0530 (India Standard Time),99.1952,7.6097
IN2720160109,07.27 OD SDL 2036,7.27,Fri Jan 25 2036 05:30:00 GMT+0530 (India Standard Time),97.7383,7.6097
IN1720220160,07.70 HP SGS 2036,7.7,Fri Jan 25 2036 05:30:00 GMT+0530 (India Standard Time),100.5862,7.6097
IN1520250268,07.47 GJ SGS 2036,7.47,Mon Jan 28 2036 05:30:00 GMT+0530 (India Standard Time),99.1815,7.5917
IN3120250664,07.50 TN SGS 2036 28 JAN,7.5,Mon Jan 28 2036 05:30:00 GMT+0530 (India Standard Time),99.2618,7.6097
IN1220250170,07.59 AS SGS 2036,7.59,Mon Jan 28 2036 05:30:00 GMT+0530 (India Standard Time),99.8583,7.6097
IN1020190451,07.15 AP SDL 2036,7.15,Tue Jan 29 2036 05:30:00 GMT+0530 (India Standard Time),96.9419,7.6097
IN2220230204,07.63 MH SGS 2036,7.63,Thu Jan 31 2036 05:30:00 GMT+0530 (India Standard Time),100.0903,7.6147
IN1620230350,07.66 HR SGS 2036,7.66,Thu Jan 31 2036 05:30:00 GMT+0530 (India Standard Time),100.3228,7.6097
IN2820230240,07.69 PN SGS 2036,7.69,Thu Jan 31 2036 05:30:00 GMT+0530 (India Standard Time),100.5217,7.6097
IN1020220654,07.71 AP SGS 2036,7.71,Fri Feb 01 2036 05:30:00 GMT+0530 (India Standard Time),100.6547,7.6097
IN3320220087,07.72 UP SGS 2036,7.72,Fri Feb 01 2036 05:30:00 GMT+0530 (India Standard Time),100.721,7.6097
IN3320250183,07.57 UP SGS 2036,7.57,Mon Feb 04 2036 05:30:00 GMT+0530 (India Standard Time),99.7269,7.6097
IN2220240401,07.12 MH SGS 2036 05 FEB,7.12,Tue Feb 05 2036 05:30:00 GMT+0530 (India Standard Time),96.7405,7.6097
IN1020230760,07.49 AP SGS 2036,7.49,Thu Feb 07 2036 05:30:00 GMT+0530 (India Standard Time),99.1964,7.6097
IN1620230368,07.49 HR SGS 2036,7.49,Thu Feb 07 2036 05:30:00 GMT+0530 (India Standard Time),99.1964,7.6097
IN2220230220,07.49 MH SGS 2036,7.49,Thu Feb 07 2036 05:30:00 GMT+0530 (India Standard Time),99.1964,7.6097
IN3320220095,07.64 UP SGS 2036,7.64,Fri Feb 08 2036 05:30:00 GMT+0530 (India Standard Time),100.1927,7.6097
IN4520210258,07.37 TS SDL 2036,7.37,Sat Feb 09 2036 05:30:00 GMT+0530 (India Standard Time),98.3995,7.6097
IN3420200245,06.97 WB SDL 2036,6.97,Sun Feb 10 2036 05:30:00 GMT+0530 (India Standard Time),95.7419,7.6097
IN3120250706,07.54 TN SGS 2036,7.54,Mon Feb 11 2036 05:30:00 GMT+0530 (India Standard Time),99.5933,7.6
IN1920250199,07.56 KA SGS 2036,7.56,Mon Feb 11 2036 05:30:00 GMT+0530 (India Standard Time),99.7262,7.6
IN3520250090,07.59 CG SGS 2036,7.59,Mon Feb 11 2036 05:30:00 GMT+0530 (India Standard Time),99.8614,7.6097
IN1620230376,07.47 HR SGS 2036,7.47,Thu Feb 14 2036 05:30:00 GMT+0530 (India Standard Time),99.0643,7.6097
IN2520220103,07.62 MZ SGS 2036,7.62,Fri Feb 15 2036 05:30:00 GMT+0530 (India Standard Time),100.062,7.6097
IN1920210367,07.16 KA SDL 2036,7.16,Sat Feb 16 2036 05:30:00 GMT+0530 (India Standard Time),97.0023,7.6097
IN1720200162,07.02 HP SDL 2036,7.02,Sun Feb 17 2036 05:30:00 GMT+0530 (India Standard Time),96.0705,7.6097
IN2920200697,07.03 RJ SDL 2036,7.03,Sun Feb 17 2036 05:30:00 GMT+0530 (India Standard Time),96.1371,7.6097
IN2220230246,07.47 MH SGS 2036,7.47,Thu Feb 21 2036 05:30:00 GMT+0530 (India Standard Time),99.0652,7.6097
IN3220200056,07.34 TR SDL 2036,7.34,Sun Feb 24 2036 05:30:00 GMT+0530 (India Standard Time),98.1994,7.6097
IN1520250318,07.40 GJ SGS 2036,7.4,Mon Feb 25 2036 05:30:00 GMT+0530 (India Standard Time),98.5992,7.6097
IN3120250748,07.43 TN SGS 2036,7.43,Mon Feb 25 2036 05:30:00 GMT+0530 (India Standard Time),98.7992,7.6097
IN1920250249,07.44 KA SGS 2036,7.44,Mon Feb 25 2036 05:30:00 GMT+0530 (India Standard Time),98.9299,7.6
IN1420250145,07.50 GA SGS 2036,7.5,Mon Feb 25 2036 05:30:00 GMT+0530 (India Standard Time),99.2657,7.6097
IN2920250403,07.52 RJ SGS 2036,7.52,Mon Feb 25 2036 05:30:00 GMT+0530 (India Standard Time),99.399,7.6097
IN3020250046,07.53 SK SGS 2036,7.53,Mon Feb 25 2036 05:30:00 GMT+0530 (India Standard Time),99.4656,7.6097
IN1020240736,07.20 AP SGS 2036,7.2,Wed Feb 27 2036 05:30:00 GMT+0530 (India Standard Time),97.2659,7.6097
IN2220230261,07.43 MH SGS 2036,7.43,Thu Feb 28 2036 05:30:00 GMT+0530 (India Standard Time),98.7995,7.6097
IN1620230384,07.44 HR SGS 2036,7.44,Thu Feb 28 2036 05:30:00 GMT+0530 (India Standard Time),98.8662,7.6097
IN4920200156,07.24 JK SDL 2036,7.24,Mon Mar 03 2036 05:30:00 GMT+0530 (India Standard Time),97.5317,7.6097
IN2920200747,07.24 RJ SDL 2036,7.24,Mon Mar 03 2036 05:30:00 GMT+0530 (India Standard Time),97.5317,7.6097
IN1920200624,07.29 KA SDL 2036,7.29,Mon Mar 03 2036 05:30:00 GMT+0530 (India Standard Time),97.8655,7.6097
IN1520250334,07.40 GJ SGS 2036 04 MAR,7.4,Tue Mar 04 2036 05:30:00 GMT+0530 (India Standard Time),98.6,7.6097
IN2720240117,07.22 OD SGS 2036,7.22,Wed Mar 05 2036 05:30:00 GMT+0530 (India Standard Time),97.3972,7.6097
IN1020240769,07.28 AP SGS 2036,7.28,Wed Mar 05 2036 05:30:00 GMT+0530 (India Standard Time),97.7979,7.6097
IN2220230287,07.40 MH SGS 2036,7.4,Thu Mar 06 2036 05:30:00 GMT+0530 (India Standard Time),98.9003,7.5642
IN1920230308,07.41 KA SGS 2036,7.41,Thu Mar 06 2036 05:30:00 GMT+0530 (India Standard Time),98.8098,7.5879
IN3720200069,07.28 JH SDL 2036,7.28,Mon Mar 10 2036 05:30:00 GMT+0530 (India Standard Time),97.7938,7.6097
IN3220200064,07.29 TR SDL 2036,7.29,Mon Mar 10 2036 05:30:00 GMT+0530 (India Standard Time),97.8607,7.6097
IN3120250813,07.41 TN SGS 2036,7.41,Tue Mar 11 2036 05:30:00 GMT+0530 (India Standard Time),98.6623,7.6097
IN3920250013,07.45 DL SGS 2036,7.45,Tue Mar 11 2036 05:30:00 GMT+0530 (India Standard Time),98.9297,7.6097
IN2120250476,07.45 MP SGS 2036,7.45,Tue Mar 11 2036 05:30:00 GMT+0530 (India Standard Time),98.9297,7.6097
IN3020250053,07.53 SK SGS 2036 11 MAR,7.53,Tue Mar 11 2036 05:30:00 GMT+0530 (India Standard Time),99.4646,7.6097
IN3320230292,07.38 UP SGS 2036,7.38,Thu Mar 13 2036 05:30:00 GMT+0530 (India Standard Time),98.4604,7.6097
IN1720230136,07.41 HP SGS 2036,7.41,Thu Mar 13 2036 05:30:00 GMT+0530 (India Standard Time),98.661,7.6097
IN3420200286,07.19 WB SDL 2036,7.19,Mon Mar 17 2036 05:30:00 GMT+0530 (India Standard Time),97.1859,7.6097
IN3720250049,07.49 JH SGS 2036,7.49,Tue Mar 18 2036 05:30:00 GMT+0530 (India Standard Time),99.1936,7.6097
IN2920250411,07.49 RJ SGS 2036,7.49,Tue Mar 18 2036 05:30:00 GMT+0530 (India Standard Time),99.1936,7.6097
IN3020250061,07.56 SK SGS 2036,7.56,Tue Mar 18 2036 05:30:00 GMT+0530 (India Standard Time),99.6623,7.6097
IN3320230318,07.48 UP SGS 2036,7.48,Thu Mar 20 2036 05:30:00 GMT+0530 (India Standard Time),99.1257,7.6097
IN2320230096,07.50 MN SGS 2036,7.5,Thu Mar 20 2036 05:30:00 GMT+0530 (India Standard Time),99.2596,7.6097
IN1520220329,07.73 GJ SGS 2036,7.73,Sun Mar 23 2036 05:30:00 GMT+0530 (India Standard Time),100.7996,7.6097
IN3320220178,07.78 UP SGS 2036,7.78,Sun Mar 23 2036 05:30:00 GMT+0530 (India Standard Time),101.1347,7.6097
IN3720200077,06.86 JH SDL 2036,6.86,Mon Mar 24 2036 05:30:00 GMT+0530 (India Standard Time),94.9679,7.6097
IN3120250888,07.55 TN SGS 2036,7.55,Tue Mar 25 2036 05:30:00 GMT+0530 (India Standard Time),99.5926,7.6097
IN2220250533,07.57 MH SGS 2036,7.57,Tue Mar 25 2036 05:30:00 GMT+0530 (India Standard Time),99.7267,7.6097
IN2920250437,07.65 RJ SGS 2036,7.65,Tue Mar 25 2036 05:30:00 GMT+0530 (India Standard Time),100.263,7.6097
IN2020250311,07.68 KL SGS 2036,7.68,Tue Mar 25 2036 05:30:00 GMT+0530 (India Standard Time),100.4641,7.6097
IN2820250206,07.80 PN SGS 2036,7.8,Tue Mar 25 2036 05:30:00 GMT+0530 (India Standard Time),101.2686,7.6097
IN3020250079,07.87 SK SGS 2036,7.87,Tue Mar 25 2036 05:30:00 GMT+0530 (India Standard Time),101.2794,7.6775
IN1020240793,07.07 AP SGS 2036,7.07,Wed Mar 26 2036 05:30:00 GMT+0530 (India Standard Time),96.3735,7.6097
IN1620180126,08.12 HR SDL 2036,8.12,Thu Mar 27 2036 05:30:00 GMT+0530 (India Standard Time),103.4148,7.6097
IN2020230271,07.49 KL SGS 2036,7.49,Thu Mar 27 2036 05:30:00 GMT+0530 (India Standard Time),99.1894,7.6097
IN3320230367,07.49 UP SGS 2036,7.49,Thu Mar 27 2036 05:30:00 GMT+0530 (India Standard Time),99.1894,7.6097
IN2320230104,07.50 MN SGS 2036 27 MAR,7.5,Thu Mar 27 2036 05:30:00 GMT+0530 (India Standard Time),99.2565,7.6097
IN4520210290,07.36 TS SDL 2036,7.36,Sun Mar 30 2036 05:30:00 GMT+0530 (India Standard Time),98.3157,7.6097
IN2820200243,06.82 PN SDL 2036,6.82,Mon Mar 31 2036 05:30:00 GMT+0530 (India Standard Time),94.6918,7.6097
IN3420200302,06.99 WB SDL 2036,6.99,Mon Mar 31 2036 05:30:00 GMT+0530 (India Standard Time),95.8327,7.6097
IN4520240016,07.44 TS SGS 2036,7.44,Thu Apr 03 2036 05:30:00 GMT+0530 (India Standard Time),98.851,7.6097
IN1720260018,07.81 HP SGS 2036,7.81,Tue Apr 08 2036 05:30:00 GMT+0530 (India Standard Time),101.3355,7.6097
IN2420260019,07.84 ML SGS 2036,7.84,Tue Apr 08 2036 05:30:00 GMT+0530 (India Standard Time),101.5371,7.6097
IN2820260015,07.91 PN SGS 2036,7.91,Tue Apr 08 2036 05:30:00 GMT+0530 (India Standard Time),102.3053,7.5661
IN1020190022,08.18 AP SDL 2036,8.18,Thu Apr 10 2036 05:30:00 GMT+0530 (India Standard Time),103.8233,7.6097
IN2920260030,07.64 RJ SGS 2036,7.64,Tue Apr 22 2036 05:30:00 GMT+0530 (India Standard Time),100.1904,7.6097
IN3520260032,07.68 CG SGS 2036,7.68,Tue Apr 29 2036 05:30:00 GMT+0530 (India Standard Time),100.4595,7.6097
IN3620260023,07.69 UK SGS 2036,7.69,Tue Apr 29 2036 05:30:00 GMT+0530 (India Standard Time),100.527,7.6097
IN3320260026,07.72 UP SGS 2036 29 APR,7.72,Tue Apr 29 2036 05:30:00 GMT+0530 (India Standard Time),100.7294,7.6097
IN1020240090,07.53 AP SGS 2036,7.53,Fri May 02 2036 05:30:00 GMT+0530 (India Standard Time),99.4464,7.6097
IN2820240066,07.53 PN SGS 2036,7.53,Fri May 02 2036 05:30:00 GMT+0530 (India Standard Time),99.4464,7.6097
IN1620210014,06.92 HR SDL 2036,6.92,Mon May 05 2036 05:30:00 GMT+0530 (India Standard Time),95.3243,7.6097
IN3120260028,07.73 TN SGS 2036,7.73,Tue May 06 2036 05:30:00 GMT+0530 (India Standard Time),100.7811,7.612
IN1020250099,06.79 AP SGS 2036,6.79,Wed May 07 2036 05:30:00 GMT+0530 (India Standard Time),94.4436,7.6097
IN4520240057,07.47 TS SGS 2036,7.47,Thu May 08 2036 05:30:00 GMT+0530 (India Standard Time),99.0394,7.6097
IN2420260027,07.77 ML SGS 2036,7.77,Tue May 13 2036 05:30:00 GMT+0530 (India Standard Time),101.0681,7.6097
IN1020210085,06.96 AP SDL 2036,6.96,Mon May 19 2036 05:30:00 GMT+0530 (India Standard Time),95.5814,7.6097
IN1520250052,06.64 GJ SGS 2036,6.64,Wed May 21 2036 05:30:00 GMT+0530 (India Standard Time),93.4108,7.6097
IN2320240012,07.43 MN SGS 2036,7.43,Thu May 22 2036 05:30:00 GMT+0530 (India Standard Time),98.7646,7.6097
IN1620250051,06.64 HR SGS 2036,6.64,Wed May 28 2036 05:30:00 GMT+0530 (India Standard Time),93.4016,7.6097
IN2020240031,07.36 KL SGS 2036,7.36,Thu May 29 2036 05:30:00 GMT+0530 (India Standard Time),98.2875,7.6097
IN2820240090,07.37 PN SGS 2036,7.37,Thu May 29 2036 05:30:00 GMT+0530 (India Standard Time),98.3554,7.6097
IN2520230011,07.43 MZ SGS 2036,7.43,Sat May 31 2036 05:30:00 GMT+0530 (India Standard Time),98.7624,7.6097
IN4920210031,07.04 JK SDL 2036,7.04,Mon Jun 02 2036 05:30:00 GMT+0530 (India Standard Time),96.1131,7.6097
IN1520260036,07.70 GJ SGS 2036,7.7,Tue Jun 03 2036 05:30:00 GMT+0530 (India Standard Time),100.5958,7.6097
IN3120260051,07.74 TN SGS 2036,7.74,Tue Jun 03 2036 05:30:00 GMT+0530 (India Standard Time),100.8065,7.6186
IN1020250123,06.82 AP SGS 2036,6.82,Wed Jun 04 2036 05:30:00 GMT+0530 (India Standard Time),94.2889,7.6597
IN1720240044,07.46 HP SGS 2036,7.46,Thu Jun 05 2036 05:30:00 GMT+0530 (India Standard Time),98.9651,7.6097
IN1020220183,08.07 AP SDL 2036,8.07,Sun Jun 08 2036 05:30:00 GMT+0530 (India Standard Time),103.1124,7.6097
IN1620210055,06.92 HR SDL 2036 16 JUN,6.92,Mon Jun 16 2036 05:30:00 GMT+0530 (India Standard Time),95.2857,7.6097
IN1220260021,07.66 AS SGS 2036,7.66,Tue Jun 17 2036 05:30:00 GMT+0530 (India Standard Time),100.3254,7.6097
IN4520240115,07.35 TS SGS 2036,7.35,Thu Jun 19 2036 05:30:00 GMT+0530 (India Standard Time),98.2133,7.6097
IN2920210175,07.04 RJ SDL 2036,7.04,Mon Jun 23 2036 05:30:00 GMT+0530 (India Standard Time),96.0982,7.6097
IN3420210038,07.06 WB SDL 2036,7.06,Mon Jun 23 2036 05:30:00 GMT+0530 (India Standard Time),96.2345,7.6097
IN2020210059,07.09 KL SDL 2036,7.09,Mon Jun 23 2036 05:30:00 GMT+0530 (India Standard Time),96.4391,7.6097
IN1020210150,07.13 AP SDL 2036,7.13,Mon Jun 23 2036 05:30:00 GMT+0530 (India Standard Time),96.7119,7.6097
IN3920260012,07.57 DL SGS 2036,7.57,Tue Jun 24 2036 05:30:00 GMT+0530 (India Standard Time),99.7125,7.6097
IN3120250136,06.82 TN SGS 2036,6.82,Wed Jun 25 2036 05:30:00 GMT+0530 (India Standard Time),94.596,7.6097
IN1620240078,07.33 HR SGS 2036,7.33,Thu Jun 26 2036 05:30:00 GMT+0530 (India Standard Time),98.075,7.6097
IN4520220042,07.94 TS SDL 2036,7.94,Sun Jun 29 2036 05:30:00 GMT+0530 (India Standard Time),102.2389,7.6097
IN1020240363,07.37 AP SGS 2036,7.37,Thu Jul 03 2036 05:30:00 GMT+0530 (India Standard Time),98.3465,7.6097
IN2320240020,07.39 MN SGS 2036,7.39,Thu Jul 03 2036 05:30:00 GMT+0530 (India Standard Time),98.4831,7.6097
IN1920250090,07.51 KA SGS 2036,7.51,Mon Jul 07 2036 05:30:00 GMT+0530 (India Standard Time),99.3031,7.6097
IN1620240086,07.32 HR SGS 2036,7.32,Thu Jul 10 2036 05:30:00 GMT+0530 (India Standard Time),98.0032,7.6097
IN1020210200,07.14 AP SDL 2036,7.14,Mon Jul 14 2036 05:30:00 GMT+0530 (India Standard Time),96.7698,7.6097
IN1020260098,07.51 AP SGS 2036,7.51,Tue Jul 15 2036 05:30:00 GMT+0530 (India Standard Time),99.3033,7.6097
IN1620240094,07.32 HR SGS 2036 18 JUL,7.32,Fri Jul 18 2036 05:30:00 GMT+0530 (India Standard Time),98.0015,7.6097
IN4520240164,07.32 TS SGS 2036,7.32,Fri Jul 18 2036 05:30:00 GMT+0530 (India Standard Time),98.0015,7.6097
IN2520220038,08.02 MZ SDL 2036,8.02,Sun Jul 20 2036 05:30:00 GMT+0530 (India Standard Time),102.7998,7.6097
IN1020220332,08.03 AP SDL 2036,8.03,Sun Jul 20 2036 05:30:00 GMT+0530 (India Standard Time),102.8684,7.6097
IN1220260039,07.56 AS SGS 2036,7.56,Tue Jul 22 2036 05:30:00 GMT+0530 (India Standard Time),99.6467,7.6097
IN1620240102,07.34 HR SGS 2036,7.34,Thu Jul 31 2036 05:30:00 GMT+0530 (India Standard Time),98.1369,7.6097
IN4520220109,07.84 TS SDL 2036,7.84,Sun Aug 03 2036 05:30:00 GMT+0530 (India Standard Time),101.5729,7.6097
IN2220210206,07.10 MH SDL 2036,7.1,Mon Aug 04 2036 05:30:00 GMT+0530 (India Standard Time),96.4867,7.6097
IN3120260093,07.49 TN SGS 2036,7.49,Tue Aug 05 2036 05:30:00 GMT+0530 (India Standard Time),99.3,7.5903
IN1620240110,07.26 HR SGS 2036,7.26,Thu Aug 07 2036 05:30:00 GMT+0530 (India Standard Time),97.5859,7.6097
IN1020220407,07.97 AP SDL 2036,7.97,Sun Aug 10 2036 05:30:00 GMT+0530 (India Standard Time),102.4716,7.6097
IN1420250053,07.12 GA SGS 2036,7.12,Wed Aug 13 2036 05:30:00 GMT+0530 (India Standard Time),96.6208,7.6097
IN2820230117,07.51 PN SGS 2036,7.51,Sun Aug 17 2036 05:30:00 GMT+0530 (India Standard Time),99.3071,7.6097
IN1920240265,07.16 KA SGS 2036,7.16,Wed Aug 20 2036 05:30:00 GMT+0530 (India Standard Time),96.8943,7.6097
IN1620240128,07.24 HR SGS 2036,7.24,Thu Aug 21 2036 05:30:00 GMT+0530 (India Standard Time),97.4457,7.6097
IN1020160074,07.62 AP SDL 2036,7.62,Sun Aug 24 2036 05:30:00 GMT+0530 (India Standard Time),100.0675,7.6097
IN1920250256,07.47 KA SGS 2036,7.47,Mon Aug 25 2036 05:30:00 GMT+0530 (India Standard Time),99.0754,7.6034
IN3120240582,07.18 TN SGS 2036,7.18,Wed Aug 27 2036 05:30:00 GMT+0530 (India Standard Time),97.0306,7.6097
IN1520260135,07.47 GJ SGS 2036 27 AUG,7.47,Wed Aug 27 2036 05:30:00 GMT+0530 (India Standard Time),99.0329,7.6097
IN1020240454,07.24 AP SGS 2036,7.24,Thu Aug 28 2036 05:30:00 GMT+0530 (India Standard Time),97.4447,7.6097
IN1620240144,07.24 HR SGS 2036 28 AUG,7.24,Thu Aug 28 2036 05:30:00 GMT+0530 (India Standard Time),97.4447,7.6097
IN2820240181,07.26 PN SGS 2036,7.26,Thu Aug 28 2036 05:30:00 GMT+0530 (India Standard Time),97.5828,7.6097
IN2320240038,07.27 MN SGS 2036,7.27,Thu Aug 28 2036 05:30:00 GMT+0530 (India Standard Time),97.6519,7.6097
IN4920210064,07.08 JK SDL 2036,7.08,Mon Sep 01 2036 05:30:00 GMT+0530 (India Standard Time),96.3387,7.6097
IN1020250305,07.62 AP SGS 2036,7.62,Wed Sep 03 2036 05:30:00 GMT+0530 (India Standard Time),100.071,7.6097
IN1620240151,07.25 HR SGS 2036,7.25,Thu Sep 04 2036 05:30:00 GMT+0530 (India Standard Time),97.5132,7.6097
IN2920230181,07.44 RJ SGS 2036,7.44,Sat Sep 06 2036 05:30:00 GMT+0530 (India Standard Time),98.8256,7.6097
IN4520210142,07.00 TS SDL 2036,7,Mon Sep 08 2036 05:30:00 GMT+0530 (India Standard Time),95.7801,7.6097
IN1020200359,06.85 AP SDL 2036,6.85,Tue Sep 09 2036 05:30:00 GMT+0530 (India Standard Time),94.7409,7.6097
IN1420250087,07.48 GA SGS 2036,7.48,Wed Sep 10 2036 05:30:00 GMT+0530 (India Standard Time),99.1001,7.6097
IN1320250112,07.52 BR SGS 2036,7.52,Wed Sep 10 2036 05:30:00 GMT+0530 (India Standard Time),99.0191,7.6617
IN1920250306,07.44 KA SGS 2036 11 SEP,7.44,Thu Sep 11 2036 05:30:00 GMT+0530 (India Standard Time),98.8227,7.6097
IN1720220087,07.50 HP SGS 2036,7.5,Sun Sep 14 2036 05:30:00 GMT+0530 (India Standard Time),99.2366,7.6097
IN1020210267,06.98 AP SDL 2036,6.98,Mon Sep 15 2036 05:30:00 GMT+0530 (India Standard Time),95.6337,7.6097
IN3420210137,06.98 WB SDL 2036,6.98,Mon Sep 15 2036 05:30:00 GMT+0530 (India Standard Time),95.6337,7.6097
IN2520250043,07.48 MZ SGS 2036,7.48,Wed Sep 17 2036 05:30:00 GMT+0530 (India Standard Time),99.0965,7.6097
IN3820250030,07.48 PY SGS 2036,7.48,Wed Sep 17 2036 05:30:00 GMT+0530 (India Standard Time),99.0965,7.6097
IN2220240278,07.12 MH SGS 2036,7.12,Fri Sep 19 2036 05:30:00 GMT+0530 (India Standard Time),96.5998,7.6097
IN1620240169,07.13 HR SGS 2036,7.13,Fri Sep 19 2036 05:30:00 GMT+0530 (India Standard Time),96.6691,7.6097
IN4520240313,07.13 TS SGS 2036,7.13,Fri Sep 19 2036 05:30:00 GMT+0530 (India Standard Time),96.6691,7.6097
IN2920210282,06.86 RJ SDL 2036,6.86,Mon Sep 22 2036 05:30:00 GMT+0530 (India Standard Time),94.7935,7.6097
IN1020230471,07.44 AP SGS 2036,7.44,Mon Sep 22 2036 05:30:00 GMT+0530 (India Standard Time),98.8166,7.6097
IN2220250319,07.27 MH SGS 2036,7.27,Wed Sep 24 2036 05:30:00 GMT+0530 (India Standard Time),97.636,7.6097
IN3420250133,07.42 WB SGS 2036,7.42,Wed Sep 24 2036 05:30:00 GMT+0530 (India Standard Time),98.6768,7.6097
IN2220240310,07.11 MH SGS 2036,7.11,Thu Sep 25 2036 05:30:00 GMT+0530 (India Standard Time),96.5248,7.6097
IN1620240177,07.12 HR SGS 2036,7.12,Thu Sep 25 2036 05:30:00 GMT+0530 (India Standard Time),96.5942,7.6097
IN2120240055,07.12 MP SGS 2036,7.12,Thu Sep 25 2036 05:30:00 GMT+0530 (India Standard Time),96.5942,7.6097
IN1920250348,07.62 KA SGS 2036,7.62,Thu Sep 25 2036 05:30:00 GMT+0530 (India Standard Time),100.182,7.5927
IN4920210072,06.98 JK SDL 2036,6.98,Mon Sep 29 2036 05:30:00 GMT+0530 (India Standard Time),95.6182,7.6097
IN2020210158,06.99 KL SDL 2036,6.99,Mon Sep 29 2036 05:30:00 GMT+0530 (India Standard Time),95.6877,7.6097
IN3220210014,06.99 TR SDL 2036,6.99,Mon Sep 29 2036 05:30:00 GMT+0530 (India Standard Time),95.6877,7.6097
IN3420210145,06.99 WB SDL 2036 29 SEP,6.99,Mon Sep 29 2036 05:30:00 GMT+0530 (India Standard Time),95.6877,7.6097
IN1420250103,07.37 GA SGS 2036,7.37,Wed Oct 01 2036 05:30:00 GMT+0530 (India Standard Time),98.3257,7.6097
IN1620240185,07.12 HR SGS 2036 03 OCT,7.12,Fri Oct 03 2036 05:30:00 GMT+0530 (India Standard Time),96.587,7.6097
IN4520220216,07.83 TS SGS 2036,7.83,Sat Oct 04 2036 05:30:00 GMT+0530 (India Standard Time),101.5217,7.6097
IN2020210166,07.05 KL SDL 2036,7.05,Mon Oct 06 2036 05:30:00 GMT+0530 (India Standard Time),96.0976,7.6097
IN3420210152,07.05 WB SDL 2036,7.05,Mon Oct 06 2036 05:30:00 GMT+0530 (India Standard Time),96.0976,7.6097
IN1020250354,07.27 AP SGS 2036,7.27,Wed Oct 08 2036 05:30:00 GMT+0530 (India Standard Time),97.6261,7.6097
IN2820230174,07.75 PN SGS 2036,7.75,Sat Oct 11 2036 05:30:00 GMT+0530 (India Standard Time),100.965,7.6097
IN1020210333,07.13 AP SDL 2036 13 OCT,7.13,Mon Oct 13 2036 05:30:00 GMT+0530 (India Standard Time),96.6481,7.6097
IN2220250343,07.20 MH SGS 2036,7.2,Thu Oct 23 2036 05:30:00 GMT+0530 (India Standard Time),97.1283,7.6097
IN1020230539,07.72 AP SGS 2036,7.72,Sat Oct 25 2036 05:30:00 GMT+0530 (India Standard Time),100.7554,7.6097
IN1020210358,07.02 AP SDL 2036,7.02,Mon Oct 27 2036 05:30:00 GMT+0530 (India Standard Time),95.8691,7.6097
IN4520220224,07.89 TS SGS 2036,7.89,Mon Oct 27 2036 05:30:00 GMT+0530 (India Standard Time),101.9419,7.6097
IN1920240091,07.15 KA SGS 2036,7.15,Thu Oct 30 2036 05:30:00 GMT+0530 (India Standard Time),96.817,7.6034
IN1920230050,07.73 KA SGS 2036,7.73,Sat Nov 01 2036 05:30:00 GMT+0530 (India Standard Time),100.8251,7.6097
IN1020230554,07.74 AP SGS 2036,7.74,Sat Nov 01 2036 05:30:00 GMT+0530 (India Standard Time),100.895,7.6097
IN1620240193,07.13 HR SGS 2036 06 NOV,7.13,Thu Nov 06 2036 05:30:00 GMT+0530 (India Standard Time),96.6302,7.6097
IN1420250129,07.25 GA SGS 2036,7.25,Thu Nov 06 2036 05:30:00 GMT+0530 (India Standard Time),97.4692,7.6097
IN4520230322,07.72 TS SGS 2036,7.72,Sat Nov 08 2036 05:30:00 GMT+0530 (India Standard Time),100.7553,7.6097
IN2920230306,07.75 RJ SGS 2036,7.75,Sat Nov 08 2036 05:30:00 GMT+0530 (India Standard Time),100.9651,7.6097
IN1720220129,07.85 HP SGS 2036,7.85,Sun Nov 09 2036 05:30:00 GMT+0530 (India Standard Time),101.6647,7.6097
IN2520220079,07.87 MZ SGS 2036,7.87,Sun Nov 09 2036 05:30:00 GMT+0530 (India Standard Time),101.8047,7.6097
IN3320250092,07.24 UP SGS 2036,7.24,Wed Nov 12 2036 05:30:00 GMT+0530 (India Standard Time),97.3959,7.6097
IN3120250417,07.20 TN SGS 2036,7.2,Wed Nov 19 2036 05:30:00 GMT+0530 (India Standard Time),97.1117,7.6097
IN1920230076,07.67 KA SGS 2036,7.67,Sat Nov 22 2036 05:30:00 GMT+0530 (India Standard Time),100.4055,7.6097
IN2920250312,07.24 RJ SGS 2036,7.24,Wed Nov 26 2036 05:30:00 GMT+0530 (India Standard Time),97.3884,7.6097
IN3320240036,07.19 UP SGS 2036,7.19,Thu Nov 27 2036 05:30:00 GMT+0530 (India Standard Time),97.037,7.6097
IN2820230190,07.79 PN SGS 2036,7.79,Sat Nov 29 2036 05:30:00 GMT+0530 (India Standard Time),101.2483,7.6097
IN1020250370,07.35 AP SGS 2036,7.35,Wed Dec 03 2036 05:30:00 GMT+0530 (India Standard Time),98.1578,7.6097
IN3320250126,07.36 UP SGS 2036,7.36,Wed Dec 03 2036 05:30:00 GMT+0530 (India Standard Time),98.2281,7.6097
IN2820240256,07.12 PN SGS 2036,7.12,Thu Dec 04 2036 05:30:00 GMT+0530 (India Standard Time),96.5413,7.6097
IN2820230216,07.77 PN SGS 2036,7.77,Sat Dec 06 2036 05:30:00 GMT+0530 (India Standard Time),101.1093,7.6097
IN4920210098,06.94 JK SDL 2036,6.94,Mon Dec 08 2036 05:30:00 GMT+0530 (India Standard Time),95.2731,7.6097
IN1920200483,06.68 KA SDL 2036,6.68,Tue Dec 09 2036 05:30:00 GMT+0530 (India Standard Time),93.4436,7.6097
IN1920230126,07.71 KA SGS 2036,7.71,Sat Dec 13 2036 05:30:00 GMT+0530 (India Standard Time),100.5449,7.63
IN3420210202,06.94 WB SDL 2036,6.94,Mon Dec 15 2036 05:30:00 GMT+0530 (India Standard Time),95.2674,7.6097
IN1720240127,07.12 HP SGS 2036,7.12,Thu Dec 18 2036 05:30:00 GMT+0530 (India Standard Time),96.533,7.6097
IN1920240133,07.12 KA SGS 2036,7.12,Thu Dec 18 2036 05:30:00 GMT+0530 (India Standard Time),96.533,7.6097
IN3420210210,07.05 WB SDL 2036 22 DEC,7.05,Mon Dec 22 2036 05:30:00 GMT+0530 (India Standard Time),96.0373,7.6097
IN2720250124,07.47 OD SGS 2036,7.47,Wed Dec 24 2036 05:30:00 GMT+0530 (India Standard Time),98.9981,7.6097
IN3120250540,07.47 TN SGS 2036,7.47,Wed Dec 24 2036 05:30:00 GMT+0530 (India Standard Time),98.9981,7.6097
IN2920250346,07.54 RJ SGS 2036,7.54,Wed Dec 24 2036 05:30:00 GMT+0530 (India Standard Time),99.4918,7.6097
IN3420210228,07.12 WB SDL 2036,7.12,Mon Dec 29 2036 05:30:00 GMT+0530 (India Standard Time),96.5271,7.6097
IN4920210114,07.14 JK SDL 2036,7.14,Mon Dec 29 2036 05:30:00 GMT+0530 (India Standard Time),96.6683,7.6097
IN2820210127,07.14 PN SDL 2036,7.14,Mon Dec 29 2036 05:30:00 GMT+0530 (India Standard Time),96.6683,7.6097
IN1020200508,06.65 AP SDL 2036,6.65,Tue Dec 30 2036 05:30:00 GMT+0530 (India Standard Time),93.2084,7.6097
IN1920250058,07.46 KA SGS 2036,7.46,Wed Dec 31 2036 05:30:00 GMT+0530 (India Standard Time),98.927,7.6097
IN2120250294,07.50 MP SGS 2036,7.5,Wed Dec 31 2036 05:30:00 GMT+0530 (India Standard Time),99.2094,7.6097
IN4520250635,07.52 TS SGS 2036,7.52,Wed Dec 31 2036 05:30:00 GMT+0530 (India Standard Time),99.3506,7.6097
IN3320240069,07.15 UP SGS 2037,7.15,Thu Jan 01 2037 05:30:00 GMT+0530 (India Standard Time),96.0622,7.7078
IN1020240652,07.17 AP SGS 2037,7.17,Thu Jan 01 2037 05:30:00 GMT+0530 (India Standard Time),96.2028,7.7078
IN2820230224,07.78 PN SGS 2037,7.78,Sat Jan 03 2037 05:30:00 GMT+0530 (India Standard Time),100.4913,7.7078
IN2820210143,07.19 PN SDL 2037,7.19,Mon Jan 05 2037 05:30:00 GMT+0530 (India Standard Time),96.3413,7.7078
IN3120250599,07.50 TN SGS 2037,7.5,Wed Jan 07 2037 05:30:00 GMT+0530 (India Standard Time),98.5218,7.7078
IN1920230191,07.72 KA SGS 2037,7.72,Sat Jan 10 2037 05:30:00 GMT+0530 (India Standard Time),100.0705,7.7078
IN4520220315,07.59 TS SGS 2037,7.59,Sun Jan 11 2037 05:30:00 GMT+0530 (India Standard Time),99.1552,7.7078
IN1020200540,06.63 AP SDL 2037,6.63,Tue Jan 13 2037 05:30:00 GMT+0530 (India Standard Time),92.3922,7.7078
IN3520250074,07.56 CG SGS 2037,7.56,Wed Jan 14 2037 05:30:00 GMT+0530 (India Standard Time),98.9439,7.7078
IN3420250281,07.59 WB SGS 2037,7.59,Wed Jan 14 2037 05:30:00 GMT+0530 (India Standard Time),99.1553,7.7078
IN2820240264,07.23 PN SGS 2037,7.23,Thu Jan 15 2037 05:30:00 GMT+0530 (India Standard Time),96.6183,7.7078
IN1920210284,07.33 KA SDL 2037,7.33,Mon Jan 19 2037 05:30:00 GMT+0530 (India Standard Time),97.3218,7.7078
IN1920200574,06.60 KA SDL 2037,6.6,Tue Jan 20 2037 05:30:00 GMT+0530 (India Standard Time),92.1724,7.7078
IN2120200232,06.61 MP SDL 2037,6.61,Tue Jan 20 2037 05:30:00 GMT+0530 (India Standard Time),92.2429,7.7078
IN1320240212,07.15 BR SGS 2037,7.15,Thu Jan 22 2037 05:30:00 GMT+0530 (India Standard Time),96.0509,7.7078
IN1020230737,07.68 AP SGS 2037,7.68,Sat Jan 24 2037 05:30:00 GMT+0530 (India Standard Time),99.7911,7.7078
IN3420210251,07.48 WB SDL 2037,7.48,Sun Jan 25 2037 05:30:00 GMT+0530 (India Standard Time),98.3793,7.7078
IN2520220095,07.69 MZ SGS 2037,7.69,Sun Jan 25 2037 05:30:00 GMT+0530 (India Standard Time),99.8619,7.7078
IN3120250672,07.53 TN SGS 2037,7.53,Wed Jan 28 2037 05:30:00 GMT+0530 (India Standard Time),98.7323,7.7078
IN1320240238,07.12 BR SGS 2037,7.12,Thu Jan 29 2037 05:30:00 GMT+0530 (India Standard Time),95.8356,7.7078
IN1020200573,06.87 AP SDL 2037,6.87,Tue Feb 03 2037 05:30:00 GMT+0530 (India Standard Time),94.0661,7.7078
IN2220250442,07.54 MH SGS 2037,7.54,Wed Feb 04 2037 05:30:00 GMT+0530 (India Standard Time),98.8032,7.7078
IN3320250191,07.60 UP SGS 2037,7.6,Wed Feb 04 2037 05:30:00 GMT+0530 (India Standard Time),99.2997,7.6976
IN2720240042,07.11 OD SGS 2037,7.11,Thu Feb 05 2037 05:30:00 GMT+0530 (India Standard Time),95.762,7.7078
IN1320240253,07.12 BR SGS 2037 05 FEB,7.12,Thu Feb 05 2037 05:30:00 GMT+0530 (India Standard Time),95.8327,7.7078
IN2220240419,07.13 MH SGS 2037,7.13,Thu Feb 05 2037 05:30:00 GMT+0530 (India Standard Time),95.9034,7.7078
IN3120250714,07.58 TN SGS 2037,7.58,Wed Feb 11 2037 05:30:00 GMT+0530 (India Standard Time),99.0869,7.7078
IN1320240279,07.14 BR SGS 2037,7.14,Thu Feb 12 2037 05:30:00 GMT+0530 (India Standard Time),95.9711,7.7078
IN1920210375,07.12 KA SDL 2037,7.12,Mon Feb 16 2037 05:30:00 GMT+0530 (India Standard Time),95.8277,7.7078
IN2820210150,07.12 PN SDL 2037,7.12,Mon Feb 16 2037 05:30:00 GMT+0530 (India Standard Time),95.8277,7.7078
IN1920250215,07.48 KA SGS 2037,7.48,Wed Feb 18 2037 05:30:00 GMT+0530 (India Standard Time),98.379,7.7078
IN1020250545,07.53 AP SGS 2037,7.53,Wed Feb 18 2037 05:30:00 GMT+0530 (India Standard Time),98.7335,7.7078
IN1520240244,07.12 GJ SGS 2037,7.12,Fri Feb 20 2037 05:30:00 GMT+0530 (India Standard Time),95.826,7.7078
IN2920240446,07.14 RJ SGS 2037,7.14,Fri Feb 20 2037 05:30:00 GMT+0530 (India Standard Time),95.9679,7.7078
IN1320240295,07.15 BR SGS 2037 20 FEB,7.15,Fri Feb 20 2037 05:30:00 GMT+0530 (India Standard Time),96.0388,7.7078
IN2120240154,07.16 MP SGS 2037,7.16,Fri Feb 20 2037 05:30:00 GMT+0530 (India Standard Time),96.1097,7.7078
IN3820230032,07.47 PY SGS 2037,7.47,Sat Feb 21 2037 05:30:00 GMT+0530 (India Standard Time),98.3083,7.7078
IN4520210266,07.13 TS SDL 2037,7.13,Mon Feb 23 2037 05:30:00 GMT+0530 (India Standard Time),95.8958,7.7078
IN1020200581,07.22 AP SDL 2037,7.22,Tue Feb 24 2037 05:30:00 GMT+0530 (India Standard Time),96.5341,7.7078
IN2220250483,07.48 MH SGS 2037,7.48,Wed Feb 25 2037 05:30:00 GMT+0530 (India Standard Time),98.3458,7.7126
IN2220240443,07.17 MH SGS 2037,7.17,Fri Feb 27 2037 05:30:00 GMT+0530 (India Standard Time),96.1783,7.7078
IN1320240311,07.24 BR SGS 2037,7.24,Fri Feb 27 2037 05:30:00 GMT+0530 (India Standard Time),96.6754,7.7078
IN4920210130,07.12 JK SDL 2037,7.12,Mon Mar 02 2037 05:30:00 GMT+0530 (India Standard Time),95.8214,7.7078
IN1920200632,07.29 KA SDL 2037,7.29,Tue Mar 03 2037 05:30:00 GMT+0530 (India Standard Time),97.0295,7.7078
IN3520240083,07.32 CG SGS 2037,7.32,Thu Mar 05 2037 05:30:00 GMT+0530 (India Standard Time),97.2418,7.7078
IN3720210035,07.28 JH SDL 2037,7.28,Mon Mar 09 2037 05:30:00 GMT+0530 (India Standard Time),96.9538,7.7078
IN1920200657,07.24 KA SDL 2037,7.24,Tue Mar 10 2037 05:30:00 GMT+0530 (India Standard Time),96.6682,7.7078
IN1520250359,07.41 GJ SGS 2037,7.41,Wed Mar 11 2037 05:30:00 GMT+0530 (India Standard Time),97.8773,7.7078
IN1920230324,07.37 KA SGS 2037,7.37,Fri Mar 13 2037 05:30:00 GMT+0530 (India Standard Time),97.5911,7.7078
IN4520160263,07.95 TS SDL 2037,7.95,Sun Mar 15 2037 05:30:00 GMT+0530 (India Standard Time),101.7208,7.7078
IN3320220152,07.74 UP SGS 2037,7.74,Sun Mar 15 2037 05:30:00 GMT+0530 (India Standard Time),100.225,7.7078
IN4920210148,07.39 JK SDL 2037,7.39,Mon Mar 16 2037 05:30:00 GMT+0530 (India Standard Time),97.7313,7.7078
IN1420250152,07.52 GA SGS 2037,7.52,Wed Mar 18 2037 05:30:00 GMT+0530 (India Standard Time),98.6563,7.7078
IN3320240135,07.15 UP SGS 2037 19 MAR,7.15,Thu Mar 19 2037 05:30:00 GMT+0530 (India Standard Time),96.0185,7.7078
IN1920230357,07.45 KA SGS 2037,7.45,Fri Mar 20 2037 05:30:00 GMT+0530 (India Standard Time),98.1561,7.7078
IN2220230295,07.45 MH SGS 2037,7.45,Fri Mar 20 2037 05:30:00 GMT+0530 (India Standard Time),98.1391,7.7102
IN2920230520,07.48 RJ SGS 2037,7.48,Fri Mar 20 2037 05:30:00 GMT+0530 (India Standard Time),98.37,7.7078
IN2220230329,07.42 MH SGS 2037,7.42,Sun Mar 22 2037 05:30:00 GMT+0530 (India Standard Time),97.9409,7.7078
IN1620210212,07.40 HR SDL 2037,7.4,Mon Mar 23 2037 05:30:00 GMT+0530 (India Standard Time),97.7976,7.7078
IN1620240359,07.04 HR SGS 2037,7.04,Thu Mar 26 2037 05:30:00 GMT+0530 (India Standard Time),95.2266,7.7078
IN1020240801,07.08 AP SGS 2037,7.08,Thu Mar 26 2037 05:30:00 GMT+0530 (India Standard Time),95.5121,7.7078
IN4520160370,07.66 TS SDL 2037,7.66,Sun Mar 29 2037 05:30:00 GMT+0530 (India Standard Time),99.6499,7.7078
IN3320210252,07.39 UP SDL 2037,7.39,Mon Mar 30 2037 05:30:00 GMT+0530 (India Standard Time),97.7215,7.7078
IN2020210224,07.40 KL SDL 2037,7.4,Mon Mar 30 2037 05:30:00 GMT+0530 (India Standard Time),97.7929,7.7078
IN2820240025,07.48 PN SGS 2037,7.48,Fri Apr 03 2037 05:30:00 GMT+0530 (India Standard Time),98.3625,7.7078
IN1020250032,06.84 AP SGS 2037,6.84,Sat Apr 04 2037 05:30:00 GMT+0530 (India Standard Time),93.7889,7.7078
IN1020190030,08.18 AP SDL 2037,8.18,Fri Apr 10 2037 05:30:00 GMT+0530 (India Standard Time),103.3656,7.7078
IN1620190018,08.18 HR SDL 2037,8.18,Fri Apr 10 2037 05:30:00 GMT+0530 (India Standard Time),103.3656,7.7078
IN4520170015,07.70 TS SDL 2037,7.7,Sun Apr 12 2037 05:30:00 GMT+0530 (India Standard Time),99.9319,7.7078
IN2020260021,07.81 KL SGS 2037,7.81,Wed Apr 15 2037 05:30:00 GMT+0530 (India Standard Time),100.7186,7.7078
IN4520260048,07.70 TS SGS 2037,7.7,Wed Apr 22 2037 05:30:00 GMT+0530 (India Standard Time),99.9748,7.7015
IN2220250012,06.76 MH SGS 2037,6.76,Thu Apr 23 2037 05:30:00 GMT+0530 (India Standard Time),93.1915,7.7078
IN2820240041,07.51 PN SGS 2037,7.51,Fri Apr 24 2037 05:30:00 GMT+0530 (India Standard Time),98.5671,7.7078
IN1020230067,07.47 AP SGS 2037,7.47,Sun Apr 26 2037 05:30:00 GMT+0530 (India Standard Time),98.2794,7.7078
IN2220250053,06.77 MH SGS 2037,6.77,Thu Apr 30 2037 05:30:00 GMT+0530 (India Standard Time),93.2541,7.7078
IN2920240024,07.52 RJ SGS 2037,7.52,Sat May 02 2037 05:30:00 GMT+0530 (India Standard Time),98.6357,7.7078
IN2820240074,07.53 PN SGS 2037,7.53,Sat May 02 2037 05:30:00 GMT+0530 (India Standard Time),98.7075,7.7078
IN1020220068,07.45 AP SDL 2037,7.45,Mon May 04 2037 05:30:00 GMT+0530 (India Standard Time),98.1323,7.7078
IN1020250107,06.74 AP SGS 2037,6.74,Thu May 07 2037 05:30:00 GMT+0530 (India Standard Time),93.0298,7.7078
IN2120250013,06.77 MP SGS 2037,6.77,Thu May 07 2037 05:30:00 GMT+0530 (India Standard Time),93.2453,7.7078
IN1020240124,07.47 AP SGS 2037 08 MAY,7.47,Fri May 08 2037 05:30:00 GMT+0530 (India Standard Time),98.2743,7.7078
IN4520170023,07.58 TS SDL 2037,7.58,Mon May 11 2037 05:30:00 GMT+0530 (India Standard Time),99.064,7.7078
IN2820220027,07.76 PN SDL 2037,7.76,Mon May 11 2037 05:30:00 GMT+0530 (India Standard Time),100.3581,7.7078
IN1020210051,06.94 AP SDL 2037,6.94,Tue May 12 2037 05:30:00 GMT+0530 (India Standard Time),94.4616,7.7078
IN1620190026,08.06 HR SDL 2037,8.06,Fri May 15 2037 05:30:00 GMT+0530 (India Standard Time),102.5163,7.7078
IN1520250060,06.65 GJ SGS 2037,6.65,Thu May 21 2037 05:30:00 GMT+0530 (India Standard Time),92.3641,7.7078
IN2720170017,07.53 OD SDL 2037,7.53,Sun May 24 2037 05:30:00 GMT+0530 (India Standard Time),98.7008,7.7078
IN2920240081,07.36 RJ SGS 2037,7.36,Fri May 29 2037 05:30:00 GMT+0530 (India Standard Time),97.4736,7.7078
IN2520230029,07.43 MZ SGS 2037,7.43,Sun May 31 2037 05:30:00 GMT+0530 (India Standard Time),97.978,7.7078
IN2020250055,06.77 KL SGS 2037,6.77,Thu Jun 04 2037 05:30:00 GMT+0530 (India Standard Time),93.2132,7.7078
IN1020250131,06.78 AP SGS 2037,6.78,Thu Jun 04 2037 05:30:00 GMT+0530 (India Standard Time),93.2854,7.7078
IN2820240116,07.47 PN SGS 2037,7.47,Fri Jun 05 2037 05:30:00 GMT+0530 (India Standard Time),98.2651,7.7078
IN1020230190,07.36 AP SGS 2037,7.36,Sun Jun 07 2037 05:30:00 GMT+0530 (India Standard Time),97.4702,7.7078
IN1520260051,07.63 GJ SGS 2037,7.63,Wed Jun 10 2037 05:30:00 GMT+0530 (India Standard Time),99.3339,7.7197
IN4520170031,07.16 TS SDL 2037,7.16,Sun Jun 14 2037 05:30:00 GMT+0530 (India Standard Time),96.0216,7.7078
IN1020220225,07.85 AP SDL 2037,7.85,Mon Jun 22 2037 05:30:00 GMT+0530 (India Standard Time),101.0118,7.7078
IN2920220059,07.85 RJ SDL 2037,7.85,Mon Jun 22 2037 05:30:00 GMT+0530 (India Standard Time),101.0118,7.7078
IN1620210063,07.07 HR SDL 2037,7.07,Tue Jun 23 2037 05:30:00 GMT+0530 (India Standard Time),95.3646,7.7078
IN1020210168,07.12 AP SDL 2037,7.12,Tue Jun 23 2037 05:30:00 GMT+0530 (India Standard Time),95.7266,7.7078
IN2220250095,06.98 MH SGS 2037,6.98,Thu Jun 25 2037 05:30:00 GMT+0530 (India Standard Time),94.7113,7.7078
IN3420220037,07.96 WB SDL 2037,7.96,Mon Jun 29 2037 05:30:00 GMT+0530 (India Standard Time),101.811,7.7078
IN1020250222,07.00 AP SGS 2037,7,Thu Jul 02 2037 05:30:00 GMT+0530 (India Standard Time),94.8509,7.7078
IN4520240149,07.36 TS SGS 2037,7.36,Fri Jul 03 2037 05:30:00 GMT+0530 (India Standard Time),97.4611,7.7078
IN1020210176,07.15 AP SDL 2037,7.15,Tue Jul 07 2037 05:30:00 GMT+0530 (India Standard Time),95.9359,7.7078
IN2720250025,06.98 OD SGS 2037,6.98,Thu Jul 16 2037 05:30:00 GMT+0530 (India Standard Time),94.6957,7.7078
IN3420250067,07.07 WB SGS 2037,7.07,Thu Jul 16 2037 05:30:00 GMT+0530 (India Standard Time),95.3499,7.7078
IN2520240036,07.35 MZ SGS 2037,7.35,Sat Jul 18 2037 05:30:00 GMT+0530 (India Standard Time),97.3845,7.7078
IN3420220052,08.02 WB SDL 2037,8.02,Mon Jul 20 2037 05:30:00 GMT+0530 (India Standard Time),102.2572,7.7078
IN1920250124,07.54 KA SGS 2037,7.54,Tue Jul 21 2037 05:30:00 GMT+0530 (India Standard Time),98.766,7.7078
IN1320250039,07.01 BR SGS 2037,7.01,Thu Jul 23 2037 05:30:00 GMT+0530 (India Standard Time),94.9092,7.7078
IN4520240180,07.34 TS SGS 2037,7.34,Fri Jul 24 2037 05:30:00 GMT+0530 (India Standard Time),97.3104,7.7078
IN4520170056,07.24 TS SDL 2037,7.24,Sun Jul 26 2037 05:30:00 GMT+0530 (India Standard Time),96.5819,7.7078
IN1020220365,08.04 AP SDL 2037,8.04,Mon Jul 27 2037 05:30:00 GMT+0530 (India Standard Time),102.4071,7.7078
IN2920220109,08.05 RJ SDL 2037,8.05,Mon Jul 27 2037 05:30:00 GMT+0530 (India Standard Time),102.4799,7.7078
IN4920220030,08.06 JK SDL 2037,8.06,Mon Jul 27 2037 05:30:00 GMT+0530 (India Standard Time),102.5527,7.7078
IN1720220053,07.89 HP SDL 2037,7.89,Mon Aug 03 2037 05:30:00 GMT+0530 (India Standard Time),101.3176,7.7078
IN3420220094,07.89 WB SDL 2037,7.89,Mon Aug 03 2037 05:30:00 GMT+0530 (India Standard Time),101.3176,7.7078
IN1020210218,07.14 AP SDL 2037,7.14,Tue Aug 04 2037 05:30:00 GMT+0530 (India Standard Time),95.8502,7.7078
IN2020170071,07.24 KL SDL 2037,7.24,Sun Aug 09 2037 05:30:00 GMT+0530 (India Standard Time),96.5778,7.7078
IN4520170064,07.23 TS SDL 2037,7.23,Sun Aug 09 2037 05:30:00 GMT+0530 (India Standard Time),96.5049,7.7078
IN1620220187,07.95 HR SDL 2037,7.95,Mon Aug 10 2037 05:30:00 GMT+0530 (India Standard Time),101.759,7.7078
IN4520220117,07.95 TS SDL 2037 10 AUG,7.95,Mon Aug 10 2037 05:30:00 GMT+0530 (India Standard Time),101.759,7.7078
IN2820230125,07.49 PN SGS 2037,7.49,Mon Aug 17 2037 05:30:00 GMT+0530 (India Standard Time),98.4023,7.7078
IN2020230123,07.47 KL SGS 2037,7.47,Sun Aug 23 2037 05:30:00 GMT+0530 (India Standard Time),98.2565,7.7078
IN1920240281,07.20 KA SGS 2037,7.2,Thu Aug 27 2037 05:30:00 GMT+0530 (India Standard Time),96.2807,7.7078
IN2820240199,07.26 PN SGS 2037,7.26,Fri Aug 28 2037 05:30:00 GMT+0530 (India Standard Time),96.7196,7.7078
IN1420250079,07.40 GA SGS 2037,7.4,Fri Aug 28 2037 05:30:00 GMT+0530 (India Standard Time),97.7444,7.7078
IN1020220449,07.71 AP SGS 2037,7.71,Sun Aug 30 2037 05:30:00 GMT+0530 (India Standard Time),100.0144,7.7078
IN1020250313,07.63 AP SGS 2037,7.63,Thu Sep 03 2037 05:30:00 GMT+0530 (India Standard Time),99.4295,7.7078
IN2320250045,07.72 MN SGS 2037,7.72,Thu Sep 03 2037 05:30:00 GMT+0530 (India Standard Time),100.0889,7.7078
IN3120190076,07.39 TN SDL 2037,7.39,Fri Sep 04 2037 05:30:00 GMT+0530 (India Standard Time),97.6712,7.7078
IN1020240496,07.25 AP SGS 2037,7.25,Fri Sep 04 2037 05:30:00 GMT+0530 (India Standard Time),96.6453,7.7078
IN1920250280,07.48 KA SGS 2037 04 SEP,7.48,Fri Sep 04 2037 05:30:00 GMT+0530 (India Standard Time),98.3307,7.7078
IN1420220023,07.58 GA SGS 2037,7.58,Mon Sep 07 2037 05:30:00 GMT+0530 (India Standard Time),99.0618,7.7078
IN1020170107,07.51 AP SDL 2037,7.51,Sun Sep 13 2037 05:30:00 GMT+0530 (India Standard Time),98.545,7.7078
IN4520170080,07.52 TS SDL 2037,7.52,Sun Sep 13 2037 05:30:00 GMT+0530 (India Standard Time),98.6184,7.7078
IN1720220095,07.50 HP SGS 2037,7.5,Mon Sep 14 2037 05:30:00 GMT+0530 (India Standard Time),98.471,7.7078
IN2220240286,07.13 MH SGS 2037,7.13,Sat Sep 19 2037 05:30:00 GMT+0530 (India Standard Time),95.7506,7.7078
IN1420220031,07.58 GA SGS 2037 ,7.58,Mon Sep 21 2037 05:30:00 GMT+0530 (India Standard Time),99.0547,7.7078
IN1920250355,07.68 KA SGS 2037 25 SEP,7.68,Fri Sep 25 2037 05:30:00 GMT+0530 (India Standard Time),99.788,7.7078
IN2920240537,07.05 RJ SGS 2037,7.05,Sat Sep 26 2037 05:30:00 GMT+0530 (India Standard Time),95.1555,7.7078
IN3420170075,07.53 WB SDL 2037,7.53,Sun Sep 27 2037 05:30:00 GMT+0530 (India Standard Time),98.6842,7.7078
IN2520220053,07.78 MZ SGS 2037,7.78,Mon Sep 28 2037 05:30:00 GMT+0530 (India Standard Time),100.5224,7.7078
IN4520210159,06.93 TS SDL 2037,6.93,Tue Sep 29 2037 05:30:00 GMT+0530 (India Standard Time),94.2697,7.7078
IN2820250115,07.57 PN SGS 2037,7.57,Thu Oct 01 2037 05:30:00 GMT+0530 (India Standard Time),98.9955,7.7052
IN1020200391,07.10 AP SDL 2037,7.1,Wed Oct 07 2037 05:30:00 GMT+0530 (India Standard Time),95.5124,7.7078
IN4920250144,07.39 JK SGS 2037,7.39,Thu Oct 08 2037 05:30:00 GMT+0530 (India Standard Time),97.6477,7.7078
IN2220240351,07.13 MH SGS 2037 09 OCT,7.13,Fri Oct 09 2037 05:30:00 GMT+0530 (India Standard Time),95.7315,7.7078
IN1020230513,07.66 AP SGS 2037,7.66,Sun Oct 18 2037 05:30:00 GMT+0530 (India Standard Time),99.6337,7.7078
IN4920220055,07.77 JK SGS 2037,7.77,Mon Oct 19 2037 05:30:00 GMT+0530 (India Standard Time),100.4451,7.7078
IN4520170106,07.67 TS SDL 2037,7.67,Sun Oct 25 2037 05:30:00 GMT+0530 (India Standard Time),99.7059,7.7078
IN3420170083,07.67 WB SDL 2037,7.67,Sun Oct 25 2037 05:30:00 GMT+0530 (India Standard Time),99.7059,7.7078
IN1020210366,07.02 AP SDL 2037,7.02,Tue Oct 27 2037 05:30:00 GMT+0530 (India Standard Time),94.9032,7.7078
IN3320220053,07.91 UP SGS 2037,7.91,Tue Oct 27 2037 05:30:00 GMT+0530 (India Standard Time),101.4786,7.7078
IN3420220151,07.93 WB SGS 2037,7.93,Tue Oct 27 2037 05:30:00 GMT+0530 (India Standard Time),101.6263,7.7078
IN1420250111,07.28 GA SGS 2037,7.28,Thu Oct 29 2037 05:30:00 GMT+0530 (India Standard Time),96.8228,7.7078
IN1620250218,07.29 HR SGS 2037,7.29,Thu Oct 29 2037 05:30:00 GMT+0530 (India Standard Time),96.8967,7.7078
IN4520230306,07.75 TS SGS 2037,7.75,Sun Nov 01 2037 05:30:00 GMT+0530 (India Standard Time),100.296,7.7078
IN1020230562,07.76 AP SGS 2037,7.76,Sun Nov 01 2037 05:30:00 GMT+0530 (India Standard Time),100.37,7.7078
IN2120230122,07.76 MP SGS 2037,7.76,Sun Nov 01 2037 05:30:00 GMT+0530 (India Standard Time),100.37,7.7078
IN1020250362,07.30 AP SGS 2037,7.3,Fri Nov 06 2037 05:30:00 GMT+0530 (India Standard Time),96.9663,7.7078
IN4520170114,07.70 TS SDL 2037NOV,7.7,Sun Nov 08 2037 05:30:00 GMT+0530 (India Standard Time),99.9254,7.7078
IN1720220137,07.84 HP SGS 2037,7.84,Mon Nov 09 2037 05:30:00 GMT+0530 (India Standard Time),100.9616,7.7078
IN2220250376,07.25 MH SGS 2037,7.25,Thu Nov 12 2037 05:30:00 GMT+0530 (India Standard Time),96.5925,7.7078
IN1620240201,07.12 HR SGS 2037,7.12,Fri Nov 13 2037 05:30:00 GMT+0530 (India Standard Time),95.6291,7.7078
IN3420210186,06.98 WB SDL 2037,6.98,Tue Nov 17 2037 05:30:00 GMT+0530 (India Standard Time),94.5884,7.7078
IN2920250296,07.29 RJ SGS 2037,7.29,Thu Nov 19 2037 05:30:00 GMT+0530 (India Standard Time),96.8848,7.7078
IN4520230348,07.68 TS SGS 2037,7.68,Sun Nov 22 2037 05:30:00 GMT+0530 (India Standard Time),99.7758,7.7078
IN1920220036,07.74 KA SGS 2037,7.74,Mon Nov 23 2037 05:30:00 GMT+0530 (India Standard Time),100.2208,7.7078
IN2320250052,07.31 MN SGS 2037,7.31,Thu Nov 26 2037 05:30:00 GMT+0530 (India Standard Time),97.0295,7.7078
IN1620240219,07.19 HR SGS 2037,7.19,Fri Nov 27 2037 05:30:00 GMT+0530 (India Standard Time),96.1383,7.7078
IN2120230130,07.76 MP SGS 2037 29 NOV,7.76,Sun Nov 29 2037 05:30:00 GMT+0530 (India Standard Time),100.3693,7.7078
IN2820230208,07.79 PN SGS 2037,7.79,Sun Nov 29 2037 05:30:00 GMT+0530 (India Standard Time),100.5921,7.7078
IN1920220051,07.63 KA SGS 2037,7.63,Mon Nov 30 2037 05:30:00 GMT+0530 (India Standard Time),99.4039,7.7078
IN4920220063,07.68 JK SGS 2037,7.68,Mon Nov 30 2037 05:30:00 GMT+0530 (India Standard Time),99.7752,7.7078
IN1920200467,06.69 KA SDL 2037,6.69,Wed Dec 02 2037 05:30:00 GMT+0530 (India Standard Time),92.4209,7.7078
IN3420250166,07.50 WB SGS 2037,7.5,Thu Dec 03 2037 05:30:00 GMT+0530 (India Standard Time),98.4378,7.7078
IN4520170122,07.68 TS SDL 2037,7.68,Sun Dec 06 2037 05:30:00 GMT+0530 (India Standard Time),99.775,7.7078
IN1020230646,07.71 AP SGS 2037 06 DEC,7.71,Sun Dec 06 2037 05:30:00 GMT+0530 (India Standard Time),99.998,7.7078
IN3420230150,07.72 WB SGS 2037,7.72,Sun Dec 06 2037 05:30:00 GMT+0530 (India Standard Time),100.0724,7.7078
IN2520230078,07.81 MZ SGS 2037,7.81,Sun Dec 06 2037 05:30:00 GMT+0530 (India Standard Time),100.7413,7.7078
IN1320250203,07.60 BR SGS 2037,7.6,Thu Dec 10 2037 05:30:00 GMT+0530 (India Standard Time),99.1799,7.7078
IN4920250193,07.65 JK SGS 2037,7.65,Thu Dec 10 2037 05:30:00 GMT+0530 (India Standard Time),99.5518,7.7078
IN1620240227,07.09 HR SGS 2037,7.09,Fri Dec 11 2037 05:30:00 GMT+0530 (India Standard Time),95.3859,7.7078
IN1720220152,07.63 HP SGS 2037,7.63,Mon Dec 14 2037 05:30:00 GMT+0530 (India Standard Time),99.4029,7.7078
IN3320250159,07.46 UP SGS 2037,7.46,Thu Dec 17 2037 05:30:00 GMT+0530 (India Standard Time),98.1369,7.7078
IN3720220026,07.67 JH SGS 2037,7.67,Mon Dec 21 2037 05:30:00 GMT+0530 (India Standard Time),99.7007,7.7078
IN3420220185,07.67 WB SGS 2037,7.67,Mon Dec 21 2037 05:30:00 GMT+0530 (India Standard Time),99.7007,7.7078
IN1920250041,07.52 KA SGS 2037,7.52,Thu Dec 24 2037 05:30:00 GMT+0530 (India Standard Time),98.5827,7.7078
IN1620240235,07.16 HR SGS 2037,7.16,Sat Dec 26 2037 05:30:00 GMT+0530 (India Standard Time),95.898,7.7078
IN1920230159,07.68 KA SGS 2037,7.68,Sun Dec 27 2037 05:30:00 GMT+0530 (India Standard Time),99.7755,7.7078
IN3820220025,07.69 PY SGS 2037,7.69,Mon Dec 28 2037 05:30:00 GMT+0530 (India Standard Time),99.8502,7.7078
IN3120220246,07.69 TN SGS 2037,7.69,Mon Dec 28 2037 05:30:00 GMT+0530 (India Standard Time),99.8502,7.7078
IN4920220089,07.70 JK SGS 2037,7.7,Mon Dec 28 2037 05:30:00 GMT+0530 (India Standard Time),99.9248,7.7078
IN1020250420,07.52 AP SGS 2037,7.52,Thu Dec 31 2037 05:30:00 GMT+0530 (India Standard Time),98.582,7.7078
IN1020240660,07.17 AP SGS 2038,7.17,Fri Jan 01 2038 05:30:00 GMT+0530 (India Standard Time),96.52,7.6324
IN2120240139,07.17 MP SGS 2038,7.17,Fri Jan 01 2038 05:30:00 GMT+0530 (India Standard Time),96.52,7.6324
IN1620240243,07.18 HR SGS 2038,7.18,Fri Jan 01 2038 05:30:00 GMT+0530 (India Standard Time),96.5949,7.6324
IN4520170148,07.83 TS SDL 2038,7.83,Sun Jan 03 2038 05:30:00 GMT+0530 (India Standard Time),101.4643,7.6324
IN2820230232,07.79 PN SGS 2038,7.79,Sun Jan 03 2038 05:30:00 GMT+0530 (India Standard Time),101.1646,7.6324
IN1420220122,07.64 GA SGS 2038,7.64,Mon Jan 04 2038 05:30:00 GMT+0530 (India Standard Time),100.0409,7.6324
IN1020210457,07.24 AP SDL 2038,7.24,Tue Jan 05 2038 05:30:00 GMT+0530 (India Standard Time),97.043,7.6324
IN2120250328,07.59 MP SGS 2038 07 JAN,7.59,Thu Jan 07 2038 05:30:00 GMT+0530 (India Standard Time),99.6665,7.6324
IN4920250219,07.67 JK SGS 2038,7.67,Thu Jan 07 2038 05:30:00 GMT+0530 (India Standard Time),100.2662,7.6324
IN2220240369,07.11 MH SGS 2038,7.11,Fri Jan 08 2038 05:30:00 GMT+0530 (India Standard Time),96.0672,7.6324
IN1620240250,07.15 HR SGS 2038,7.15,Fri Jan 08 2038 05:30:00 GMT+0530 (India Standard Time),96.3672,7.6324
IN1920230209,07.71 KA SGS 2038,7.71,Sun Jan 10 2038 05:30:00 GMT+0530 (India Standard Time),100.5669,7.6324
IN1220250154,07.65 AS SGS 2038,7.65,Thu Jan 14 2038 05:30:00 GMT+0530 (India Standard Time),100.1176,7.6324
IN1620240268,07.22 HR SGS 2038,7.22,Fri Jan 15 2038 05:30:00 GMT+0530 (India Standard Time),96.8898,7.6324
IN1020230711,07.67 AP SGS 2038 17 JAN,7.67,Sun Jan 17 2038 05:30:00 GMT+0530 (India Standard Time),100.2684,7.6324
IN4920220097,07.55 JK SGS 2038,7.55,Mon Jan 18 2038 05:30:00 GMT+0530 (India Standard Time),99.3674,7.6324
IN1620240276,07.14 HR SGS 2038,7.14,Fri Jan 22 2038 05:30:00 GMT+0530 (India Standard Time),96.2865,7.6324
IN1920240208,07.15 KA SGS 2038,7.15,Fri Jan 22 2038 05:30:00 GMT+0530 (India Standard Time),96.3617,7.6324
IN1920210300,07.37 KA SDL 2038,7.37,Mon Jan 25 2038 05:30:00 GMT+0530 (India Standard Time),98.0148,7.6324
IN2920220240,07.64 RJ SGS 2038,7.64,Mon Jan 25 2038 05:30:00 GMT+0530 (India Standard Time),100.0448,7.6324
IN1720220178,07.70 HP SGS 2038,7.7,Mon Jan 25 2038 05:30:00 GMT+0530 (India Standard Time),100.4959,7.6324
IN2720250165,07.56 OD SGS 2038,7.56,Thu Jan 28 2038 05:30:00 GMT+0530 (India Standard Time),99.4438,7.6324
IN3620250081,07.59 UK SGS 2038,7.59,Thu Jan 28 2038 05:30:00 GMT+0530 (India Standard Time),99.6694,7.6324
IN1620240284,07.14 HR SGS 2038 29 JAN,7.14,Fri Jan 29 2038 05:30:00 GMT+0530 (India Standard Time),96.284,7.6324
IN2120220057,07.72 MP SGS 2038,7.72,Mon Feb 01 2038 05:30:00 GMT+0530 (India Standard Time),100.6484,7.6324
IN2920220265,07.73 RJ SGS 2038,7.73,Mon Feb 01 2038 05:30:00 GMT+0530 (India Standard Time),100.7236,7.6324
IN2820250172,07.71 PN SGS 2038,7.71,Thu Feb 04 2038 05:30:00 GMT+0530 (India Standard Time),100.5742,7.6324
IN1020240710,07.11 AP SGS 2038,7.11,Fri Feb 05 2038 05:30:00 GMT+0530 (India Standard Time),96.0561,7.6324
IN2220240427,07.12 MH SGS 2038 05 FEB,7.12,Fri Feb 05 2038 05:30:00 GMT+0530 (India Standard Time),96.1314,7.6324
IN2020240254,07.16 KL SGS 2038,7.16,Fri Feb 05 2038 05:30:00 GMT+0530 (India Standard Time),96.4327,7.6324
IN4520170163,08.16 TS SDL 2038,8.16,Sun Feb 07 2038 05:30:00 GMT+0530 (India Standard Time),103.9651,7.6324
IN1020210481,07.37 AP SDL 2038,7.37,Tue Feb 09 2038 05:30:00 GMT+0530 (India Standard Time),98.014,7.6324
IN2820250180,07.77 PN SGS 2038,7.77,Thu Feb 11 2038 05:30:00 GMT+0530 (India Standard Time),101.029,7.6324
IN1620240292,07.14 HR SGS 2038,7.14,Fri Feb 12 2038 05:30:00 GMT+0530 (India Standard Time),96.2799,7.6324
IN1020230802,07.45 AP SGS 2038,7.45,Sun Feb 14 2038 05:30:00 GMT+0530 (India Standard Time),98.6172,7.6324
IN3620250099,07.58 UK SGS 2038,7.58,Thu Feb 18 2038 05:30:00 GMT+0530 (India Standard Time),99.5986,7.6324
IN1620240300,07.16 HR SGS 2038,7.16,Sat Feb 20 2038 05:30:00 GMT+0530 (India Standard Time),96.4287,7.6324
IN1720220194,07.59 HP SGS 2038,7.59,Mon Feb 22 2038 05:30:00 GMT+0530 (India Standard Time),99.6752,7.6324
IN2120220081,07.59 MP SGS 2038,7.59,Mon Feb 22 2038 05:30:00 GMT+0530 (India Standard Time),99.7759,7.6191
IN1920210383,07.13 KA SDL 2038,7.13,Tue Feb 23 2038 05:30:00 GMT+0530 (India Standard Time),96.2014,7.6324
IN1920200590,07.22 KA SDL 2038,7.22,Wed Feb 24 2038 05:30:00 GMT+0530 (India Standard Time),96.881,7.6324
IN2220240450,07.18 MH SGS 2038,7.18,Sat Feb 27 2038 05:30:00 GMT+0530 (India Standard Time),96.5783,7.6324
IN1620240318,07.22 HR SGS 2038 27 FEB,7.22,Sat Feb 27 2038 05:30:00 GMT+0530 (India Standard Time),96.8806,7.6324
IN1920200640,07.22 KA SDL 2038 03 MAR,7.22,Wed Mar 03 2038 05:30:00 GMT+0530 (India Standard Time),96.8799,7.6324
IN3520250116,07.54 CG SGS 2038,7.54,Thu Mar 04 2038 05:30:00 GMT+0530 (India Standard Time),99.3007,7.6324
IN4920250250,07.68 JK SGS 2038,7.68,Thu Mar 04 2038 05:30:00 GMT+0530 (India Standard Time),100.3599,7.6324
IN3420240225,07.32 WB SGS 2038,7.32,Fri Mar 05 2038 05:30:00 GMT+0530 (India Standard Time),97.6356,7.6324
IN4520170189,08.22 TS SDL 2038,8.22,Sun Mar 07 2038 05:30:00 GMT+0530 (India Standard Time),104.446,7.6324
IN3320220137,07.75 UP SGS 2038,7.75,Mon Mar 08 2038 05:30:00 GMT+0530 (India Standard Time),100.8884,7.6324
IN1020210549,07.48 AP SDL 2038,7.48,Tue Mar 09 2038 05:30:00 GMT+0530 (India Standard Time),98.844,7.6324
IN1920200665,07.24 KA SDL 2038,7.24,Wed Mar 10 2038 05:30:00 GMT+0530 (India Standard Time),97.0262,7.6324
IN1620250382,07.53 HR SGS 2038,7.53,Thu Mar 11 2038 05:30:00 GMT+0530 (India Standard Time),99.2216,7.6324
IN2920240495,07.23 RJ SGS 2038,7.23,Fri Mar 12 2038 05:30:00 GMT+0530 (India Standard Time),96.9488,7.6324
IN3420240241,07.29 WB SGS 2038,7.29,Fri Mar 12 2038 05:30:00 GMT+0530 (India Standard Time),97.4033,7.6324
IN1920230332,07.37 KA SGS 2038,7.37,Sat Mar 13 2038 05:30:00 GMT+0530 (India Standard Time),98.0086,7.6324
IN3820230057,07.38 PY SGS 2038,7.38,Sat Mar 13 2038 05:30:00 GMT+0530 (India Standard Time),98.0843,7.6324
IN2520220111,07.74 MZ SGS 2038,7.74,Mon Mar 15 2038 05:30:00 GMT+0530 (India Standard Time),100.811,7.6324
IN3720210043,07.35 JH SDL 2038,7.35,Tue Mar 16 2038 05:30:00 GMT+0530 (India Standard Time),97.8551,7.6324
IN3120250854,07.57 TN SGS 2038,7.57,Thu Mar 18 2038 05:30:00 GMT+0530 (India Standard Time),99.5216,7.6324
IN3320250241,07.57 UP SGS 2038,7.57,Thu Mar 18 2038 05:30:00 GMT+0530 (India Standard Time),99.2751,7.6651
IN2020240296,07.17 KL SGS 2038,7.17,Fri Mar 19 2038 05:30:00 GMT+0530 (India Standard Time),96.4884,7.6324
IN2220230303,07.45 MH SGS 2038,7.45,Sat Mar 20 2038 05:30:00 GMT+0530 (India Standard Time),98.6108,7.6324
IN1920230365,07.46 KA SGS 2038,7.46,Sat Mar 20 2038 05:30:00 GMT+0530 (India Standard Time),98.5398,7.652
IN2220230337,07.45 MH SGS 2038 22 MAR,7.45,Mon Mar 22 2038 05:30:00 GMT+0530 (India Standard Time),98.6097,7.6324
IN3420210285,07.40 WB SDL 2038,7.4,Tue Mar 23 2038 05:30:00 GMT+0530 (India Standard Time),98.2299,7.6324
IN1420250160,07.76 GA SGS 2038,7.76,Thu Mar 25 2038 05:30:00 GMT+0530 (India Standard Time),100.9607,7.6324
IN3320230375,07.51 UP SGS 2038,7.51,Sat Mar 27 2038 05:30:00 GMT+0530 (India Standard Time),99.0626,7.6324
IN1720220236,07.79 HP SGS 2038,7.79,Mon Mar 29 2038 05:30:00 GMT+0530 (India Standard Time),101.1878,7.6324
IN2820220233,07.97 PN SGS 2038,7.97,Mon Mar 29 2038 05:30:00 GMT+0530 (India Standard Time),102.5546,7.6324
IN2920250445,07.87 RJ SGS 2038,7.87,Tue Mar 30 2038 05:30:00 GMT+0530 (India Standard Time),101.7953,7.6324
IN1020260015,07.96 AP SGS 2038,7.96,Thu Apr 08 2038 05:30:00 GMT+0530 (India Standard Time),102.4795,7.6324
IN1020210010,06.78 AP SDL 2038,6.78,Fri Apr 09 2038 05:30:00 GMT+0530 (India Standard Time),93.5067,7.6324
IN1020190048,08.18 AP SDL 2038,8.18,Sat Apr 10 2038 05:30:00 GMT+0530 (India Standard Time),104.1529,7.6324
IN1020220035,07.52 AP SDL 2038,7.52,Mon Apr 12 2038 05:30:00 GMT+0530 (India Standard Time),99.1327,7.6324
IN2820230026,07.62 PN SGS 2038,7.62,Mon Apr 19 2038 05:30:00 GMT+0530 (India Standard Time),99.8919,7.6324
IN2820260023,07.84 PN SGS 2038,7.84,Thu Apr 22 2038 05:30:00 GMT+0530 (India Standard Time),101.5674,7.6324
IN2220250020,06.72 MH SGS 2038,6.72,Fri Apr 23 2038 05:30:00 GMT+0530 (India Standard Time),93.0333,7.6324
IN4520180022,08.15 TS SDL 2038,8.15,Sun Apr 25 2038 05:30:00 GMT+0530 (India Standard Time),103.9304,7.6324
IN1620250028,06.75 HR SGS 2038,6.75,Fri Apr 30 2038 05:30:00 GMT+0530 (India Standard Time),93.2538,7.6324
IN2220250061,06.77 MH SGS 2038,6.77,Fri Apr 30 2038 05:30:00 GMT+0530 (India Standard Time),93.4064,7.6324
IN1020240132,07.46 AP SGS 2038 08 MAY,7.46,Sat May 08 2038 05:30:00 GMT+0530 (India Standard Time),98.6668,7.6324
IN1020210069,06.94 AP SDL 2038,6.94,Wed May 12 2038 05:30:00 GMT+0530 (India Standard Time),94.6923,7.6324
IN2520260018,07.85 MZ SGS 2038,7.85,Thu May 13 2038 05:30:00 GMT+0530 (India Standard Time),101.6458,7.6324
IN2920180055,08.25 RJ SDL 2038,8.25,Sun May 23 2038 05:30:00 GMT+0530 (India Standard Time),104.7089,7.6324
IN1020230158,07.30 AP SGS 2038,7.3,Mon May 24 2038 05:30:00 GMT+0530 (India Standard Time),97.4377,7.6324
IN1520260028,07.74 GJ SGS 2038,7.74,Thu May 27 2038 05:30:00 GMT+0530 (India Standard Time),100.806,7.6324
IN1620250069,06.68 HR SGS 2038,6.68,Fri May 28 2038 05:30:00 GMT+0530 (India Standard Time),92.6875,7.6324
IN4520180048,08.22 TS SDL 2038MAY,8.22,Sun May 30 2038 05:30:00 GMT+0530 (India Standard Time),104.4837,7.6324
IN2820230042,07.37 PN SGS 2038,7.37,Mon May 31 2038 05:30:00 GMT+0530 (India Standard Time),97.9716,7.6324
IN1020260064,07.86 AP SGS 2038,7.86,Thu Jun 03 2038 05:30:00 GMT+0530 (India Standard Time),101.7264,7.6324
IN1020250149,06.84 AP SGS 2038,6.84,Fri Jun 04 2038 05:30:00 GMT+0530 (India Standard Time),93.9075,7.6324
IN2720180057,08.28 OD SDL 2038,8.28,Sun Jun 06 2038 05:30:00 GMT+0530 (India Standard Time),104.9478,7.6324
IN2920180071,08.28 RJ SDL 2038,8.28,Sun Jun 06 2038 05:30:00 GMT+0530 (India Standard Time),104.9478,7.6324
IN4920230021,07.37 JK SGS 2038,7.37,Mon Jun 07 2038 05:30:00 GMT+0530 (India Standard Time),97.9695,7.6324
IN1020210119,07.00 AP SDL 2038,7,Wed Jun 09 2038 05:30:00 GMT+0530 (India Standard Time),95.1305,7.6324
IN3320260034,07.74 UP SGS 2038,7.74,Thu Jun 10 2038 05:30:00 GMT+0530 (India Standard Time),100.8076,7.6324
IN3820240023,07.38 PY SGS 2038 12 JUN,7.38,Sat Jun 12 2038 05:30:00 GMT+0530 (India Standard Time),98.0449,7.6324
IN1020230232,07.36 AP SGS 2038,7.36,Mon Jun 14 2038 05:30:00 GMT+0530 (India Standard Time),97.8909,7.6324
IN4520240123,07.35 TS SGS 2038,7.35,Sat Jun 19 2038 05:30:00 GMT+0530 (India Standard Time),97.8128,7.6324
IN2520230037,07.36 MZ SGS 2038,7.36,Mon Jun 21 2038 05:30:00 GMT+0530 (India Standard Time),97.8891,7.6324
IN2020210067,07.06 KL SDL 2038,7.06,Wed Jun 23 2038 05:30:00 GMT+0530 (India Standard Time),95.5825,7.6324
IN2220250103,07.03 MH SGS 2038,7.03,Fri Jun 25 2038 05:30:00 GMT+0530 (India Standard Time),95.3506,7.6324
IN1620250085,07.05 HR SGS 2038,7.05,Fri Jun 25 2038 05:30:00 GMT+0530 (India Standard Time),95.5044,7.6324
IN2920180113,08.35 RJ SDL 2038,8.35,Sun Jun 27 2038 05:30:00 GMT+0530 (India Standard Time),105.5028,7.6324
IN1420230022,07.47 GA SGS 2038,7.47,Mon Jun 28 2038 05:30:00 GMT+0530 (India Standard Time),98.7338,7.6324
IN1020220258,07.95 AP SDL 2038,7.95,Tue Jun 29 2038 05:30:00 GMT+0530 (India Standard Time),102.427,7.6324
IN1720230045,07.50 HP SGS 2038,7.5,Mon Jul 05 2038 05:30:00 GMT+0530 (India Standard Time),98.9644,7.6324
IN1020210184,07.19 AP SDL 2038,7.19,Wed Jul 07 2038 05:30:00 GMT+0530 (India Standard Time),96.5764,7.6324
IN4920260036,07.60 JK SGS 2038,7.6,Thu Jul 08 2038 05:30:00 GMT+0530 (India Standard Time),99.7349,7.6324
IN3120180077,08.50 TN SDL 2038,8.5,Sun Jul 11 2038 05:30:00 GMT+0530 (India Standard Time),106.6723,7.6324
IN4520180063,08.50 TS SDL 2038,8.5,Sun Jul 11 2038 05:30:00 GMT+0530 (India Standard Time),106.6723,7.6324
IN4920230047,07.44 JK SGS 2038,7.44,Mon Jul 12 2038 05:30:00 GMT+0530 (India Standard Time),98.5019,7.6324
IN1520260127,07.51 GJ SGS 2038,7.51,Thu Jul 15 2038 05:30:00 GMT+0530 (India Standard Time),99.25,7.6053
IN2420260035,07.72 ML SGS 2038,7.72,Thu Jul 15 2038 05:30:00 GMT+0530 (India Standard Time),100.6613,7.6324
IN1020230349,07.36 AP SGS 2038 19 JUL,7.36,Mon Jul 19 2038 05:30:00 GMT+0530 (India Standard Time),97.8843,7.6324
IN2020230081,07.36 KL SGS 2038,7.36,Mon Jul 19 2038 05:30:00 GMT+0530 (India Standard Time),97.8843,7.6324
IN2520230045,07.36 MZ SGS 2038 19 JUL,7.36,Mon Jul 19 2038 05:30:00 GMT+0530 (India Standard Time),97.8843,7.6324
IN1020220340,08.02 AP SDL 2038,8.02,Tue Jul 20 2038 05:30:00 GMT+0530 (India Standard Time),102.9782,7.6324
IN2120260079,07.58 MP SGS 2038,7.58,Thu Jul 22 2038 05:30:00 GMT+0530 (India Standard Time),99.6523,7.6234
IN3420220078,08.07 WB SDL 2038,8.07,Tue Jul 27 2038 05:30:00 GMT+0530 (India Standard Time),103.3691,7.6324
IN2920250130,07.06 RJ SGS 2038,7.06,Fri Jul 30 2038 05:30:00 GMT+0530 (India Standard Time),95.5644,7.6324
IN2220240070,07.30 MH SGS 2038,7.3,Sat Jul 31 2038 05:30:00 GMT+0530 (India Standard Time),97.4195,7.6324
IN1020200276,06.50 AP SDL 2038,6.5,Thu Aug 05 2038 05:30:00 GMT+0530 (India Standard Time),91.2305,7.6324
IN3620260064,07.64 UK SGS 2038,7.64,Thu Aug 05 2038 05:30:00 GMT+0530 (India Standard Time),100.0489,7.6324
IN4520240263,07.28 TS SGS 2038,7.28,Sat Aug 14 2038 05:30:00 GMT+0530 (India Standard Time),97.2631,7.6324
IN1020220431,07.74 AP SDL 2038,7.74,Thu Aug 19 2038 05:30:00 GMT+0530 (India Standard Time),100.8284,7.6324
IN1020230406,07.46 AP SGS 2038,7.46,Mon Aug 23 2038 05:30:00 GMT+0530 (India Standard Time),98.6585,7.6324
IN2020220033,07.76 KL SGS 2038,7.76,Tue Aug 24 2038 05:30:00 GMT+0530 (India Standard Time),100.9859,7.6324
IN2120240030,07.26 MP SGS 2038,7.26,Sat Aug 28 2038 05:30:00 GMT+0530 (India Standard Time),97.1069,7.6324
IN4520180089,08.51 TS SDL 2038,8.51,Sun Aug 29 2038 05:30:00 GMT+0530 (India Standard Time),106.8108,7.6324
IN3720260022,07.72 JH SGS 2038,7.72,Thu Sep 02 2038 05:30:00 GMT+0530 (India Standard Time),100.7001,7.6298
IN4520240289,07.25 TS SGS 2038,7.25,Sat Sep 04 2038 05:30:00 GMT+0530 (India Standard Time),97.0289,7.6324
IN1720230052,07.42 HP SGS 2038,7.42,Mon Sep 06 2038 05:30:00 GMT+0530 (India Standard Time),98.3484,7.6324
IN1020200367,06.87 AP SDL 2038,6.87,Thu Sep 09 2038 05:30:00 GMT+0530 (India Standard Time),94.0707,7.6324
IN4520240305,07.22 TS SGS 2038,7.22,Sat Sep 11 2038 05:30:00 GMT+0530 (India Standard Time),96.7901,7.6324
IN2520240051,07.23 MZ SGS 2038,7.23,Sat Sep 11 2038 05:30:00 GMT+0530 (India Standard Time),96.8679,7.6324
IN1420230097,07.46 GA SGS 2038,7.46,Mon Sep 13 2038 05:30:00 GMT+0530 (India Standard Time),98.6553,7.6324
IN2120230031,07.46 MP SGS 2038,7.46,Mon Sep 13 2038 05:30:00 GMT+0530 (India Standard Time),98.6553,7.6324
IN1020230455,07.48 AP SGS 2038,7.48,Mon Sep 13 2038 05:30:00 GMT+0530 (India Standard Time),98.8109,7.6324
IN2220240328,07.12 MH SGS 2038,7.12,Sat Sep 25 2038 05:30:00 GMT+0530 (India Standard Time),96.0001,7.6324
IN2120230072,07.46 MP SGS 2038 27 SEP,7.46,Mon Sep 27 2038 05:30:00 GMT+0530 (India Standard Time),98.6482,7.6324
IN3420220136,07.72 WB SGS 2038,7.72,Tue Sep 28 2038 05:30:00 GMT+0530 (India Standard Time),100.6743,7.6324
IN1020210291,06.93 AP SDL 2038,6.93,Wed Sep 29 2038 05:30:00 GMT+0530 (India Standard Time),94.5156,7.6324
IN2920250213,07.46 RJ SGS 2038,7.46,Fri Oct 01 2038 05:30:00 GMT+0530 (India Standard Time),98.6463,7.6324
IN2120180079,08.63 MP SDL 2038,8.63,Sun Oct 03 2038 05:30:00 GMT+0530 (India Standard Time),107.7711,7.6324
IN1020240520,07.11 AP SGS 2038,7.11,Sun Oct 03 2038 05:30:00 GMT+0530 (India Standard Time),95.9155,7.6324
IN2120230106,07.51 MP SGS 2038,7.51,Mon Oct 04 2038 05:30:00 GMT+0530 (India Standard Time),99.035,7.6324
IN1620180068,08.60 HR SDL 2038,8.6,Sun Oct 10 2038 05:30:00 GMT+0530 (India Standard Time),107.5426,7.6324
IN1020230505,07.67 AP SGS 2038,7.67,Mon Oct 11 2038 05:30:00 GMT+0530 (India Standard Time),100.2816,7.6324
IN4520180113,08.60 TS SDL 2038,8.6,Sun Oct 17 2038 05:30:00 GMT+0530 (India Standard Time),107.5483,7.6324
IN2520230060,07.72 MZ SGS 2038,7.72,Mon Oct 18 2038 05:30:00 GMT+0530 (India Standard Time),100.6712,7.6324
IN1020200441,06.77 AP SDL 2038,6.77,Thu Oct 28 2038 05:30:00 GMT+0530 (India Standard Time),93.2351,7.6324
IN1320230114,07.73 BR SGS 2038,7.73,Mon Nov 08 2038 05:30:00 GMT+0530 (India Standard Time),100.7483,7.6324
IN1020210390,07.00 AP SDL 2038 10 NOV,7,Wed Nov 10 2038 05:30:00 GMT+0530 (India Standard Time),95.0254,7.6324
IN4520180139,08.48 TS SDL 2038,8.48,Sun Nov 14 2038 05:30:00 GMT+0530 (India Standard Time),106.6312,7.6324
IN1020230596,07.72 AP SGS 2038,7.72,Mon Nov 15 2038 05:30:00 GMT+0530 (India Standard Time),100.6699,7.6324
IN1720230078,07.74 HP SGS 2038,7.74,Mon Nov 15 2038 05:30:00 GMT+0530 (India Standard Time),100.8268,7.6324
IN2720240018,07.15 OD SGS 2038,7.15,Sun Nov 21 2038 05:30:00 GMT+0530 (India Standard Time),96.1947,7.6324
IN1320230122,07.70 BR SGS 2038,7.7,Mon Nov 22 2038 05:30:00 GMT+0530 (India Standard Time),100.513,7.6324
IN4520250528,07.34 TS SGS 2038,7.34,Fri Nov 26 2038 05:30:00 GMT+0530 (India Standard Time),97.6847,7.6324
IN2920240362,07.18 RJ SGS 2038,7.18,Sat Nov 27 2038 05:30:00 GMT+0530 (India Standard Time),96.4271,7.6324
IN2120240097,07.19 MP SGS 2038,7.19,Sat Nov 27 2038 05:30:00 GMT+0530 (India Standard Time),96.5056,7.6324
IN1620180076,08.58 HR SDL 2038,8.58,Sun Nov 28 2038 05:30:00 GMT+0530 (India Standard Time),107.4292,7.6324
IN3420180074,08.57 WB SDL 2038,8.57,Sun Nov 28 2038 05:30:00 GMT+0530 (India Standard Time),107.3506,7.6324
IN2320230088,07.77 MN SGS 2038,7.77,Mon Nov 29 2038 05:30:00 GMT+0530 (India Standard Time),101.0635,7.6324
IN2120250260,07.44 MP SGS 2038,7.44,Fri Dec 03 2038 05:30:00 GMT+0530 (India Standard Time),98.4688,7.6324
IN1020240637,07.11 AP SGS 2038 04 DEC,7.11,Sat Dec 04 2038 05:30:00 GMT+0530 (India Standard Time),95.8729,7.6324
IN3420180082,08.43 WB SDL 2038,8.43,Sun Dec 05 2038 05:30:00 GMT+0530 (India Standard Time),106.2563,7.6324
IN1320230130,07.74 BR SGS 2038,7.74,Mon Dec 06 2038 05:30:00 GMT+0530 (India Standard Time),100.8285,7.6324
IN1920220077,07.59 KA SGS 2038,7.59,Tue Dec 07 2038 05:30:00 GMT+0530 (India Standard Time),99.6483,7.6324
IN2520250076,07.62 MZ SGS 2038,7.62,Fri Dec 10 2038 05:30:00 GMT+0530 (India Standard Time),99.8844,7.6324
IN3320240044,07.08 UP SGS 2038,7.08,Sat Dec 11 2038 05:30:00 GMT+0530 (India Standard Time),95.6328,7.6324
IN1020230661,07.70 AP SGS 2038,7.7,Mon Dec 13 2038 05:30:00 GMT+0530 (India Standard Time),100.5145,7.6324
IN4520230363,07.70 TS SGS 2038,7.7,Mon Dec 13 2038 05:30:00 GMT+0530 (India Standard Time),100.5145,7.6324
IN1920230134,07.60 KA SGS 2038,7.6,Mon Dec 20 2038 05:30:00 GMT+0530 (India Standard Time),99.7271,7.6324
IN1720230094,07.61 HP SGS 2038,7.61,Mon Dec 20 2038 05:30:00 GMT+0530 (India Standard Time),99.8059,7.6324
IN2020230180,07.62 KL SGS 2038,7.62,Mon Dec 20 2038 05:30:00 GMT+0530 (India Standard Time),99.8847,7.6324
IN1320230148,07.63 BR SGS 2038,7.63,Mon Dec 20 2038 05:30:00 GMT+0530 (India Standard Time),99.9636,7.6324
IN3420230168,07.63 WB SGS 2038,7.63,Mon Dec 20 2038 05:30:00 GMT+0530 (India Standard Time),99.9636,7.6324
IN3120210270,07.07 TN SDL 2038,7.07,Wed Dec 22 2038 05:30:00 GMT+0530 (India Standard Time),95.548,7.6324
IN1920250066,07.53 KA SGS 2038,7.53,Fri Dec 31 2038 05:30:00 GMT+0530 (India Standard Time),99.1751,7.6324
IN2320250060,07.54 MN SGS 2038,7.54,Fri Dec 31 2038 05:30:00 GMT+0530 (India Standard Time),99.254,7.6324
IN1020240678,07.17 AP SGS 2039,7.17,Sat Jan 01 2039 05:30:00 GMT+0530 (India Standard Time),95.8884,7.6903
IN1620180084,08.25 HR SDL 2039,8.25,Sun Jan 02 2039 05:30:00 GMT+0530 (India Standard Time),104.3899,7.6903
IN1320230155,07.73 BR SGS 2039,7.73,Mon Jan 03 2039 05:30:00 GMT+0530 (India Standard Time),100.2966,7.6903
IN1020200524,06.64 AP SDL 2039,6.64,Thu Jan 06 2039 05:30:00 GMT+0530 (India Standard Time),91.7117,7.6903
IN1620250283,07.60 HR SGS 2039,7.6,Fri Jan 14 2039 05:30:00 GMT+0530 (India Standard Time),99.2737,7.6903
IN1720230110,07.64 HP SGS 2039,7.64,Mon Jan 17 2039 05:30:00 GMT+0530 (India Standard Time),99.5895,7.6903
IN1920230217,07.68 KA SGS 2039,7.68,Mon Jan 17 2039 05:30:00 GMT+0530 (India Standard Time),99.905,7.6903
IN1320230163,07.73 BR SGS 2039 17 JAN,7.73,Mon Jan 17 2039 05:30:00 GMT+0530 (India Standard Time),100.2994,7.6903
IN2520230086,07.73 MZ SGS 2039,7.73,Mon Jan 24 2039 05:30:00 GMT+0530 (India Standard Time),100.3012,7.6903
IN1320230171,07.74 BR SGS 2039,7.74,Mon Jan 24 2039 05:30:00 GMT+0530 (India Standard Time),100.3802,7.6903
IN1920210318,07.36 KA SDL 2039,7.36,Tue Jan 25 2039 05:30:00 GMT+0530 (India Standard Time),97.3795,7.6903
IN3420220227,07.66 WB SGS 2039,7.66,Tue Jan 25 2039 05:30:00 GMT+0530 (India Standard Time),99.7487,7.6903
IN2020250238,07.64 KL SGS 2039,7.64,Fri Jan 28 2039 05:30:00 GMT+0530 (India Standard Time),99.5913,7.6903
IN4520180162,08.25 TS SDL 2039,8.25,Sun Jan 30 2039 05:30:00 GMT+0530 (India Standard Time),104.4124,7.6903
IN1320230189,07.69 BR SGS 2039,7.69,Mon Jan 31 2039 05:30:00 GMT+0530 (India Standard Time),99.9868,7.6903
IN3420220235,07.71 WB SGS 2039,7.71,Tue Feb 01 2039 05:30:00 GMT+0530 (India Standard Time),100.1451,7.6903
IN1020250529,07.68 AP SGS 2039,7.68,Fri Feb 04 2039 05:30:00 GMT+0530 (India Standard Time),100.1652,7.6579
IN2220240435,07.14 MH SGS 2039,7.14,Sat Feb 05 2039 05:30:00 GMT+0530 (India Standard Time),95.6385,7.6903
IN3420180132,08.41 WB SDL 2039,8.41,Sun Feb 06 2039 05:30:00 GMT+0530 (India Standard Time),105.6832,7.6903
IN1620180092,08.43 HR SDL 2039,8.43,Sun Feb 06 2039 05:30:00 GMT+0530 (India Standard Time),105.8413,7.6903
IN1020230778,07.49 AP SGS 2039,7.49,Mon Feb 07 2039 05:30:00 GMT+0530 (India Standard Time),98.4065,7.6903
IN1320230197,07.52 BR SGS 2039,7.52,Mon Feb 07 2039 05:30:00 GMT+0530 (India Standard Time),98.6438,7.6903
IN4520250684,07.76 TS SGS 2039,7.76,Fri Feb 11 2039 05:30:00 GMT+0530 (India Standard Time),100.5438,7.6903
IN1320250278,07.86 BR SGS 2039,7.86,Fri Feb 11 2039 05:30:00 GMT+0530 (India Standard Time),101.3353,7.6903
IN1020230810,07.44 AP SGS 2039,7.44,Mon Feb 14 2039 05:30:00 GMT+0530 (India Standard Time),98.0111,7.6903
IN1320230205,07.49 BR SGS 2039,7.49,Mon Feb 14 2039 05:30:00 GMT+0530 (India Standard Time),98.4071,7.6903
IN2120250419,07.62 MP SGS 2039,7.62,Fri Feb 18 2039 05:30:00 GMT+0530 (India Standard Time),99.4374,7.6903
IN2020250253,07.66 KL SGS 2039,7.66,Fri Feb 18 2039 05:30:00 GMT+0530 (India Standard Time),99.5599,7.7149
IN3820240064,07.15 PY SGS 2039,7.15,Sun Feb 20 2039 05:30:00 GMT+0530 (India Standard Time),95.7132,7.6903
IN3320240077,07.16 UP SGS 2039 20 FEB,7.16,Sun Feb 20 2039 05:30:00 GMT+0530 (India Standard Time),95.7924,7.6903
IN1020230836,07.44 AP SGS 2039 21 FEB,7.44,Mon Feb 21 2039 05:30:00 GMT+0530 (India Standard Time),98.0115,7.6903
IN1320230213,07.47 BR SGS 2039,7.47,Mon Feb 21 2039 05:30:00 GMT+0530 (India Standard Time),98.2493,7.6903
IN2820220191,07.59 PN SGS 2039,7.59,Tue Feb 22 2039 05:30:00 GMT+0530 (India Standard Time),99.2006,7.6903
IN1920210391,07.13 KA SDL 2039,7.13,Wed Feb 23 2039 05:30:00 GMT+0530 (India Standard Time),95.5539,7.6903
IN1920200608,07.35 KA SDL 2039,7.35,Thu Feb 24 2039 05:30:00 GMT+0530 (India Standard Time),97.2981,7.6903
IN1620180100,08.42 HR SDL 2039,8.42,Sun Feb 27 2039 05:30:00 GMT+0530 (India Standard Time),105.786,7.6903
IN4520180188,08.52 TS SDL 2039,8.52,Sun Feb 27 2039 05:30:00 GMT+0530 (India Standard Time),106.5793,7.6903
IN2220240468,07.18 MH SGS 2039,7.18,Sun Feb 27 2039 05:30:00 GMT+0530 (India Standard Time),95.9495,7.6903
IN1920230282,07.42 KA SGS 2039,7.42,Mon Feb 28 2039 05:30:00 GMT+0530 (India Standard Time),97.8535,7.6903
IN2920230462,07.42 RJ SGS 2039,7.42,Mon Feb 28 2039 05:30:00 GMT+0530 (India Standard Time),97.8535,7.6903
IN1320230221,07.43 BR SGS 2039,7.43,Mon Feb 28 2039 05:30:00 GMT+0530 (India Standard Time),97.9329,7.6903
IN2820220217,07.69 PN SGS 2039,7.69,Tue Mar 01 2039 05:30:00 GMT+0530 (India Standard Time),99.9967,7.6903
IN2920220299,07.69 RJ SGS 2039,7.69,Tue Mar 01 2039 05:30:00 GMT+0530 (India Standard Time),99.9967,7.6903
IN3420220243,07.69 WB SGS 2039,7.69,Tue Mar 01 2039 05:30:00 GMT+0530 (India Standard Time),99.9967,7.6903
IN1020210531,07.13 AP SDL 2039,7.13,Wed Mar 02 2039 05:30:00 GMT+0530 (India Standard Time),95.5516,7.6903
IN1920250298,07.54 KA SGS 2039,7.54,Fri Mar 04 2039 05:30:00 GMT+0530 (India Standard Time),98.8068,7.6903
IN2120250450,07.56 MP SGS 2039,7.56,Fri Mar 04 2039 05:30:00 GMT+0530 (India Standard Time),99.1185,7.6709
IN3320240093,07.25 UP SGS 2039,7.25,Sat Mar 05 2039 05:30:00 GMT+0530 (India Standard Time),96.5032,7.6903
IN1620240326,07.26 HR SGS 2039,7.26,Sat Mar 05 2039 05:30:00 GMT+0530 (India Standard Time),96.5826,7.6903
IN2120240188,07.26 MP SGS 2039,7.26,Sat Mar 05 2039 05:30:00 GMT+0530 (India Standard Time),96.5826,7.6903
IN2720240125,07.30 OD SGS 2039,7.3,Sat Mar 05 2039 05:30:00 GMT+0530 (India Standard Time),96.9002,7.6903
IN3420240233,07.30 WB SGS 2039,7.3,Sat Mar 05 2039 05:30:00 GMT+0530 (India Standard Time),96.9002,7.6903
IN1320230239,07.40 BR SGS 2039,7.4,Sun Mar 06 2039 05:30:00 GMT+0530 (India Standard Time),97.6937,7.6903
IN2520230102,07.40 MZ SGS 2039,7.4,Sun Mar 06 2039 05:30:00 GMT+0530 (India Standard Time),97.6937,7.6903
IN3420220268,07.75 WB SGS 2039,7.75,Tue Mar 08 2039 05:30:00 GMT+0530 (India Standard Time),100.4729,7.6903
IN1920200673,07.29 KA SDL 2039,7.29,Thu Mar 10 2039 05:30:00 GMT+0530 (India Standard Time),96.8169,7.6903
IN1020250578,07.62 AP SGS 2039,7.62,Fri Mar 11 2039 05:30:00 GMT+0530 (India Standard Time),99.4388,7.6903
IN1620240334,07.23 HR SGS 2039,7.23,Sat Mar 12 2039 05:30:00 GMT+0530 (India Standard Time),96.3384,7.6903
IN3420240258,07.28 WB SGS 2039,7.28,Sat Mar 12 2039 05:30:00 GMT+0530 (India Standard Time),96.7358,7.6903
IN1320230247,07.39 BR SGS 2039,7.39,Sun Mar 13 2039 05:30:00 GMT+0530 (India Standard Time),97.6095,7.6903
IN1920200699,07.19 KA SDL 2039,7.19,Thu Mar 17 2039 05:30:00 GMT+0530 (India Standard Time),96.0161,7.6903
IN3320240143,07.17 UP SGS 2039,7.17,Sat Mar 19 2039 05:30:00 GMT+0530 (India Standard Time),95.8553,7.6903
IN2220230345,07.45 MH SGS 2039,7.45,Tue Mar 22 2039 05:30:00 GMT+0530 (India Standard Time),98.0812,7.6903
IN3320230326,07.46 UP SGS 2039,7.46,Tue Mar 22 2039 05:30:00 GMT+0530 (India Standard Time),98.1608,7.6903
IN2820220225,07.74 PN SGS 2039,7.74,Wed Mar 23 2039 05:30:00 GMT+0530 (India Standard Time),100.3889,7.6903
IN1620250432,07.76 HR SGS 2039,7.76,Fri Mar 25 2039 05:30:00 GMT+0530 (India Standard Time),100.5476,7.6903
IN2320250078,07.88 MN SGS 2039,7.88,Fri Mar 25 2039 05:30:00 GMT+0530 (India Standard Time),101.503,7.6903
IN1620240367,07.08 HR SGS 2039,7.08,Sat Mar 26 2039 05:30:00 GMT+0530 (India Standard Time),95.1327,7.6903
IN2220230352,07.45 MH SGS 2039 27 MAR,7.45,Sun Mar 27 2039 05:30:00 GMT+0530 (India Standard Time),98.0784,7.6903
IN1420230246,07.52 GA SGS 2039,7.52,Sun Mar 27 2039 05:30:00 GMT+0530 (India Standard Time),98.6359,7.6903
IN1720230144,07.52 HP SGS 2039,7.52,Sun Mar 27 2039 05:30:00 GMT+0530 (India Standard Time),98.6359,7.6903
IN3320230383,07.52 UP SGS 2039,7.52,Sun Mar 27 2039 05:30:00 GMT+0530 (India Standard Time),98.6359,7.6903
IN3420230309,07.52 WB SGS 2039,7.52,Sun Mar 27 2039 05:30:00 GMT+0530 (India Standard Time),98.6359,7.6903
IN2020220181,07.83 KL SGS 2039,7.83,Tue Mar 29 2039 05:30:00 GMT+0530 (India Standard Time),101.1043,7.6903
IN2220240013,07.43 MH SGS 2039,7.43,Sun Apr 03 2039 05:30:00 GMT+0530 (India Standard Time),97.9158,7.6903
IN2220260029,07.91 MH SGS 2039,7.91,Fri Apr 08 2039 05:30:00 GMT+0530 (India Standard Time),101.7412,7.6903
IN1020210028,06.78 AP SDL 2039,6.78,Sat Apr 09 2039 05:30:00 GMT+0530 (India Standard Time),92.7283,7.6903
IN1620250010,06.81 HR SGS 2039,6.81,Sat Apr 09 2039 05:30:00 GMT+0530 (India Standard Time),92.9675,7.6903
IN1020190055,08.18 AP SDL 2039,8.18,Sun Apr 10 2039 05:30:00 GMT+0530 (India Standard Time),103.8949,7.6903
IN2220250038,06.75 MH SGS 2039,6.75,Sat Apr 23 2039 05:30:00 GMT+0530 (India Standard Time),92.4725,7.6903
IN2020240015,07.49 KL SGS 2039,7.49,Sun Apr 24 2039 05:30:00 GMT+0530 (India Standard Time),98.385,7.6903
IN2220250079,06.78 MH SGS 2039,6.78,Sat Apr 30 2039 05:30:00 GMT+0530 (India Standard Time),92.7045,7.6903
IN2920240032,07.52 RJ SGS 2039,7.52,Mon May 02 2039 05:30:00 GMT+0530 (India Standard Time),98.622,7.6903
IN1020210036,06.90 AP SDL 2039,6.9,Thu May 05 2039 05:30:00 GMT+0530 (India Standard Time),93.6594,7.6903
IN2120250021,06.77 MP SGS 2039,6.77,Sat May 07 2039 05:30:00 GMT+0530 (India Standard Time),92.6169,7.6903
IN1620250036,06.77 HR SGS 2039,6.77,Sat May 14 2039 05:30:00 GMT+0530 (India Standard Time),92.6095,7.6903
IN1020230125,07.35 AP SGS 2039,7.35,Tue May 17 2039 05:30:00 GMT+0530 (India Standard Time),97.2552,7.6903
IN1620250044,06.70 HR SGS 2039,6.7,Sat May 21 2039 05:30:00 GMT+0530 (India Standard Time),92.041,7.6903
IN2520240010,07.37 MZ SGS 2039,7.37,Sun May 29 2039 05:30:00 GMT+0530 (India Standard Time),97.4109,7.6903
IN2920240099,07.37 RJ SGS 2039,7.37,Sun May 29 2039 05:30:00 GMT+0530 (India Standard Time),97.4109,7.6903
IN1020250156,06.84 AP SGS 2039,6.84,Sat Jun 04 2039 05:30:00 GMT+0530 (India Standard Time),93.1518,7.6903
IN4520230066,07.39 TS SGS 2039,7.39,Tue Jun 07 2039 05:30:00 GMT+0530 (India Standard Time),97.5689,7.6903
IN1020210127,07.01 AP SDL 2039,7.01,Thu Jun 09 2039 05:30:00 GMT+0530 (India Standard Time),94.5139,7.6903
IN1620250077,07.03 HR SGS 2039,7.03,Sat Jun 11 2039 05:30:00 GMT+0530 (India Standard Time),94.6734,7.6903
IN1020250198,07.05 AP SGS 2039,7.05,Sat Jun 11 2039 05:30:00 GMT+0530 (India Standard Time),94.8342,7.6903
IN2520250019,07.08 MZ SGS 2039,7.08,Sat Jun 11 2039 05:30:00 GMT+0530 (India Standard Time),95.0754,7.6903
IN2920220067,07.85 RJ SDL 2039,7.85,Wed Jun 22 2039 05:30:00 GMT+0530 (India Standard Time),101.2687,7.6903
IN1520260101,07.61 GJ SGS 2039,7.61,Fri Jun 24 2039 05:30:00 GMT+0530 (India Standard Time),99.3363,7.6903
IN2220250111,07.08 MH SGS 2039,7.08,Sat Jun 25 2039 05:30:00 GMT+0530 (India Standard Time),95.0673,7.6903
IN3420240027,07.34 WB SGS 2039,7.34,Sun Jun 26 2039 05:30:00 GMT+0530 (India Standard Time),97.1613,7.6903
IN2520240028,07.36 MZ SGS 2039,7.36,Sun Jun 26 2039 05:30:00 GMT+0530 (India Standard Time),97.3224,7.6903
IN1020230265,07.43 AP SGS 2039,7.43,Tue Jun 28 2039 05:30:00 GMT+0530 (India Standard Time),97.8859,7.6903
IN1020220266,07.95 AP SDL 2039,7.95,Wed Jun 29 2039 05:30:00 GMT+0530 (India Standard Time),102.0764,7.6903
IN4520260063,07.53 TS SGS 2039,7.53,Fri Jul 01 2039 05:30:00 GMT+0530 (India Standard Time),98.4933,7.7151
IN1020260080,07.56 AP SGS 2039,7.56,Fri Jul 01 2039 05:30:00 GMT+0530 (India Standard Time),99.3999,7.6322
IN2820260072,07.62 PN SGS 2039,7.62,Fri Jul 01 2039 05:30:00 GMT+0530 (India Standard Time),99.585,7.6694
IN1020230307,07.52 AP SGS 2039,7.52,Tue Jul 05 2039 05:30:00 GMT+0530 (India Standard Time),98.6108,7.6903
IN1720260042,07.56 HP SGS 2039,7.56,Fri Jul 08 2039 05:30:00 GMT+0530 (India Standard Time),98.6889,7.7208
IN2020260062,07.56 KL SGS 2039,7.56,Fri Jul 08 2039 05:30:00 GMT+0530 (India Standard Time),98.65,7.7257
IN3020260011,07.58 SK SGS 2039,7.58,Fri Jul 08 2039 05:30:00 GMT+0530 (India Standard Time),98.3316,7.7859
IN1420240013,07.33 GA SGS 2039,7.33,Sun Jul 10 2039 05:30:00 GMT+0530 (India Standard Time),97.0772,7.6903
IN4520230132,07.44 TS SGS 2039,7.44,Tue Jul 12 2039 05:30:00 GMT+0530 (India Standard Time),97.9648,7.6903
IN1020220316,07.97 AP SDL 2039,7.97,Wed Jul 13 2039 05:30:00 GMT+0530 (India Standard Time),102.2437,7.6903
IN2820190030,06.97 PN SDL 2039,6.97,Sun Jul 17 2039 05:30:00 GMT+0530 (India Standard Time),94.1678,7.6903
IN3120190050,06.97 TN SDL 2039,6.97,Sun Jul 17 2039 05:30:00 GMT+0530 (India Standard Time),94.1678,7.6903
IN1220240049,07.35 AS SGS 2039,7.35,Sun Jul 24 2039 05:30:00 GMT+0530 (India Standard Time),97.2363,7.6903
IN1620250119,07.06 HR SGS 2039,7.06,Sat Jul 30 2039 05:30:00 GMT+0530 (India Standard Time),94.889,7.6903
IN2220240088,07.30 MH SGS 2039,7.3,Sun Jul 31 2039 05:30:00 GMT+0530 (India Standard Time),96.831,7.6903
IN1020240421,07.33 AP SGS 2039,7.33,Sun Jul 31 2039 05:30:00 GMT+0530 (India Standard Time),97.0737,7.6903
IN2120190045,07.23 MP SDL 2039,7.23,Sun Aug 07 2039 05:30:00 GMT+0530 (India Standard Time),96.263,7.6903
IN2220240112,07.27 MH SGS 2039,7.27,Sun Aug 07 2039 05:30:00 GMT+0530 (India Standard Time),96.587,7.6903
IN1220240056,07.30 AS SGS 2039,7.3,Sun Aug 07 2039 05:30:00 GMT+0530 (India Standard Time),96.8299,7.6903
IN1020200292,06.60 AP SDL 2039,6.6,Fri Aug 12 2039 05:30:00 GMT+0530 (India Standard Time),91.1562,7.6903
IN2020230115,07.47 KL SGS 2039,7.47,Wed Aug 17 2039 05:30:00 GMT+0530 (India Standard Time),98.2075,7.6903
IN1620200080,06.68 HR SDL 2039,6.68,Fri Aug 19 2039 05:30:00 GMT+0530 (India Standard Time),91.7993,7.6903
IN1320250062,07.48 BR SGS 2039,7.48,Sat Aug 20 2039 05:30:00 GMT+0530 (India Standard Time),98.2889,7.6903
IN1620240136,07.25 HR SGS 2039,7.25,Sun Aug 21 2039 05:30:00 GMT+0530 (India Standard Time),96.4228,7.6903
IN2520230052,07.46 MZ SGS 2039,7.46,Tue Aug 23 2039 05:30:00 GMT+0530 (India Standard Time),98.1269,7.6903
IN2220260086,07.63 MH SGS 2039,7.63,Sat Aug 27 2039 05:30:00 GMT+0530 (India Standard Time),99.7996,7.6543
IN2220240195,07.24 MH SGS 2039,7.24,Sun Aug 28 2039 05:30:00 GMT+0530 (India Standard Time),96.6929,7.6459
IN1220240064,07.26 AS SGS 2039,7.26,Sun Aug 28 2039 05:30:00 GMT+0530 (India Standard Time),96.5032,7.6903
IN2020240122,07.26 KL SGS 2039,7.26,Sun Aug 28 2039 05:30:00 GMT+0530 (India Standard Time),96.5032,7.6903
IN1620250135,07.52 HR SGS 2039,7.52,Sun Aug 28 2039 05:30:00 GMT+0530 (India Standard Time),98.6148,7.6903
IN1020220456,07.71 AP SGS 2039,7.71,Tue Aug 30 2039 05:30:00 GMT+0530 (India Standard Time),100.1587,7.6903
IN2920230165,07.41 RJ SGS 2039,7.41,Tue Aug 30 2039 05:30:00 GMT+0530 (India Standard Time),97.7216,7.6903
IN3420230051,07.41 WB SGS 2039,7.41,Tue Aug 30 2039 05:30:00 GMT+0530 (India Standard Time),97.7216,7.6903
IN2020210133,07.06 KL SDL 2039,7.06,Thu Sep 01 2039 05:30:00 GMT+0530 (India Standard Time),94.878,7.6903
IN1020200342,06.68 AP SDL 2039,6.68,Fri Sep 02 2039 05:30:00 GMT+0530 (India Standard Time),91.7899,7.6903
IN4520230215,07.44 TS SGS 2039 06 SEP,7.44,Tue Sep 06 2039 05:30:00 GMT+0530 (India Standard Time),97.9645,7.6903
IN1020210242,07.00 AP SDL 2039 08 SEP,7,Thu Sep 08 2039 05:30:00 GMT+0530 (India Standard Time),94.3852,7.6903
IN1720240085,07.22 HP SGS 2039,7.22,Sun Sep 11 2039 05:30:00 GMT+0530 (India Standard Time),96.1717,7.6903
IN2120230049,07.46 MP SGS 2039,7.46,Tue Sep 13 2039 05:30:00 GMT+0530 (India Standard Time),98.1229,7.6903
IN1620250168,07.43 HR SGS 2039,7.43,Sat Sep 17 2039 05:30:00 GMT+0530 (India Standard Time),97.8763,7.6903
IN3420220102,07.56 WB SGS 2039,7.56,Wed Sep 21 2039 05:30:00 GMT+0530 (India Standard Time),98.9328,7.6903
IN2920240297,07.13 RJ SGS 2039,7.13,Sun Sep 25 2039 05:30:00 GMT+0530 (India Standard Time),95.4272,7.6903
IN2020230149,07.45 KL SGS 2039,7.45,Tue Sep 27 2039 05:30:00 GMT+0530 (India Standard Time),98.0336,7.6903
IN3420230085,07.46 WB SGS 2039,7.46,Tue Sep 27 2039 05:30:00 GMT+0530 (India Standard Time),98.1151,7.6903
IN1020200383,07.00 AP SDL 2039,7,Fri Sep 30 2039 05:30:00 GMT+0530 (India Standard Time),94.363,7.6903
IN1620250184,07.43 HR SGS 2039 01 OCT,7.43,Sat Oct 01 2039 05:30:00 GMT+0530 (India Standard Time),97.8684,7.6903
IN4520240321,07.12 TS SGS 2039,7.12,Mon Oct 03 2039 05:30:00 GMT+0530 (India Standard Time),95.3389,7.6903
IN1220240106,07.13 AS SGS 2039,7.13,Mon Oct 03 2039 05:30:00 GMT+0530 (India Standard Time),95.4204,7.6903
IN3420230101,07.59 WB SGS 2039,7.59,Tue Oct 04 2039 05:30:00 GMT+0530 (India Standard Time),99.1719,7.6903
IN1020210325,07.09 AP SDL 2039,7.09,Thu Oct 06 2039 05:30:00 GMT+0530 (India Standard Time),95.0916,7.6903
IN2520240069,07.15 MZ SGS 2039,7.15,Sun Oct 09 2039 05:30:00 GMT+0530 (India Standard Time),95.5788,7.6903
IN1020200417,06.91 AP SDL 2039,6.91,Fri Oct 14 2039 05:30:00 GMT+0530 (India Standard Time),93.6149,7.6903
IN4520230280,07.65 TS SGS 2039,7.65,Tue Oct 18 2039 05:30:00 GMT+0530 (India Standard Time),99.6575,7.6903
IN3420220144,07.74 WB SGS 2039,7.74,Wed Oct 19 2039 05:30:00 GMT+0530 (India Standard Time),100.3927,7.6903
IN3420220169,07.95 WB SGS 2039,7.95,Thu Oct 27 2039 05:30:00 GMT+0530 (India Standard Time),102.1094,7.6903
IN1620250226,07.35 HR SGS 2039,7.35,Sat Oct 29 2039 05:30:00 GMT+0530 (India Standard Time),97.2005,7.6903
IN3320250076,07.35 UP SGS 2039,7.35,Sat Oct 29 2039 05:30:00 GMT+0530 (India Standard Time),97.2005,7.6903
IN1020240553,07.15 AP SGS 2039,7.15,Sun Oct 30 2039 05:30:00 GMT+0530 (India Standard Time),95.5635,7.6903
IN2020240189,07.15 KL SGS 2039,7.15,Sun Oct 30 2039 05:30:00 GMT+0530 (India Standard Time),95.5635,7.6903
IN2320240046,07.15 MN SGS 2039,7.15,Sun Oct 30 2039 05:30:00 GMT+0530 (India Standard Time),95.5635,7.6903
IN2920230264,07.74 RJ SGS 2039,7.74,Tue Nov 01 2039 05:30:00 GMT+0530 (India Standard Time),100.3912,7.6903
IN4520220232,07.84 TS SGS 2039,7.84,Wed Nov 02 2039 05:30:00 GMT+0530 (India Standard Time),101.2096,7.6903
IN1020210408,07.00 AP SDL 2039,7,Thu Nov 10 2039 05:30:00 GMT+0530 (India Standard Time),94.3279,7.6903
IN1720240101,07.13 HP SGS 2039,7.13,Sun Nov 13 2039 05:30:00 GMT+0530 (India Standard Time),95.391,7.6903
IN4520240370,07.13 TS SGS 2039,7.13,Sun Nov 13 2039 05:30:00 GMT+0530 (India Standard Time),95.391,7.6903
IN3420240134,07.18 WB SGS 2039,7.18,Sun Nov 27 2039 05:30:00 GMT+0530 (India Standard Time),95.7928,7.6903
IN2820220167,07.63 PN SGS 2039,7.63,Wed Nov 30 2039 05:30:00 GMT+0530 (India Standard Time),99.4869,7.6903
IN4520250569,07.49 TS SGS 2039,7.49,Sat Dec 03 2039 05:30:00 GMT+0530 (India Standard Time),98.3365,7.6903
IN1020240645,07.11 AP SGS 2039,7.11,Sun Dec 04 2039 05:30:00 GMT+0530 (India Standard Time),95.2139,7.6903
IN1920220093,07.63 KA SGS 2039,7.63,Wed Dec 14 2039 05:30:00 GMT+0530 (India Standard Time),99.4863,7.6903
IN3320250167,07.51 UP SGS 2039,7.51,Sat Dec 17 2039 05:30:00 GMT+0530 (India Standard Time),98.4987,7.6903
IN1220250121,07.59 AS SGS 2039,7.59,Sat Dec 17 2039 05:30:00 GMT+0530 (India Standard Time),99.157,7.6903
IN2920240396,07.12 RJ SGS 2039,7.12,Sun Dec 18 2039 05:30:00 GMT+0530 (India Standard Time),95.2885,7.6903
IN2520240085,07.13 MZ SGS 2039,7.13,Sun Dec 18 2039 05:30:00 GMT+0530 (India Standard Time),95.3708,7.6903
IN1920230142,07.64 KA SGS 2039,7.64,Tue Dec 20 2039 05:30:00 GMT+0530 (India Standard Time),99.5686,7.6903
IN2320240053,07.15 MN SGS 2039 26 DEC,7.15,Mon Dec 26 2039 05:30:00 GMT+0530 (India Standard Time),95.5317,7.6903
IN3320240051,07.16 UP SGS 2039,7.16,Mon Dec 26 2039 05:30:00 GMT+0530 (India Standard Time),95.6141,7.6903
IN3420240167,07.16 WB SGS 2039,7.16,Mon Dec 26 2039 05:30:00 GMT+0530 (India Standard Time),95.6141,7.6903
IN3420220193,07.67 WB SGS 2039,7.67,Wed Dec 28 2039 05:30:00 GMT+0530 (India Standard Time),99.8161,7.6903
IN2820220175,07.68 PN SGS 2039,7.68,Wed Dec 28 2039 05:30:00 GMT+0530 (India Standard Time),99.8985,7.6903
IN3420240183,07.15 WB SGS 2040,7.15,Sun Jan 01 2040 05:30:00 GMT+0530 (India Standard Time),95.1197,7.7417
IN1020210465,07.18 AP SDL 2040,7.18,Thu Jan 05 2040 05:30:00 GMT+0530 (India Standard Time),95.3646,7.7417
IN1020250453,07.64 AP SGS 2040,7.64,Sat Jan 07 2040 05:30:00 GMT+0530 (India Standard Time),99.1478,7.7417
IN2920250379,07.65 RJ SGS 2040,7.65,Sat Jan 07 2040 05:30:00 GMT+0530 (India Standard Time),99.2463,7.7397
IN1320240188,07.15 BR SGS 2040,7.15,Sun Jan 08 2040 05:30:00 GMT+0530 (India Standard Time),95.1165,7.7417
IN4520220323,07.59 TS SGS 2040,7.59,Wed Jan 11 2040 05:30:00 GMT+0530 (India Standard Time),98.7366,7.7417
IN1320240204,07.22 BR SGS 2040,7.22,Sun Jan 15 2040 05:30:00 GMT+0530 (India Standard Time),95.6899,7.7417
IN2520240093,07.23 MZ SGS 2040,7.23,Sun Jan 15 2040 05:30:00 GMT+0530 (India Standard Time),95.7723,7.7417
IN1920230225,07.69 KA SGS 2040,7.69,Tue Jan 17 2040 05:30:00 GMT+0530 (India Standard Time),99.5604,7.7417
IN1920210292,07.33 KA SDL 2040,7.33,Thu Jan 19 2040 05:30:00 GMT+0530 (India Standard Time),96.5948,7.7417
IN2120230155,07.71 MP SGS 2040,7.71,Tue Jan 24 2040 05:30:00 GMT+0530 (India Standard Time),99.7263,7.7417
IN1620250309,07.57 HR SGS 2040,7.57,Sat Jan 28 2040 05:30:00 GMT+0530 (India Standard Time),98.5725,7.7417
IN1320250252,07.63 BR SGS 2040,7.63,Sat Jan 28 2040 05:30:00 GMT+0530 (India Standard Time),99.0674,7.7417
IN2820220183,07.70 PN SGS 2040,7.7,Wed Feb 01 2040 05:30:00 GMT+0530 (India Standard Time),99.6453,7.7417
IN1020240728,07.16 AP SGS 2040,7.16,Sun Feb 05 2040 05:30:00 GMT+0530 (India Standard Time),95.1887,7.7417
IN1220240163,07.16 AS SGS 2040,7.16,Sun Feb 05 2040 05:30:00 GMT+0530 (India Standard Time),95.1887,7.7417
IN2120230163,07.48 MP SGS 2040,7.48,Tue Feb 07 2040 05:30:00 GMT+0530 (India Standard Time),97.8302,7.7417
IN2520230094,07.52 MZ SGS 2040,7.52,Tue Feb 07 2040 05:30:00 GMT+0530 (India Standard Time),98.1605,7.7417
IN1620250325,07.78 HR SGS 2040,7.78,Sat Feb 11 2040 05:30:00 GMT+0530 (India Standard Time),100.3086,7.7417
IN1620190166,07.03 HR SDL 2040,7.03,Sun Feb 12 2040 05:30:00 GMT+0530 (India Standard Time),94.1125,7.7417
IN4520220406,07.59 TS SGS 2040 15 FEB,7.59,Wed Feb 15 2040 05:30:00 GMT+0530 (India Standard Time),98.7396,7.7417
IN1020210507,07.13 AP SDL 2040,7.13,Thu Feb 16 2040 05:30:00 GMT+0530 (India Standard Time),94.9375,7.7417
IN2120240162,07.16 MP SGS 2040,7.16,Mon Feb 20 2040 05:30:00 GMT+0530 (India Standard Time),95.1844,7.7417
IN3820240072,07.16 PY SGS 2040,7.16,Mon Feb 20 2040 05:30:00 GMT+0530 (India Standard Time),95.1844,7.7417
IN2120230189,07.44 MP SGS 2040,7.44,Tue Feb 21 2040 05:30:00 GMT+0530 (India Standard Time),97.5001,7.7417
IN1920230266,07.45 KA SGS 2040,7.45,Tue Feb 21 2040 05:30:00 GMT+0530 (India Standard Time),97.5828,7.7417
IN1920200616,07.35 KA SDL 2040,7.35,Fri Feb 24 2040 05:30:00 GMT+0530 (India Standard Time),96.7555,7.7417
IN3520250108,07.64 CG SGS 2040,7.64,Sat Feb 25 2040 05:30:00 GMT+0530 (India Standard Time),99.1553,7.7417
IN1620190174,06.96 HR SDL 2040,6.96,Sun Feb 26 2040 05:30:00 GMT+0530 (India Standard Time),93.5278,7.7417
IN2220240476,07.19 MH SGS 2040,7.19,Mon Feb 27 2040 05:30:00 GMT+0530 (India Standard Time),95.4311,7.7417
IN2720240083,07.19 OD SGS 2040,7.19,Mon Feb 27 2040 05:30:00 GMT+0530 (India Standard Time),95.4311,7.7417
IN1220240189,07.20 AS SGS 2040,7.2,Mon Feb 27 2040 05:30:00 GMT+0530 (India Standard Time),95.5138,7.7417
IN2320240061,07.20 MN SGS 2040,7.2,Mon Feb 27 2040 05:30:00 GMT+0530 (India Standard Time),95.5138,7.7417
IN3320240085,07.20 UP SGS 2040,7.2,Mon Feb 27 2040 05:30:00 GMT+0530 (India Standard Time),95.5138,7.7417
IN1020220704,07.77 AP SGS 2040,7.77,Thu Mar 01 2040 05:30:00 GMT+0530 (India Standard Time),100.2335,7.7417
IN1620190182,07.12 HR SDL 2040,7.12,Sun Mar 04 2040 05:30:00 GMT+0530 (India Standard Time),94.8499,7.7417
IN2120190169,07.19 MP SDL 2040,7.19,Sun Mar 04 2040 05:30:00 GMT+0530 (India Standard Time),95.4298,7.7417
IN2820190147,06.97 PN SDL 2040,6.97,Sun Mar 11 2040 05:30:00 GMT+0530 (India Standard Time),93.5995,7.7417
IN1920250314,07.58 KA SGS 2040,7.58,Sun Mar 11 2040 05:30:00 GMT+0530 (India Standard Time),98.6569,7.7417
IN2120250484,07.65 MP SGS 2040,7.65,Sun Mar 11 2040 05:30:00 GMT+0530 (India Standard Time),99.2373,7.7417
IN3320240119,07.24 UP SGS 2040,7.24,Mon Mar 12 2040 05:30:00 GMT+0530 (India Standard Time),95.8372,7.7417
IN3420210277,07.46 WB SDL 2040,7.46,Fri Mar 16 2040 05:30:00 GMT+0530 (India Standard Time),97.6589,7.7417
IN1920200707,07.19 KA SDL 2040,7.19,Sat Mar 17 2040 05:30:00 GMT+0530 (India Standard Time),95.4182,7.7417
IN2520240119,07.18 MZ SGS 2040,7.18,Mon Mar 19 2040 05:30:00 GMT+0530 (India Standard Time),95.3335,7.7417
IN3320230334,07.48 UP SGS 2040,7.48,Thu Mar 22 2040 05:30:00 GMT+0530 (India Standard Time),98.2196,7.6931
IN2920220323,07.74 RJ SGS 2040,7.74,Fri Mar 23 2040 05:30:00 GMT+0530 (India Standard Time),99.9792,7.7417
IN2020240312,07.08 KL SGS 2040,7.08,Mon Mar 26 2040 05:30:00 GMT+0530 (India Standard Time),94.4971,7.7417
IN1620240375,07.09 HR SGS 2040,7.09,Mon Mar 26 2040 05:30:00 GMT+0530 (India Standard Time),94.5802,7.7417
IN1720240143,07.10 HP SGS 2040,7.1,Mon Mar 26 2040 05:30:00 GMT+0530 (India Standard Time),94.6632,7.7417
IN2320240079,07.12 MN SGS 2040,7.12,Mon Mar 26 2040 05:30:00 GMT+0530 (India Standard Time),94.8293,7.7417
IN2920230561,07.49 RJ SGS 2040,7.49,Tue Mar 27 2040 05:30:00 GMT+0530 (India Standard Time),97.9015,7.7417
IN3320230391,07.51 UP SGS 2040,7.51,Tue Mar 27 2040 05:30:00 GMT+0530 (India Standard Time),98.0677,7.7417
IN3420220300,07.89 WB SGS 2040,7.89,Thu Mar 29 2040 05:30:00 GMT+0530 (India Standard Time),101.2235,7.7417
IN2120250526,07.82 MP SGS 2040,7.82,Fri Mar 30 2040 05:30:00 GMT+0530 (India Standard Time),100.6418,7.7417
IN1020250636,07.99 AP SGS 2040,7.99,Fri Mar 30 2040 05:30:00 GMT+0530 (India Standard Time),102.1281,7.7329
IN1020250040,06.88 AP SGS 2040,6.88,Wed Apr 04 2040 05:30:00 GMT+0530 (India Standard Time),92.8274,7.7417
IN1020220027,07.34 AP SDL 2040,7.34,Sun Apr 08 2040 05:30:00 GMT+0530 (India Standard Time),96.6485,7.7417
IN3520260024,07.83 CG SGS 2040,7.83,Sun Apr 15 2040 05:30:00 GMT+0530 (India Standard Time),100.7222,7.7417
IN2220250046,06.72 MH SGS 2040,6.72,Mon Apr 23 2040 05:30:00 GMT+0530 (India Standard Time),91.4748,7.7417
IN1220250014,06.75 AS SGS 2040,6.75,Mon Apr 23 2040 05:30:00 GMT+0530 (India Standard Time),91.7247,7.7417
IN1020240074,07.49 AP SGS 2040,7.49,Tue Apr 24 2040 05:30:00 GMT+0530 (India Standard Time),97.8886,7.7417
IN2220250087,06.75 MH SGS 2040,6.75,Mon Apr 30 2040 05:30:00 GMT+0530 (India Standard Time),91.717,7.7417
IN3220250010,06.75 TR SGS 2040,6.75,Mon Apr 30 2040 05:30:00 GMT+0530 (India Standard Time),91.717,7.7417
IN1020210044,06.91 AP SDL 2040,6.91,Sat May 05 2040 05:30:00 GMT+0530 (India Standard Time),93.0462,7.7417
IN2020250022,06.78 KL SGS 2040,6.78,Mon May 07 2040 05:30:00 GMT+0530 (India Standard Time),91.9597,7.7417
IN1020230109,07.38 AP SGS 2040,7.38,Thu May 10 2040 05:30:00 GMT+0530 (India Standard Time),96.9644,7.7417
IN1220250030,06.77 AS SGS 2040,6.77,Mon May 14 2040 05:30:00 GMT+0530 (India Standard Time),91.8691,7.7417
IN3120250052,06.77 TN SGS 2040,6.77,Mon May 14 2040 05:30:00 GMT+0530 (India Standard Time),91.8691,7.7417
IN2320250011,06.83 MN SGS 2040,6.83,Mon May 14 2040 05:30:00 GMT+0530 (India Standard Time),92.3701,7.7417
IN1020240181,07.45 AP SGS 2040,7.45,Tue May 15 2040 05:30:00 GMT+0530 (India Standard Time),97.5468,7.7417
IN3220250028,06.72 TR SGS 2040,6.72,Mon May 21 2040 05:30:00 GMT+0530 (India Standard Time),91.4443,7.7417
IN2320250029,06.71 MN SGS 2040,6.71,Mon May 28 2040 05:30:00 GMT+0530 (India Standard Time),91.3535,7.7417
IN3420240019,07.37 WB SGS 2040,7.37,Tue May 29 2040 05:30:00 GMT+0530 (India Standard Time),96.873,7.7417
IN1020210093,07.04 AP SDL 2040,7.04,Sat Jun 02 2040 05:30:00 GMT+0530 (India Standard Time),94.1107,7.7417
IN4520240099,07.44 TS SGS 2040,7.44,Tue Jun 05 2040 05:30:00 GMT+0530 (India Standard Time),97.4567,7.7417
IN2920240123,07.45 RJ SGS 2040,7.45,Tue Jun 05 2040 05:30:00 GMT+0530 (India Standard Time),97.5404,7.7417
IN1520260069,07.70 GJ SGS 2040,7.7,Sun Jun 10 2040 05:30:00 GMT+0530 (India Standard Time),99.6328,7.7417
IN1020250206,07.08 AP SGS 2040,7.08,Mon Jun 11 2040 05:30:00 GMT+0530 (India Standard Time),94.4398,7.7417
IN3820250014,07.09 PY SGS 2040,7.09,Mon Jun 11 2040 05:30:00 GMT+0530 (India Standard Time),94.5235,7.7417
IN1020230257,07.35 AP SGS 2040,7.35,Thu Jun 21 2040 05:30:00 GMT+0530 (India Standard Time),96.698,7.7417
IN1620250093,07.04 HR SGS 2040,7.04,Mon Jun 25 2040 05:30:00 GMT+0530 (India Standard Time),94.0962,7.7417
IN2220250129,07.04 MH SGS 2040,7.04,Mon Jun 25 2040 05:30:00 GMT+0530 (India Standard Time),94.0962,7.7417
IN1020220274,07.95 AP SDL 2040,7.95,Fri Jun 29 2040 05:30:00 GMT+0530 (India Standard Time),101.7317,7.7417
IN1020220290,07.95 AP SDL 2040 06 JUL,7.95,Fri Jul 06 2040 05:30:00 GMT+0530 (India Standard Time),101.734,7.7417
IN2320260036,07.64 MN SGS 2040,7.64,Sun Jul 08 2040 05:30:00 GMT+0530 (India Standard Time),98.7189,7.791
IN4920250078,07.14 JK SGS 2040,7.14,Mon Jul 09 2040 05:30:00 GMT+0530 (India Standard Time),94.9287,7.7417
IN2520250027,07.14 MZ SGS 2040,7.14,Mon Jul 09 2040 05:30:00 GMT+0530 (India Standard Time),94.9287,7.7417
IN1020240413,07.33 AP SGS 2040,7.33,Wed Jul 18 2040 05:30:00 GMT+0530 (India Standard Time),96.5233,7.7417
IN4520240172,07.33 TS SGS 2040,7.33,Wed Jul 18 2040 05:30:00 GMT+0530 (India Standard Time),96.5233,7.7417
IN2320250037,07.10 MN SGS 2040,7.1,Mon Jul 23 2040 05:30:00 GMT+0530 (India Standard Time),94.5865,7.7417
IN4520240198,07.35 TS SGS 2040,7.35,Tue Jul 24 2040 05:30:00 GMT+0530 (India Standard Time),96.6905,7.7417
IN3420240043,07.36 WB SGS 2040,7.36,Tue Jul 24 2040 05:30:00 GMT+0530 (India Standard Time),96.7747,7.7417
IN1620250127,07.15 HR SGS 2040,7.15,Mon Jul 30 2040 05:30:00 GMT+0530 (India Standard Time),95.005,7.7417
IN2820250099,07.19 PN SGS 2040,7.19,Mon Jul 30 2040 05:30:00 GMT+0530 (India Standard Time),95.3419,7.7417
IN3420240050,07.35 WB SGS 2040,7.35,Tue Jul 31 2040 05:30:00 GMT+0530 (India Standard Time),96.6896,7.7417
IN1020230372,07.45 AP SGS 2040 02 AUG,7.45,Thu Aug 02 2040 05:30:00 GMT+0530 (India Standard Time),97.5319,7.7417
IN2020230107,07.45 KL SGS 2040,7.45,Thu Aug 02 2040 05:30:00 GMT+0530 (India Standard Time),97.5319,7.7417
IN4520230173,07.45 TS SGS 2040,7.45,Thu Aug 02 2040 05:30:00 GMT+0530 (India Standard Time),97.5319,7.7417
IN1620200072,06.48 HR SDL 2040,6.48,Sun Aug 05 2040 05:30:00 GMT+0530 (India Standard Time),89.3564,7.7417
IN2720260032,07.64 OD SGS 2040,7.64,Sun Aug 05 2040 05:30:00 GMT+0530 (India Standard Time),99.05,7.7516
IN1320250047,07.22 BR SGS 2040 06 AUG,7.22,Mon Aug 06 2040 05:30:00 GMT+0530 (India Standard Time),95.5931,7.7417
IN2520250035,07.26 MZ SGS 2040,7.26,Mon Aug 06 2040 05:30:00 GMT+0530 (India Standard Time),95.9303,7.7417
IN4520240222,07.29 TS SGS 2040,7.29,Tue Aug 07 2040 05:30:00 GMT+0530 (India Standard Time),96.183,7.7417
IN2020240106,07.31 KL SGS 2040,7.31,Tue Aug 07 2040 05:30:00 GMT+0530 (India Standard Time),96.3516,7.7417
IN1020220415,07.96 AP SDL 2040,7.96,Fri Aug 10 2040 05:30:00 GMT+0530 (India Standard Time),101.8329,7.7417
IN1020200300,06.60 AP SDL 2040,6.6,Sun Aug 12 2040 05:30:00 GMT+0530 (India Standard Time),90.362,7.7417
IN4920250102,07.35 JK SGS 2040,7.35,Mon Aug 13 2040 05:30:00 GMT+0530 (India Standard Time),96.6883,7.7417
IN2220240153,07.23 MH SGS 2040,7.23,Tue Aug 21 2040 05:30:00 GMT+0530 (India Standard Time),95.6746,7.7417
IN1020200318,06.77 AP SDL 2040,6.77,Sun Aug 26 2040 05:30:00 GMT+0530 (India Standard Time),91.7873,7.7417
IN1720250084,07.56 HP SGS 2040,7.56,Tue Aug 28 2040 05:30:00 GMT+0530 (India Standard Time),98.4624,7.7417
IN2820200102,06.70 PN SDL 2040,6.7,Sun Sep 02 2040 05:30:00 GMT+0530 (India Standard Time),91.1919,7.7417
IN2020240148,07.24 KL SGS 2040,7.24,Tue Sep 04 2040 05:30:00 GMT+0530 (India Standard Time),95.7574,7.7417
IN2220240237,07.24 MH SGS 2040,7.24,Tue Sep 04 2040 05:30:00 GMT+0530 (India Standard Time),95.7574,7.7417
IN1020230430,07.44 AP SGS 2040,7.44,Thu Sep 06 2040 05:30:00 GMT+0530 (India Standard Time),97.4475,7.7417
IN1020220472,07.58 AP SGS 2040,7.58,Fri Sep 07 2040 05:30:00 GMT+0530 (India Standard Time),98.6312,7.7417
IN3420200104,06.77 WB SDL 2040,6.77,Sun Sep 09 2040 05:30:00 GMT+0530 (India Standard Time),91.7763,7.7417
IN1620250143,07.47 HR SGS 2040,7.47,Mon Sep 10 2040 05:30:00 GMT+0530 (India Standard Time),97.6987,7.7417
IN1020220498,07.45 AP SGS 2040,7.45,Fri Sep 14 2040 05:30:00 GMT+0530 (India Standard Time),97.5269,7.7417
IN4520200168,06.84 TS SDL 2040,6.84,Sun Sep 16 2040 05:30:00 GMT+0530 (India Standard Time),92.3604,7.7417
IN2720250082,07.43 OD SGS 2040,7.43,Mon Sep 17 2040 05:30:00 GMT+0530 (India Standard Time),97.3557,7.7417
IN4920250136,07.47 JK SGS 2040,7.47,Mon Sep 17 2040 05:30:00 GMT+0530 (India Standard Time),97.6945,7.7417
IN2720240182,07.17 OD SGS 2040,7.17,Wed Sep 19 2040 05:30:00 GMT+0530 (India Standard Time),95.1522,7.7417
IN4520220182,07.56 TS SGS 2040,7.56,Fri Sep 21 2040 05:30:00 GMT+0530 (India Standard Time),98.4546,7.7417
IN1020210283,06.87 AP SDL 2040,6.87,Sat Sep 22 2040 05:30:00 GMT+0530 (India Standard Time),92.6077,7.7417
IN2020220066,07.69 KL SGS 2040,7.69,Fri Sep 28 2040 05:30:00 GMT+0530 (India Standard Time),99.5535,7.7417
IN2820200110,06.95 PN SDL 2040,6.95,Sun Sep 30 2040 05:30:00 GMT+0530 (India Standard Time),93.2774,7.7417
IN1620200106,07.05 HR SDL 2040,7.05,Sun Sep 30 2040 05:30:00 GMT+0530 (India Standard Time),94.1254,7.7417
IN2020250188,07.49 KL SGS 2040,7.49,Mon Oct 01 2040 05:30:00 GMT+0530 (India Standard Time),97.8562,7.7417
IN4520210167,07.09 TS SDL 2040,7.09,Sat Oct 06 2040 05:30:00 GMT+0530 (India Standard Time),94.4595,7.7417
IN1020200409,07.03 AP SDL 2040,7.03,Sun Oct 07 2040 05:30:00 GMT+0530 (India Standard Time),93.9494,7.7417
IN3420200120,07.09 WB SDL 2040,7.09,Sun Oct 07 2040 05:30:00 GMT+0530 (India Standard Time),94.4586,7.7417
IN1020220555,07.85 AP SGS 2040,7.85,Fri Oct 12 2040 05:30:00 GMT+0530 (India Standard Time),100.9076,7.7417
IN2120200182,06.91 MP SDL 2040,6.91,Sun Oct 14 2040 05:30:00 GMT+0530 (India Standard Time),92.9241,7.7417
IN2120200190,06.89 MP SDL 2040,6.89,Sun Oct 21 2040 05:30:00 GMT+0530 (India Standard Time),92.7473,7.7417
IN3520250017,07.34 CG SGS 2040,7.34,Tue Oct 23 2040 05:30:00 GMT+0530 (India Standard Time),96.5709,7.7417
IN2920220208,07.87 RJ SGS 2040,7.87,Sat Oct 27 2040 05:30:00 GMT+0530 (India Standard Time),101.0762,7.7417
IN2820200136,06.76 PN SDL 2040,6.76,Sun Oct 28 2040 05:30:00 GMT+0530 (India Standard Time),91.635,7.7417
IN2820250123,07.49 PN SGS 2040,7.49,Mon Oct 29 2040 05:30:00 GMT+0530 (India Standard Time),97.8436,7.7417
IN1020210382,07.08 AP SDL 2040,7.08,Fri Nov 02 2040 05:30:00 GMT+0530 (India Standard Time),94.3537,7.7417
IN4520220240,07.84 TS SGS 2040,7.84,Fri Nov 02 2040 05:30:00 GMT+0530 (India Standard Time),100.8207,7.7417
IN2120200208,06.76 MP SDL 2040,6.76,Sun Nov 04 2040 05:30:00 GMT+0530 (India Standard Time),91.6287,7.7417
IN3420200146,06.88 WB SDL 2040,6.88,Sun Nov 04 2040 05:30:00 GMT+0530 (India Standard Time),92.65,7.7417
IN2020240197,07.15 KL SGS 2040,7.15,Tue Nov 06 2040 05:30:00 GMT+0530 (India Standard Time),94.9467,7.7417
IN2520240077,07.15 MZ SGS 2040,7.15,Tue Nov 06 2040 05:30:00 GMT+0530 (India Standard Time),94.9467,7.7417
IN3420230127,07.79 WB SGS 2040,7.79,Thu Nov 08 2040 05:30:00 GMT+0530 (India Standard Time),100.3947,7.7417
IN2120200216,06.79 MP SDL 2040,6.79,Sun Nov 11 2040 05:30:00 GMT+0530 (India Standard Time),91.8771,7.7417
IN1320250179,07.44 BR SGS 2040,7.44,Mon Nov 12 2040 05:30:00 GMT+0530 (India Standard Time),97.4131,7.7417
IN4520230330,07.73 TS SGS 2040,7.73,Thu Nov 15 2040 05:30:00 GMT+0530 (India Standard Time),99.8831,7.7417
IN1720250100,07.45 HP SGS 2040,7.45,Mon Nov 19 2040 05:30:00 GMT+0530 (India Standard Time),97.4958,7.7417
IN3120200313,06.73 TN SDL 2040,6.73,Sun Nov 25 2040 05:30:00 GMT+0530 (India Standard Time),91.3521,7.7417
IN1620250242,07.41 HR SGS 2040,7.41,Mon Nov 26 2040 05:30:00 GMT+0530 (India Standard Time),97.1523,7.7417
IN4920250185,07.51 JK SGS 2040,7.51,Mon Nov 26 2040 05:30:00 GMT+0530 (India Standard Time),98.0054,7.7417
IN1020240611,07.18 AP SGS 2040,7.18,Tue Nov 27 2040 05:30:00 GMT+0530 (India Standard Time),95.1896,7.7417
IN2820200169,06.73 PN SDL 2040,6.73,Sun Dec 02 2040 05:30:00 GMT+0530 (India Standard Time),91.3454,7.7417
IN2220250392,07.43 MH SGS 2040,7.43,Mon Dec 03 2040 05:30:00 GMT+0530 (India Standard Time),97.3208,7.7417
IN3320250134,07.51 UP SGS 2040 03 DEC,7.51,Mon Dec 03 2040 05:30:00 GMT+0530 (India Standard Time),98.0038,7.7417
IN1020250388,07.53 AP SGS 2040,7.53,Mon Dec 03 2040 05:30:00 GMT+0530 (India Standard Time),98.1745,7.7417
IN4520200242,06.71 TS SDL 2040,6.71,Sun Dec 09 2040 05:30:00 GMT+0530 (India Standard Time),91.168,7.7417
IN3420200161,06.71 WB SDL 2040,6.71,Sun Dec 09 2040 05:30:00 GMT+0530 (India Standard Time),91.168,7.7417
IN1920220101,07.63 KA SGS 2040,7.63,Fri Dec 14 2040 05:30:00 GMT+0530 (India Standard Time),99.0274,7.7417
IN3420240159,07.13 WB SGS 2040,7.13,Tue Dec 18 2040 05:30:00 GMT+0530 (India Standard Time),94.7515,7.7417
IN4520200267,06.69 TS SDL 2040,6.69,Sun Dec 23 2040 05:30:00 GMT+0530 (India Standard Time),90.9843,7.7417
IN1920240141,07.16 KA SGS 2040,7.16,Wed Dec 26 2040 05:30:00 GMT+0530 (India Standard Time),95.0043,7.7417
IN1020210432,07.14 AP SDL 2040,7.14,Sat Dec 29 2040 05:30:00 GMT+0530 (India Standard Time),94.8318,7.7417
IN1020200516,06.65 AP SDL 2040,6.65,Sun Dec 30 2040 05:30:00 GMT+0530 (India Standard Time),90.6356,7.7417
IN4520200275,06.65 TS SDL 2040,6.65,Sun Dec 30 2040 05:30:00 GMT+0530 (India Standard Time),90.6356,7.7417
IN1620250275,07.54 HR SGS 2040,7.54,Mon Dec 31 2040 05:30:00 GMT+0530 (India Standard Time),98.2564,7.7417
IN3220250036,07.54 TR SGS 2040,7.54,Mon Dec 31 2040 05:30:00 GMT+0530 (India Standard Time),98.2564,7.7417
IN1720250126,07.56 HP SGS 2040 31 DEC,7.56,Mon Dec 31 2040 05:30:00 GMT+0530 (India Standard Time),98.4277,7.7417
IN1020200532,06.65 AP SDL 2041,6.65,Sun Jan 06 2041 05:30:00 GMT+0530 (India Standard Time),90.5764,7.7484
IN3420250257,07.64 WB SGS 2041,7.64,Mon Jan 07 2041 05:30:00 GMT+0530 (India Standard Time),99.0557,7.7484
IN3420200195,06.63 WB SDL 2041,6.63,Sun Jan 13 2041 05:30:00 GMT+0530 (India Standard Time),90.3989,7.7484
IN2520250084,07.65 MZ SGS 2041,7.65,Mon Jan 14 2041 05:30:00 GMT+0530 (India Standard Time),99.1418,7.7484
IN2220240385,07.23 MH SGS 2041,7.23,Tue Jan 15 2041 05:30:00 GMT+0530 (India Standard Time),95.5411,7.7484
IN4520200309,06.62 TS SDL 2041,6.62,Sun Jan 20 2041 05:30:00 GMT+0530 (India Standard Time),90.3071,7.7484
IN4920250227,07.62 JK SGS 2041,7.62,Mon Jan 21 2041 05:30:00 GMT+0530 (India Standard Time),98.8852,7.7484
IN1920230233,07.73 KA SGS 2041,7.73,Thu Jan 24 2041 05:30:00 GMT+0530 (India Standard Time),99.8295,7.7484
IN1620200130,06.62 HR SDL 2041,6.62,Sun Jan 27 2041 05:30:00 GMT+0530 (India Standard Time),90.3013,7.7484
IN2920200606,06.62 RJ SDL 2041,6.62,Sun Jan 27 2041 05:30:00 GMT+0530 (India Standard Time),90.3013,7.7484
IN1920240216,07.13 KA SGS 2041,7.13,Tue Jan 29 2041 05:30:00 GMT+0530 (India Standard Time),94.6787,7.7484
IN2920230421,07.63 RJ SGS 2041,7.63,Thu Jan 31 2041 05:30:00 GMT+0530 (India Standard Time),98.9721,7.7484
IN4520200325,06.86 TS SDL 2041,6.86,Sun Feb 03 2041 05:30:00 GMT+0530 (India Standard Time),92.3581,7.7484
IN3420200237,06.89 WB SDL 2041,6.89,Sun Feb 03 2041 05:30:00 GMT+0530 (India Standard Time),92.6158,7.7484
IN1220250188,07.68 AS SGS 2041,7.68,Mon Feb 04 2041 05:30:00 GMT+0530 (India Standard Time),99.4023,7.7484
IN1620250317,07.69 HR SGS 2041,7.69,Mon Feb 04 2041 05:30:00 GMT+0530 (India Standard Time),99.4882,7.7484
IN1020250537,07.71 AP SGS 2041,7.71,Mon Feb 04 2041 05:30:00 GMT+0530 (India Standard Time),99.66,7.7484
IN1020230786,07.46 AP SGS 2041 07 FEB,7.46,Thu Feb 07 2041 05:30:00 GMT+0530 (India Standard Time),97.5122,7.7484
IN2120230171,07.48 MP SGS 2041,7.48,Thu Feb 07 2041 05:30:00 GMT+0530 (India Standard Time),97.6841,7.7484
IN2920200663,06.96 RJ SDL 2041,6.96,Sun Feb 10 2041 05:30:00 GMT+0530 (India Standard Time),93.2138,7.7484
IN1620200148,06.98 HR SDL 2041,6.98,Sun Feb 10 2041 05:30:00 GMT+0530 (India Standard Time),93.3858,7.7484
IN3320250209,07.81 UP SGS 2041,7.81,Mon Feb 11 2041 05:30:00 GMT+0530 (India Standard Time),100.2822,7.7762
IN3820220041,07.59 PY SGS 2041,7.59,Fri Feb 15 2041 05:30:00 GMT+0530 (India Standard Time),98.6307,7.7484
IN1020210515,07.13 AP SDL 2041,7.13,Sat Feb 16 2041 05:30:00 GMT+0530 (India Standard Time),94.6737,7.7484
IN2920200705,06.99 RJ SDL 2041,6.99,Sun Feb 17 2041 05:30:00 GMT+0530 (India Standard Time),93.4689,7.7484
IN3320250217,07.67 UP SGS 2041,7.67,Mon Feb 18 2041 05:30:00 GMT+0530 (India Standard Time),99.0817,7.7762
IN3220250044,07.78 TR SGS 2041,7.78,Mon Feb 18 2041 05:30:00 GMT+0530 (India Standard Time),100.2661,7.7484
IN1620200155,07.18 HR SDL 2041,7.18,Sun Feb 24 2041 05:30:00 GMT+0530 (India Standard Time),95.1022,7.7484
IN2920200721,07.22 RJ SDL 2041,7.22,Sun Feb 24 2041 05:30:00 GMT+0530 (India Standard Time),95.4466,7.7484
IN3420200260,07.23 WB SDL 2041,7.23,Sun Feb 24 2041 05:30:00 GMT+0530 (India Standard Time),95.5327,7.7484
IN1620250366,07.67 HR SGS 2041,7.67,Mon Feb 25 2041 05:30:00 GMT+0530 (India Standard Time),99.3215,7.7484
IN1320250294,07.72 BR SGS 2041,7.72,Mon Feb 25 2041 05:30:00 GMT+0530 (India Standard Time),99.7521,7.7484
IN3420250398,07.72 WB SGS 2041,7.72,Mon Feb 25 2041 05:30:00 GMT+0530 (India Standard Time),99.7757,7.7456
IN3420230234,07.44 WB SGS 2041,7.44,Thu Feb 28 2041 05:30:00 GMT+0530 (India Standard Time),97.3414,7.7484
IN4520200341,07.25 TS SDL 2041,7.25,Sun Mar 03 2041 05:30:00 GMT+0530 (India Standard Time),95.7041,7.7484
IN3320250233,07.62 UP SGS 2041,7.62,Mon Mar 04 2041 05:30:00 GMT+0530 (India Standard Time),98.8933,7.7484
IN2120250468,07.63 MP SGS 2041,7.63,Mon Mar 04 2041 05:30:00 GMT+0530 (India Standard Time),98.9795,7.7484
IN3620250107,07.67 UK SGS 2041,7.67,Mon Mar 04 2041 05:30:00 GMT+0530 (India Standard Time),99.3243,7.7484
IN2720240133,07.27 OD SGS 2041,7.27,Tue Mar 05 2041 05:30:00 GMT+0530 (India Standard Time),95.8756,7.7484
IN3320240101,07.27 UP SGS 2041,7.27,Tue Mar 05 2041 05:30:00 GMT+0530 (India Standard Time),95.8756,7.7484
IN1620210188,07.43 HR SDL 2041,7.43,Sat Mar 09 2041 05:30:00 GMT+0530 (India Standard Time),97.2522,7.7484
IN3420200278,07.25 WB SDL 2041,7.25,Sun Mar 10 2041 05:30:00 GMT+0530 (India Standard Time),95.6991,7.7484
IN1020250586,07.61 AP SGS 2041,7.61,Mon Mar 11 2041 05:30:00 GMT+0530 (India Standard Time),98.8035,7.7484
IN1220250220,07.62 AS SGS 2041,7.62,Mon Mar 11 2041 05:30:00 GMT+0530 (India Standard Time),98.8898,7.7484
IN2520250100,07.74 MZ SGS 2041,7.74,Mon Mar 11 2041 05:30:00 GMT+0530 (India Standard Time),99.9249,7.7484
IN3220250051,07.74 TR SGS 2041,7.74,Mon Mar 11 2041 05:30:00 GMT+0530 (India Standard Time),99.9249,7.7484
IN4920250268,07.79 JK SGS 2041,7.79,Mon Mar 11 2041 05:30:00 GMT+0530 (India Standard Time),100.3562,7.7484
IN4520230462,07.37 TS SGS 2041,7.37,Wed Mar 13 2041 05:30:00 GMT+0530 (India Standard Time),96.732,7.7484
IN2120250518,07.65 MP SGS 2041,7.65,Mon Mar 18 2041 05:30:00 GMT+0530 (India Standard Time),99.1454,7.7484
IN3220250069,07.77 TR SGS 2041,7.77,Mon Mar 18 2041 05:30:00 GMT+0530 (India Standard Time),100.1812,7.7484
IN3820250063,07.79 PY SGS 2041,7.79,Mon Mar 18 2041 05:30:00 GMT+0530 (India Standard Time),100.3539,7.7484
IN4520230496,07.42 TS SGS 2041,7.42,Wed Mar 20 2041 05:30:00 GMT+0530 (India Standard Time),97.1589,7.7484
IN3420220284,07.74 WB SGS 2041,7.74,Sat Mar 23 2041 05:30:00 GMT+0530 (India Standard Time),99.9206,7.7484
IN1920250363,07.76 KA SGS 2041,7.76,Mon Mar 25 2041 05:30:00 GMT+0530 (India Standard Time),100.0927,7.7484
IN1720250142,07.89 HP SGS 2041,7.89,Mon Mar 25 2041 05:30:00 GMT+0530 (India Standard Time),101.2156,7.7484
IN2220230360,07.46 MH SGS 2041,7.46,Wed Mar 27 2041 05:30:00 GMT+0530 (India Standard Time),97.5002,7.7484
IN2920220356,07.84 RJ SGS 2041,7.84,Fri Mar 29 2041 05:30:00 GMT+0530 (India Standard Time),100.7828,7.7484
IN1620250457,07.88 HR SGS 2041,7.88,Sat Mar 30 2041 05:30:00 GMT+0530 (India Standard Time),101.1283,7.7484
IN2020250337,07.92 KL SGS 2041,7.92,Sat Mar 30 2041 05:30:00 GMT+0530 (India Standard Time),101.4739,7.7484
IN2920250452,07.99 RJ SGS 2041,7.99,Sat Mar 30 2041 05:30:00 GMT+0530 (India Standard Time),102.0789,7.7484
IN2620250075,08.00 NL SGS 2041,8,Sat Mar 30 2041 05:30:00 GMT+0530 (India Standard Time),102.1653,7.7484
IN2220240021,07.44 MH SGS 2041,7.44,Wed Apr 03 2041 05:30:00 GMT+0530 (India Standard Time),97.3241,7.7484
IN1020240025,07.46 AP SGS 2041,7.46,Wed Apr 03 2041 05:30:00 GMT+0530 (India Standard Time),97.497,7.7484
IN1020250057,06.85 AP SGS 2041,6.85,Thu Apr 04 2041 05:30:00 GMT+0530 (India Standard Time),92.2227,7.7484
IN2220240047,07.45 MH SGS 2041,7.45,Wed Apr 10 2041 05:30:00 GMT+0530 (India Standard Time),97.4069,7.7484
IN1020240108,07.51 AP SGS 2041,7.51,Thu May 02 2041 05:30:00 GMT+0530 (India Standard Time),97.9171,7.7484
IN3120260036,07.80 TN SGS 2041,7.8,Mon May 06 2041 05:30:00 GMT+0530 (India Standard Time),100.431,7.7484
IN4520240065,07.43 TS SGS 2041 08 MAY,7.43,Wed May 08 2041 05:30:00 GMT+0530 (India Standard Time),97.221,7.7484
IN1020220084,07.78 AP SDL 2041,7.78,Sat May 11 2041 05:30:00 GMT+0530 (India Standard Time),100.2571,7.7484
IN4520240081,07.44 TS SGS 2041,7.44,Wed May 15 2041 05:30:00 GMT+0530 (India Standard Time),97.3052,7.7484
IN4520210035,06.98 TS SDL 2041,6.98,Sun May 19 2041 05:30:00 GMT+0530 (India Standard Time),93.3088,7.7484
IN2920260063,07.87 RJ SGS 2041,7.87,Mon May 20 2041 05:30:00 GMT+0530 (India Standard Time),101.0383,7.7484
IN2820260031,07.91 PN SGS 2041,7.91,Mon May 20 2041 05:30:00 GMT+0530 (India Standard Time),101.3857,7.7484
IN1020240223,07.40 AP SGS 2041,7.4,Wed May 22 2041 05:30:00 GMT+0530 (India Standard Time),96.9553,7.7484
IN3120210049,06.99 TN SDL 2041,6.99,Sat May 25 2041 05:30:00 GMT+0530 (India Standard Time),93.3913,7.7484
IN1320260038,07.84 BR SGS 2041,7.84,Mon May 27 2041 05:30:00 GMT+0530 (India Standard Time),100.778,7.7484
IN1020210101,07.04 AP SDL 2041,7.04,Sun Jun 02 2041 05:30:00 GMT+0530 (India Standard Time),93.8212,7.7484
IN2920210118,07.05 RJ SDL 2041,7.05,Sun Jun 02 2041 05:30:00 GMT+0530 (India Standard Time),93.9082,7.7484
IN4520210043,07.05 TS SDL 2041,7.05,Sun Jun 02 2041 05:30:00 GMT+0530 (India Standard Time),93.9082,7.7484
IN1520260044,07.79 GJ SGS 2041,7.79,Mon Jun 03 2041 05:30:00 GMT+0530 (India Standard Time),100.3435,7.7484
IN3120260069,07.80 TN SGS 2041 03 JUN,7.8,Mon Jun 03 2041 05:30:00 GMT+0530 (India Standard Time),100.3239,7.7606
IN2120250039,06.88 MP SGS 2041,6.88,Tue Jun 04 2041 05:30:00 GMT+0530 (India Standard Time),92.4283,7.7484
IN2520260026,07.79 MZ SGS 2041,7.79,Mon Jun 10 2041 05:30:00 GMT+0530 (India Standard Time),100.3438,7.7484
IN4520230074,07.36 TS SGS 2041,7.36,Fri Jun 14 2041 05:30:00 GMT+0530 (India Standard Time),96.6001,7.7484
IN1020220191,08.04 AP SDL 2041,8.04,Sat Jun 15 2041 05:30:00 GMT+0530 (India Standard Time),102.5212,7.7484
IN2020210075,07.06 KL SDL 2041,7.06,Sun Jun 23 2041 05:30:00 GMT+0530 (India Standard Time),93.9831,7.7484
IN4520210076,07.06 TS SDL 2041,7.06,Sun Jun 23 2041 05:30:00 GMT+0530 (India Standard Time),93.9831,7.7484
IN3920260020,07.75 DL SGS 2041,7.75,Mon Jun 24 2041 05:30:00 GMT+0530 (India Standard Time),99.9966,7.7484
IN3320260059,07.76 UP SGS 2041,7.76,Mon Jun 24 2041 05:30:00 GMT+0530 (India Standard Time),100.0837,7.7484
IN2020240064,07.32 KL SGS 2041,7.32,Wed Jun 26 2041 05:30:00 GMT+0530 (India Standard Time),96.2481,7.7484
IN1020230273,07.42 AP SGS 2041,7.42,Fri Jun 28 2041 05:30:00 GMT+0530 (India Standard Time),97.1195,7.7484
IN2920210209,07.13 RJ SDL 2041,7.13,Sun Jun 30 2041 05:30:00 GMT+0530 (India Standard Time),94.59,7.7484
IN2420210022,07.19 ML SDL 2041,7.19,Sun Jun 30 2041 05:30:00 GMT+0530 (India Standard Time),95.1133,7.7484
IN1020240371,07.36 AP SGS 2041,7.36,Wed Jul 03 2041 05:30:00 GMT+0530 (India Standard Time),96.5952,7.7484
IN4520230116,07.47 TS SGS 2041,7.47,Fri Jul 05 2041 05:30:00 GMT+0530 (India Standard Time),97.5546,7.7484
IN1620250101,07.12 HR SGS 2041,7.12,Tue Jul 09 2041 05:30:00 GMT+0530 (India Standard Time),94.499,7.7484
IN2120250054,07.14 MP SGS 2041,7.14,Tue Jul 09 2041 05:30:00 GMT+0530 (India Standard Time),94.6735,7.7484
IN1020230323,07.43 AP SGS 2041,7.43,Fri Jul 12 2041 05:30:00 GMT+0530 (India Standard Time),97.2047,7.7484
IN1020220324,07.92 AP SDL 2041,7.92,Sat Jul 13 2041 05:30:00 GMT+0530 (India Standard Time),101.4838,7.7484
IN3120260085,07.59 TN SGS 2041,7.59,Mon Jul 15 2041 05:30:00 GMT+0530 (India Standard Time),98.602,7.7484
IN2520260034,07.69 MZ SGS 2041,7.69,Mon Jul 15 2041 05:30:00 GMT+0530 (India Standard Time),99.4754,7.7484
IN4520210100,07.17 TS SDL 2041,7.17,Sat Jul 20 2041 05:30:00 GMT+0530 (India Standard Time),94.9317,7.7484
IN3420220060,08.01 WB SDL 2041,8.01,Sat Jul 20 2041 05:30:00 GMT+0530 (India Standard Time),102.2728,7.7484
IN1320260053,07.66 BR SGS 2041,7.66,Mon Jul 22 2041 05:30:00 GMT+0530 (India Standard Time),99.2143,7.7484
IN2020230099,07.36 KL SGS 2041,7.36,Fri Jul 26 2041 05:30:00 GMT+0530 (India Standard Time),96.5914,7.7484
IN2920230132,07.36 RJ SGS 2041,7.36,Fri Jul 26 2041 05:30:00 GMT+0530 (India Standard Time),96.5914,7.7484
IN3420230044,07.36 WB SGS 2041,7.36,Fri Jul 26 2041 05:30:00 GMT+0530 (India Standard Time),96.5914,7.7484
IN1020210226,07.14 AP SDL 2041,7.14,Sun Aug 04 2041 05:30:00 GMT+0530 (India Standard Time),94.6651,7.7484
IN4520210118,07.14 TS SDL 2041,7.14,Sun Aug 04 2041 05:30:00 GMT+0530 (India Standard Time),94.6651,7.7484
IN3120260101,07.62 TN SGS 2041,7.62,Mon Aug 05 2041 05:30:00 GMT+0530 (India Standard Time),98.9743,7.736
IN2020250113,07.24 KL SGS 2041,7.24,Tue Aug 06 2041 05:30:00 GMT+0530 (India Standard Time),95.54,7.7484
IN4520230199,07.43 TS SGS 2041,7.43,Fri Aug 09 2041 05:30:00 GMT+0530 (India Standard Time),97.2032,7.7484
IN2520260042,07.63 MZ SGS 2041,7.63,Mon Aug 19 2041 05:30:00 GMT+0530 (India Standard Time),98.9566,7.7484
IN1520260143,07.59 GJ SGS 2041,7.59,Tue Aug 27 2041 05:30:00 GMT+0530 (India Standard Time),99.0667,7.6957
IN1020240462,07.27 AP SGS 2041,7.27,Wed Aug 28 2041 05:30:00 GMT+0530 (India Standard Time),95.8002,7.7484
IN2020230131,07.40 KL SGS 2041,7.4,Fri Aug 30 2041 05:30:00 GMT+0530 (India Standard Time),96.941,7.7484
IN2920230173,07.40 RJ SGS 2041,7.4,Fri Aug 30 2041 05:30:00 GMT+0530 (India Standard Time),96.941,7.7484
IN1020210259,07.02 AP SDL 2041,7.02,Sun Sep 08 2041 05:30:00 GMT+0530 (India Standard Time),93.601,7.7484
IN2420210048,07.02 ML SDL 2041,7.02,Sun Sep 08 2041 05:30:00 GMT+0530 (India Standard Time),93.601,7.7484
IN1620250150,07.51 HR SGS 2041,7.51,Tue Sep 10 2041 05:30:00 GMT+0530 (India Standard Time),97.9035,7.7484
IN1020230463,07.46 AP SGS 2041,7.46,Fri Sep 13 2041 05:30:00 GMT+0530 (India Standard Time),97.4624,7.7484
IN3720250023,07.44 JH SGS 2041,7.44,Tue Sep 17 2041 05:30:00 GMT+0530 (India Standard Time),97.2842,7.7484
IN1020210309,06.94 AP SDL 2041,6.94,Sun Sep 29 2041 05:30:00 GMT+0530 (India Standard Time),92.8772,7.7484
IN1620250192,07.44 HR SGS 2041,7.44,Tue Oct 01 2041 05:30:00 GMT+0530 (India Standard Time),97.2762,7.7484
IN2920250221,07.56 RJ SGS 2041,7.56,Tue Oct 01 2041 05:30:00 GMT+0530 (India Standard Time),98.3324,7.7484
IN1020230497,07.50 AP SGS 2041,7.5,Fri Oct 04 2041 05:30:00 GMT+0530 (India Standard Time),97.8028,7.7484
IN2220250327,07.26 MH SGS 2041,7.26,Tue Oct 08 2041 05:30:00 GMT+0530 (India Standard Time),95.6871,7.7484
IN2520250050,07.31 MZ SGS 2041,7.31,Tue Oct 08 2041 05:30:00 GMT+0530 (India Standard Time),96.1275,7.7484
IN1020210341,07.14 AP SDL 2041 13 OCT,7.14,Sun Oct 13 2041 05:30:00 GMT+0530 (India Standard Time),94.6264,7.7484
IN3420210160,07.08 WB SDL 2041,7.08,Sun Oct 27 2041 05:30:00 GMT+0530 (India Standard Time),94.0871,7.7484
IN1620250234,07.38 HR SGS 2041,7.38,Tue Oct 29 2041 05:30:00 GMT+0530 (India Standard Time),96.7332,7.7484
IN1020230570,07.72 AP SGS 2041,7.72,Fri Nov 01 2041 05:30:00 GMT+0530 (India Standard Time),99.7334,7.7484
IN2120250229,07.45 MP SGS 2041,7.45,Tue Nov 12 2041 05:30:00 GMT+0530 (India Standard Time),97.346,7.7484
IN2120210041,06.99 MP SDL 2041,6.99,Sun Nov 17 2041 05:30:00 GMT+0530 (India Standard Time),93.2777,7.7484
IN3420240142,07.18 WB SGS 2041,7.18,Wed Nov 27 2041 05:30:00 GMT+0530 (India Standard Time),94.9521,7.7484
IN3420230135,07.71 WB SGS 2041,7.71,Fri Nov 29 2041 05:30:00 GMT+0530 (India Standard Time),99.6419,7.7484
IN1020210416,06.92 AP SDL 2041,6.92,Sun Dec 01 2041 05:30:00 GMT+0530 (India Standard Time),92.6484,7.7484
IN1920220085,07.54 KA SGS 2041,7.54,Sat Dec 07 2041 05:30:00 GMT+0530 (India Standard Time),98.1358,7.7484
IN1620250259,07.52 HR SGS 2041,7.52,Tue Dec 10 2041 05:30:00 GMT+0530 (India Standard Time),97.9581,7.7484
IN3420250182,07.61 WB SGS 2041,7.61,Tue Dec 17 2041 05:30:00 GMT+0530 (India Standard Time),98.755,7.7484
IN4520230371,07.58 TS SGS 2041,7.58,Fri Dec 20 2041 05:30:00 GMT+0530 (India Standard Time),98.4888,7.7484
IN3320250175,07.59 UP SGS 2041,7.59,Tue Dec 24 2041 05:30:00 GMT+0530 (India Standard Time),98.5773,7.7484
IN3420250208,07.62 WB SGS 2041,7.62,Tue Dec 24 2041 05:30:00 GMT+0530 (India Standard Time),98.8435,7.7484
IN2120240113,07.17 MP SGS 2041,7.17,Thu Dec 26 2041 05:30:00 GMT+0530 (India Standard Time),94.8502,7.7484
IN3420220201,07.67 WB SGS 2041,7.67,Sat Dec 28 2041 05:30:00 GMT+0530 (India Standard Time),99.2872,7.7484
IN1020210440,07.14 AP SDL 2041,7.14,Sun Dec 29 2041 05:30:00 GMT+0530 (India Standard Time),94.5827,7.7484
IN1920240158,07.15 KA SGS 2042,7.15,Wed Jan 01 2042 05:30:00 GMT+0530 (India Standard Time),94.7992,7.7334
IN3420240191,07.16 WB SGS 2042,7.16,Wed Jan 01 2042 05:30:00 GMT+0530 (India Standard Time),94.8881,7.7334
IN3420220219,07.64 WB SGS 2042,7.64,Sat Jan 04 2042 05:30:00 GMT+0530 (India Standard Time),99.1537,7.7334
IN1020210473,07.22 AP SDL 2042,7.22,Sun Jan 05 2042 05:30:00 GMT+0530 (India Standard Time),95.42,7.7334
IN1020250461,07.61 AP SGS 2042,7.61,Tue Jan 07 2042 05:30:00 GMT+0530 (India Standard Time),98.8872,7.7334
IN4520250643,07.61 TS SGS 2042,7.61,Tue Jan 14 2042 05:30:00 GMT+0530 (India Standard Time),98.8876,7.7334
IN3420250299,07.64 WB SGS 2042 14 JAN,7.64,Tue Jan 14 2042 05:30:00 GMT+0530 (India Standard Time),99.1545,7.7334
IN2120210058,07.33 MP SDL 2042,7.33,Sun Jan 19 2042 05:30:00 GMT+0530 (India Standard Time),96.3954,7.7334
IN1920230241,07.67 KA SGS 2042,7.67,Fri Jan 24 2042 05:30:00 GMT+0530 (India Standard Time),99.4229,7.7334
IN1020230745,07.70 AP SGS 2042,7.7,Fri Jan 24 2042 05:30:00 GMT+0530 (India Standard Time),99.6901,7.7334
IN3420240209,07.13 WB SGS 2042,7.13,Wed Jan 29 2042 05:30:00 GMT+0530 (India Standard Time),94.6119,7.7334
IN4520220356,07.68 TS SGS 2042,7.68,Sat Feb 01 2042 05:30:00 GMT+0530 (India Standard Time),99.5134,7.7334
IN3520250082,07.75 CG SGS 2042,7.75,Tue Feb 04 2042 05:30:00 GMT+0530 (India Standard Time),100.1381,7.7334
IN1020210499,07.37 AP SDL 2042,7.37,Sun Feb 09 2042 05:30:00 GMT+0530 (India Standard Time),96.7501,7.7334
IN4520250692,07.80 TS SGS 2042,7.8,Tue Feb 11 2042 05:30:00 GMT+0530 (India Standard Time),100.5863,7.7334
IN2120250385,07.82 MP SGS 2042,7.82,Tue Feb 11 2042 05:30:00 GMT+0530 (India Standard Time),100.7647,7.7334
IN2520250092,07.85 MZ SGS 2042,7.85,Tue Feb 11 2042 05:30:00 GMT+0530 (India Standard Time),101.0323,7.7334
IN1620250341,07.69 HR SGS 2042,7.69,Tue Feb 18 2042 05:30:00 GMT+0530 (India Standard Time),99.6069,7.7334
IN1020250552,07.69 AP SGS 2042 25 FEB,7.69,Tue Feb 25 2042 05:30:00 GMT+0530 (India Standard Time),99.609,7.7334
IN2020240270,07.20 KL SGS 2042,7.2,Thu Feb 27 2042 05:30:00 GMT+0530 (India Standard Time),95.2312,7.7334
IN2920240461,07.20 RJ SGS 2042,7.2,Thu Feb 27 2042 05:30:00 GMT+0530 (India Standard Time),95.2312,7.7334
IN3420220250,07.69 WB SGS 2042,7.69,Sat Mar 01 2042 05:30:00 GMT+0530 (India Standard Time),99.6111,7.7334
IN1620210154,07.13 HR SDL 2042,7.13,Sun Mar 02 2042 05:30:00 GMT+0530 (India Standard Time),94.6049,7.7334
IN3120210387,07.19 TN SDL 2042,7.19,Sun Mar 02 2042 05:30:00 GMT+0530 (India Standard Time),95.1413,7.7334
IN2920230488,07.40 RJ SGS 2042,7.4,Thu Mar 06 2042 05:30:00 GMT+0530 (India Standard Time),97.0177,7.7334
IN3420220276,07.79 WB SGS 2042,7.79,Sat Mar 08 2042 05:30:00 GMT+0530 (India Standard Time),100.5049,7.7334
IN1020210556,07.31 AP SDL 2042,7.31,Sun Mar 09 2042 05:30:00 GMT+0530 (India Standard Time),96.2105,7.7334
IN2120240220,07.22 MP SGS 2042,7.22,Wed Mar 12 2042 05:30:00 GMT+0530 (India Standard Time),95.4031,7.7334
IN3420230267,07.39 WB SGS 2042,7.39,Thu Mar 13 2042 05:30:00 GMT+0530 (India Standard Time),96.9236,7.7334
IN2820210168,07.41 PN SDL 2042,7.41,Sun Mar 16 2042 05:30:00 GMT+0530 (India Standard Time),97.1008,7.7334
IN1620250408,07.69 HR SGS 2042 18 MAR,7.69,Tue Mar 18 2042 05:30:00 GMT+0530 (India Standard Time),99.6064,7.7334
IN3420230283,07.45 WB SGS 2042,7.45,Thu Mar 20 2042 05:30:00 GMT+0530 (India Standard Time),97.4565,7.7334
IN2920230538,07.46 RJ SGS 2042,7.46,Thu Mar 20 2042 05:30:00 GMT+0530 (India Standard Time),97.5461,7.7334
IN3320230342,07.48 UP SGS 2042,7.48,Sat Mar 22 2042 05:30:00 GMT+0530 (India Standard Time),97.7241,7.7334
IN3120210486,07.40 TN SDL 2042,7.4,Sun Mar 23 2042 05:30:00 GMT+0530 (India Standard Time),97.007,7.7334
IN2220230378,07.48 MH SGS 2042,7.48,Thu Mar 27 2042 05:30:00 GMT+0530 (India Standard Time),97.7215,7.7334
IN3420220318,07.85 WB SGS 2042,7.85,Sat Mar 29 2042 05:30:00 GMT+0530 (India Standard Time),101.0364,7.7334
IN2820210176,07.37 PN SDL 2042,7.37,Sun Mar 30 2042 05:30:00 GMT+0530 (India Standard Time),96.7341,7.7334
IN3120210528,07.39 TN SDL 2042,7.39,Sun Mar 30 2042 05:30:00 GMT+0530 (India Standard Time),96.9134,7.7334
IN1020210564,07.44 AP SDL 2042,7.44,Sun Mar 30 2042 05:30:00 GMT+0530 (India Standard Time),97.3615,7.7334
IN1020250644,08.02 AP SGS 2042,8.02,Sun Mar 30 2042 05:30:00 GMT+0530 (India Standard Time),102.5598,7.7334
IN2220240039,07.44 MH SGS 2042,7.44,Thu Apr 03 2042 05:30:00 GMT+0530 (India Standard Time),97.36,7.7334
IN1020240033,07.46 AP SGS 2042,7.46,Thu Apr 03 2042 05:30:00 GMT+0530 (India Standard Time),97.5393,7.7334
IN4920250029,06.83 JK SGS 2042,6.83,Wed Apr 09 2042 05:30:00 GMT+0530 (India Standard Time),91.8854,7.7334
IN2220240054,07.44 MH SGS 2042 10 APR,7.44,Thu Apr 10 2042 05:30:00 GMT+0530 (India Standard Time),97.3565,7.7334
IN1020220043,07.52 AP SDL 2042,7.52,Sat Apr 12 2042 05:30:00 GMT+0530 (India Standard Time),98.0733,7.7334
IN2020260039,07.86 KL SGS 2042,7.86,Tue Apr 15 2042 05:30:00 GMT+0530 (India Standard Time),101.5755,7.6836
IN2120260012,07.86 MP SGS 2042,7.86,Tue Apr 15 2042 05:30:00 GMT+0530 (India Standard Time),101.1235,7.7334
IN1020260049,07.79 AP SGS 2042,7.79,Tue Apr 22 2042 05:30:00 GMT+0530 (India Standard Time),100.3399,7.7505
IN4520240040,07.48 TS SGS 2042,7.48,Thu Apr 24 2042 05:30:00 GMT+0530 (India Standard Time),97.7095,7.7334
IN2820220019,07.48 PN SDL 2042,7.48,Sun Apr 27 2042 05:30:00 GMT+0530 (India Standard Time),97.7083,7.7334
IN1020240140,07.43 AP SGS 2042 08 MAY,7.43,Thu May 08 2042 05:30:00 GMT+0530 (India Standard Time),97.2549,7.7334
IN1020220092,07.78 AP SDL 2042,7.78,Sun May 11 2042 05:30:00 GMT+0530 (India Standard Time),100.4023,7.7334
IN4920250045,06.84 JK SGS 2042,6.84,Wed May 28 2042 05:30:00 GMT+0530 (India Standard Time),91.9328,7.7334
IN2920220034,07.90 RJ SDL 2042,7.9,Sun Jun 01 2042 05:30:00 GMT+0530 (India Standard Time),101.4833,7.7334
IN1020240264,07.43 AP SGS 2042,7.43,Thu Jun 05 2042 05:30:00 GMT+0530 (India Standard Time),97.2466,7.7334
IN1020230208,07.33 AP SGS 2042,7.33,Sat Jun 07 2042 05:30:00 GMT+0530 (India Standard Time),96.3445,7.7334
IN3120220022,07.99 TN SDL 2042,7.99,Sun Jun 08 2042 05:30:00 GMT+0530 (India Standard Time),102.2959,7.7334
IN2320260028,07.79 MN SGS 2042,7.79,Tue Jun 10 2042 05:30:00 GMT+0530 (India Standard Time),100.4925,7.7334
IN1020220209,08.04 AP SDL 2042,8.04,Sun Jun 15 2042 05:30:00 GMT+0530 (India Standard Time),102.7488,7.7334
IN4520240131,07.31 TS SGS 2042,7.31,Thu Jun 26 2042 05:30:00 GMT+0530 (India Standard Time),96.1585,7.7334
IN3420240035,07.34 WB SGS 2042,7.34,Thu Jun 26 2042 05:30:00 GMT+0530 (India Standard Time),96.4295,7.7334
IN1020220282,07.92 AP SDL 2042,7.92,Sun Jun 29 2042 05:30:00 GMT+0530 (India Standard Time),101.6693,7.7334
IN4520240156,07.37 TS SGS 2042,7.37,Thu Jul 03 2042 05:30:00 GMT+0530 (India Standard Time),96.6992,7.7334
IN2020230065,07.47 KL SGS 2042,7.47,Sat Jul 05 2042 05:30:00 GMT+0530 (India Standard Time),97.6029,7.7334
IN1020220308,07.92 AP SDL 2042 06 JUL,7.92,Sun Jul 06 2042 05:30:00 GMT+0530 (India Standard Time),101.6713,7.7334
IN2820220035,08.04 PN SDL 2042,8.04,Sun Jul 06 2042 05:30:00 GMT+0530 (India Standard Time),102.7563,7.7334
IN3320260075,07.59 UP SGS 2042,7.59,Tue Jul 08 2042 05:30:00 GMT+0530 (India Standard Time),98.8024,7.7206
IN3520260065,07.64 CG SGS 2042,7.64,Tue Jul 08 2042 05:30:00 GMT+0530 (India Standard Time),98.6442,7.7887
IN1020230331,07.43 AP SGS 2042,7.43,Sat Jul 12 2042 05:30:00 GMT+0530 (India Standard Time),97.2406,7.7334
IN2820220043,07.94 PN SDL 2042,7.94,Sun Jul 13 2042 05:30:00 GMT+0530 (India Standard Time),101.8545,7.7334
IN2920220083,07.98 RJ SDL 2042,7.98,Sun Jul 20 2042 05:30:00 GMT+0530 (India Standard Time),102.2192,7.7334
IN4520240206,07.33 TS SGS 2042,7.33,Thu Jul 24 2042 05:30:00 GMT+0530 (India Standard Time),96.3343,7.7334
IN1620220161,07.97 HR SDL 2042,7.97,Sun Jul 27 2042 05:30:00 GMT+0530 (India Standard Time),102.1316,7.7334
IN2920220117,07.97 RJ SDL 2042,7.97,Sun Jul 27 2042 05:30:00 GMT+0530 (India Standard Time),102.1316,7.7334
IN3420220086,07.97 WB SDL 2042,7.97,Sun Jul 27 2042 05:30:00 GMT+0530 (India Standard Time),102.1316,7.7334
IN2120250070,07.23 MP SGS 2042,7.23,Wed Jul 30 2042 05:30:00 GMT+0530 (India Standard Time),95.4275,7.7334
IN1020220381,07.82 AP SDL 2042,7.82,Sun Aug 03 2042 05:30:00 GMT+0530 (India Standard Time),100.7748,7.7334
IN2820220068,07.82 PN SDL 2042,7.82,Sun Aug 03 2042 05:30:00 GMT+0530 (India Standard Time),100.7748,7.7334
IN4520240230,07.29 TS SGS 2042,7.29,Thu Aug 07 2042 05:30:00 GMT+0530 (India Standard Time),95.9705,7.7334
IN3120220121,07.93 TN SDL 2042,7.93,Sun Aug 10 2042 05:30:00 GMT+0530 (India Standard Time),101.7749,7.7334
IN3420240076,07.24 WB SGS 2042,7.24,Thu Aug 21 2042 05:30:00 GMT+0530 (India Standard Time),95.5156,7.7334
IN2820220076,07.75 PN SGS 2042,7.75,Sun Aug 24 2042 05:30:00 GMT+0530 (India Standard Time),100.1472,7.7334
IN2920240255,07.27 RJ SGS 2042,7.27,Thu Aug 28 2042 05:30:00 GMT+0530 (India Standard Time),95.7878,7.7334
IN4920250110,07.82 JK SGS 2042,7.82,Thu Aug 28 2042 05:30:00 GMT+0530 (India Standard Time),100.7847,7.7334
IN3120220154,07.70 TN SGS 2042,7.7,Sat Aug 30 2042 05:30:00 GMT+0530 (India Standard Time),99.6951,7.7334
IN1020220464,07.71 AP SGS 2042,7.71,Sat Aug 30 2042 05:30:00 GMT+0530 (India Standard Time),99.786,7.7334
IN2020220058,07.71 KL SGS 2042,7.71,Sat Aug 30 2042 05:30:00 GMT+0530 (India Standard Time),99.786,7.7334
IN3420230069,07.40 WB SGS 2042,7.4,Sat Aug 30 2042 05:30:00 GMT+0530 (India Standard Time),96.969,7.7334
IN3720260030,07.72 JH SGS 2042,7.72,Tue Sep 02 2042 05:30:00 GMT+0530 (India Standard Time),99.9675,7.7235
IN1020220480,07.58 AP SGS 2042,7.58,Sun Sep 07 2042 05:30:00 GMT+0530 (India Standard Time),98.6042,7.7334
IN2820220084,07.58 PN SGS 2042,7.58,Sun Sep 07 2042 05:30:00 GMT+0530 (India Standard Time),98.6042,7.7334
IN2120250146,07.48 MP SGS 2042,7.48,Wed Sep 10 2042 05:30:00 GMT+0530 (India Standard Time),97.6932,7.7334
IN4520230231,07.46 TS SGS 2042,7.46,Sat Sep 13 2042 05:30:00 GMT+0530 (India Standard Time),97.5095,7.7334
IN1020220506,07.45 AP SGS 2042,7.45,Sun Sep 14 2042 05:30:00 GMT+0530 (India Standard Time),97.418,7.7334
IN1620250176,07.45 HR SGS 2042,7.45,Wed Sep 17 2042 05:30:00 GMT+0530 (India Standard Time),97.4163,7.7334
IN3420220110,07.56 WB SGS 2042,7.56,Sun Sep 21 2042 05:30:00 GMT+0530 (India Standard Time),98.4154,7.7334
IN3420230077,07.41 WB SGS 2042,7.41,Mon Sep 22 2042 05:30:00 GMT+0530 (India Standard Time),97.0493,7.7334
IN2920240305,07.15 RJ SGS 2042,7.15,Thu Sep 25 2042 05:30:00 GMT+0530 (India Standard Time),94.68,7.7334
IN3420230093,07.44 WB SGS 2042,7.44,Sat Sep 27 2042 05:30:00 GMT+0530 (India Standard Time),97.3197,7.7334
IN2820220092,07.68 PN SGS 2042,7.68,Sun Sep 28 2042 05:30:00 GMT+0530 (India Standard Time),99.5053,7.7334
IN4520240339,07.14 TS SGS 2042,7.14,Fri Oct 03 2042 05:30:00 GMT+0530 (India Standard Time),94.5829,7.7334
IN2820220100,07.70 PN SGS 2042,7.7,Sat Oct 04 2042 05:30:00 GMT+0530 (India Standard Time),99.6856,7.7334
IN1020220548,07.74 AP SGS 2042,7.74,Sat Oct 04 2042 05:30:00 GMT+0530 (India Standard Time),100.0502,7.7334
IN2920220182,07.74 RJ SGS 2042,7.74,Sat Oct 04 2042 05:30:00 GMT+0530 (India Standard Time),100.0502,7.7334
IN2220250335,07.26 MH SGS 2042,7.26,Wed Oct 08 2042 05:30:00 GMT+0530 (India Standard Time),95.6732,7.7334
IN2820220118,07.85 PN SGS 2042,7.85,Sun Oct 12 2042 05:30:00 GMT+0530 (India Standard Time),101.0513,7.7334
IN1020230547,07.66 AP SGS 2042,7.66,Sat Oct 25 2042 05:30:00 GMT+0530 (India Standard Time),99.3152,7.7334
IN3120220196,07.83 TN SGS 2042,7.83,Mon Oct 27 2042 05:30:00 GMT+0530 (India Standard Time),100.867,7.7334
IN4920250169,07.41 JK SGS 2042,7.41,Wed Oct 29 2042 05:30:00 GMT+0530 (India Standard Time),97.0311,7.7334
IN4520210175,07.08 TS SDL 2042,7.08,Sun Nov 02 2042 05:30:00 GMT+0530 (India Standard Time),94.0154,7.7334
IN2820220126,07.83 PN SGS 2042,7.83,Sun Nov 02 2042 05:30:00 GMT+0530 (India Standard Time),100.8666,7.7334
IN1020240587,07.15 AP SGS 2042,7.15,Thu Nov 06 2042 05:30:00 GMT+0530 (India Standard Time),94.6524,7.7334
IN3120220204,07.80 TN SGS 2042,7.8,Sun Nov 09 2042 05:30:00 GMT+0530 (India Standard Time),100.592,7.7334
IN1020230604,07.69 AP SGS 2042,7.69,Sat Nov 15 2042 05:30:00 GMT+0530 (India Standard Time),99.5858,7.7334
IN2820220142,07.65 PN SGS 2042,7.65,Sun Nov 16 2042 05:30:00 GMT+0530 (India Standard Time),99.2198,7.7334
IN1920220044,07.66 KA SGS 2042,7.66,Sun Nov 23 2042 05:30:00 GMT+0530 (India Standard Time),99.3104,7.7334
IN4520250536,07.46 TS SGS 2042 26 NOV,7.46,Wed Nov 26 2042 05:30:00 GMT+0530 (India Standard Time),97.4794,7.7334
IN1920220069,07.63 KA SGS 2042,7.63,Sun Nov 30 2042 05:30:00 GMT+0530 (India Standard Time),99.0351,7.7334
IN3420250174,07.56 WB SGS 2042 03 DEC,7.56,Wed Dec 03 2042 05:30:00 GMT+0530 (India Standard Time),98.3937,7.7334
IN1620250267,07.52 HR SGS 2042,7.52,Wed Dec 10 2042 05:30:00 GMT+0530 (India Standard Time),98.0262,7.7334
IN4920220071,07.61 JK SGS 2042,7.61,Sun Dec 14 2042 05:30:00 GMT+0530 (India Standard Time),98.8508,7.7334
IN2020240221,07.10 KL SGS 2042,7.1,Thu Dec 18 2042 05:30:00 GMT+0530 (India Standard Time),94.1732,7.7334
IN2020250212,07.60 KL SGS 2042,7.6,Wed Dec 24 2042 05:30:00 GMT+0530 (India Standard Time),98.7587,7.7334
IN4520250601,07.60 TS SGS 2042,7.6,Wed Dec 24 2042 05:30:00 GMT+0530 (India Standard Time),98.7587,7.7334
IN3420240175,07.17 WB SGS 2042,7.17,Fri Dec 26 2042 05:30:00 GMT+0530 (India Standard Time),94.8122,7.7334
IN1020250438,07.54 AP SGS 2042,7.54,Wed Dec 31 2042 05:30:00 GMT+0530 (India Standard Time),98.2078,7.7334
IN3420250232,07.58 WB SGS 2042,7.58,Wed Dec 31 2042 05:30:00 GMT+0530 (India Standard Time),98.5751,7.7334
IN1920240166,07.15 KA SGS 2043,7.15,Thu Jan 01 2043 05:30:00 GMT+0530 (India Standard Time),94.408,7.7582
IN1020230695,07.70 AP SGS 2043 03 JAN,7.7,Sat Jan 03 2043 05:30:00 GMT+0530 (India Standard Time),99.4501,7.7582
IN2220240377,07.14 MH SGS 2043,7.14,Thu Jan 08 2043 05:30:00 GMT+0530 (India Standard Time),94.3139,7.7582
IN1620250291,07.61 HR SGS 2043,7.61,Wed Jan 14 2043 05:30:00 GMT+0530 (India Standard Time),98.6253,7.7582
IN4520230389,07.60 TS SGS 2043,7.6,Sat Jan 17 2043 05:30:00 GMT+0530 (India Standard Time),98.5337,7.7582
IN3420230184,07.66 WB SGS 2043,7.66,Sat Jan 24 2043 05:30:00 GMT+0530 (India Standard Time),99.0854,7.7582
IN3120220287,07.62 TN SGS 2043,7.62,Sun Jan 25 2043 05:30:00 GMT+0530 (India Standard Time),98.7181,7.7582
IN1020250511,07.59 AP SGS 2043,7.59,Wed Jan 28 2043 05:30:00 GMT+0530 (India Standard Time),98.4428,7.7582
IN4520170155,08.00 TS SDL 2043,8,Sat Jan 31 2043 05:30:00 GMT+0530 (India Standard Time),102.2112,7.7582
IN2020230214,07.67 KL SGS 2043,7.67,Sat Jan 31 2043 05:30:00 GMT+0530 (India Standard Time),99.1783,7.7582
IN3420230192,07.67 WB SGS 2043,7.67,Sat Jan 31 2043 05:30:00 GMT+0530 (India Standard Time),99.1783,7.7582
IN2920220273,07.66 RJ SGS 2043,7.66,Sun Feb 01 2043 05:30:00 GMT+0530 (India Standard Time),99.0866,7.7582
IN2120250351,07.68 MP SGS 2043,7.68,Wed Feb 04 2043 05:30:00 GMT+0530 (India Standard Time),99.271,7.7582
IN4920250235,07.72 JK SGS 2043 04 FEB,7.72,Wed Feb 04 2043 05:30:00 GMT+0530 (India Standard Time),99.6388,7.7582
IN3420250331,07.73 WB SGS 2043,7.73,Wed Feb 04 2043 05:30:00 GMT+0530 (India Standard Time),99.7307,7.7582
IN1020230794,07.52 AP SGS 2043,7.52,Sat Feb 07 2043 05:30:00 GMT+0530 (India Standard Time),97.8003,7.7582
IN1620250333,07.83 HR SGS 2043,7.83,Wed Feb 11 2043 05:30:00 GMT+0530 (India Standard Time),100.6525,7.7582
IN3420230218,07.48 WB SGS 2043,7.48,Sat Feb 14 2043 05:30:00 GMT+0530 (India Standard Time),97.4329,7.7582
IN4520170171,08.24 TS SDL 2043,8.24,Sat Feb 28 2043 05:30:00 GMT+0530 (India Standard Time),104.4384,7.7582
IN1020220712,07.69 AP SGS 2043,7.69,Sun Mar 01 2043 05:30:00 GMT+0530 (India Standard Time),99.3704,7.7582
IN2120220099,07.69 MP SGS 2043,7.69,Sun Mar 01 2043 05:30:00 GMT+0530 (India Standard Time),99.3704,7.7582
IN3120220329,07.69 TN SGS 2043,7.69,Sun Mar 01 2043 05:30:00 GMT+0530 (India Standard Time),99.3704,7.7582
IN3520250124,07.67 CG SGS 2043,7.67,Wed Mar 04 2043 05:30:00 GMT+0530 (India Standard Time),99.1871,7.7582
IN4520230447,07.38 TS SGS 2043,7.38,Fri Mar 06 2043 05:30:00 GMT+0530 (India Standard Time),96.5124,7.7582
IN2120220107,07.77 MP SGS 2043,7.77,Sun Mar 08 2043 05:30:00 GMT+0530 (India Standard Time),100.1074,7.7582
IN1020250594,07.65 AP SGS 2043,7.65,Wed Mar 11 2043 05:30:00 GMT+0530 (India Standard Time),98.9994,7.7582
IN2020240288,07.24 KL SGS 2043,7.24,Thu Mar 12 2043 05:30:00 GMT+0530 (India Standard Time),95.217,7.7582
IN4520170197,08.10 TS SDL 2043,8.1,Sat Mar 14 2043 05:30:00 GMT+0530 (India Standard Time),103.1496,7.7582
IN2120220131,07.74 MP SGS 2043,7.74,Mon Mar 23 2043 05:30:00 GMT+0530 (India Standard Time),99.8251,7.7582
IN3420220292,07.74 WB SGS 2043,7.74,Mon Mar 23 2043 05:30:00 GMT+0530 (India Standard Time),99.8251,7.7582
IN1020250602,07.83 AP SGS 2043,7.83,Wed Mar 25 2043 05:30:00 GMT+0530 (India Standard Time),100.6555,7.7582
IN2020240320,07.10 KL SGS 2043,7.1,Thu Mar 26 2043 05:30:00 GMT+0530 (India Standard Time),93.9141,7.7582
IN2920240545,07.10 RJ SGS 2043,7.1,Thu Mar 26 2043 05:30:00 GMT+0530 (India Standard Time),93.9141,7.7582
IN3220250077,08.07 TR SGS 2043,8.07,Mon Mar 30 2043 05:30:00 GMT+0530 (India Standard Time),102.8712,7.7582
IN1020240041,07.46 AP SGS 2043 03 APR,7.46,Fri Apr 03 2043 05:30:00 GMT+0530 (India Standard Time),97.2349,7.7582
IN2920260014,07.97 RJ SGS 2043,7.97,Wed Apr 08 2043 05:30:00 GMT+0530 (India Standard Time),101.9465,7.7582
IN4520260014,07.97 TS SGS 2043,7.97,Wed Apr 08 2043 05:30:00 GMT+0530 (India Standard Time),101.9465,7.7582
IN4520180014,07.75 TS SDL 2043,7.75,Sat Apr 11 2043 05:30:00 GMT+0530 (India Standard Time),99.9123,7.7582
IN2920230025,07.61 RJ SGS 2043,7.61,Sun Apr 19 2043 05:30:00 GMT+0530 (India Standard Time),98.6152,7.7582
IN2820250032,06.77 PN SGS 2043,6.77,Thu Apr 30 2043 05:30:00 GMT+0530 (India Standard Time),90.834,7.7582
IN2820230034,07.47 PN SGS 2043,7.47,Sun May 03 2043 05:30:00 GMT+0530 (India Standard Time),97.3146,7.7582
IN3420230010,07.47 WB SGS 2043,7.47,Sun May 03 2043 05:30:00 GMT+0530 (India Standard Time),97.3146,7.7582
IN1020240157,07.42 AP SGS 2043 08 MAY,7.42,Fri May 08 2043 05:30:00 GMT+0530 (India Standard Time),96.8496,7.7582
IN4520180030,08.05 TS SDL 2043,8.05,Sat May 09 2043 05:30:00 GMT+0530 (India Standard Time),102.687,7.7582
IN1020230117,07.37 AP SGS 2043,7.37,Sun May 10 2043 05:30:00 GMT+0530 (India Standard Time),96.3855,7.7582
IN1020230133,07.32 AP SGS 2043,7.32,Sun May 17 2043 05:30:00 GMT+0530 (India Standard Time),95.9192,7.7582
IN2920230074,07.35 RJ SGS 2043,7.35,Sun May 31 2043 05:30:00 GMT+0530 (India Standard Time),96.1928,7.7582
IN3420230036,07.36 WB SGS 2043,7.36,Sun May 31 2043 05:30:00 GMT+0530 (India Standard Time),96.2856,7.7582
IN2120250047,06.92 MP SGS 2043,6.92,Thu Jun 04 2043 05:30:00 GMT+0530 (India Standard Time),92.1989,7.7582
IN4520240107,07.43 TS SGS 2043,7.43,Fri Jun 05 2043 05:30:00 GMT+0530 (India Standard Time),96.9341,7.7582
IN4520180055,08.28 TS SDL 2043,8.28,Sat Jun 06 2043 05:30:00 GMT+0530 (India Standard Time),104.8276,7.7582
IN1020230216,07.33 AP SGS 2043,7.33,Sun Jun 07 2043 05:30:00 GMT+0530 (India Standard Time),96.0048,7.7582
IN3120230088,07.35 TN SGS 2043,7.35,Sun Jun 14 2043 05:30:00 GMT+0530 (India Standard Time),96.1886,7.7582
IN3120230104,07.34 TN SGS 2043,7.34,Sun Jun 21 2043 05:30:00 GMT+0530 (India Standard Time),96.0939,7.7582
IN2920250106,07.09 RJ SGS 2043,7.09,Thu Jun 25 2043 05:30:00 GMT+0530 (India Standard Time),93.7676,7.7582
IN2920240156,07.33 RJ SGS 2043,7.33,Fri Jun 26 2043 05:30:00 GMT+0530 (India Standard Time),95.9997,7.7582
IN2720180065,08.35 OD SDL 2043,8.35,Sat Jun 27 2043 05:30:00 GMT+0530 (India Standard Time),105.4884,7.7582
IN1020230281,07.42 AP SGS 2043,7.42,Sun Jun 28 2043 05:30:00 GMT+0530 (India Standard Time),96.8366,7.7582
IN3120230112,07.42 TN SGS 2043,7.42,Sun Jun 28 2043 05:30:00 GMT+0530 (India Standard Time),96.8366,7.7582
IN3120230146,07.45 TN SGS 2043,7.45,Sun Jul 05 2043 05:30:00 GMT+0530 (India Standard Time),97.1149,7.7582
IN1020230315,07.46 AP SGS 2043,7.46,Sun Jul 05 2043 05:30:00 GMT+0530 (India Standard Time),97.208,7.7582
IN4520220059,07.91 TS SDL 2043,7.91,Mon Jul 06 2043 05:30:00 GMT+0530 (India Standard Time),101.3973,7.7582
IN2120250062,07.15 MP SGS 2043 09 JUL,7.15,Thu Jul 09 2043 05:30:00 GMT+0530 (India Standard Time),94.3209,7.7582
IN2020230073,07.42 KL SGS 2043,7.42,Sun Jul 12 2043 05:30:00 GMT+0530 (India Standard Time),96.8349,7.7582
IN1020240405,07.33 AP SGS 2043 18 JUL,7.33,Sat Jul 18 2043 05:30:00 GMT+0530 (India Standard Time),95.9957,7.7582
IN3120230187,07.36 TN SGS 2043,7.36,Sun Jul 26 2043 05:30:00 GMT+0530 (India Standard Time),96.2746,7.7582
IN3420240068,07.35 WB SGS 2043,7.35,Fri Jul 31 2043 05:30:00 GMT+0530 (India Standard Time),96.181,7.7582
IN3120230195,07.43 TN SGS 2043,7.43,Sun Aug 02 2043 05:30:00 GMT+0530 (India Standard Time),96.9273,7.7582
IN1020230380,07.44 AP SGS 2043,7.44,Sun Aug 02 2043 05:30:00 GMT+0530 (India Standard Time),97.0206,7.7582
IN2120250096,07.22 MP SGS 2043,7.22,Thu Aug 06 2043 05:30:00 GMT+0530 (India Standard Time),94.9674,7.7582
IN4520180071,08.42 TS SDL 2043,8.42,Sat Aug 08 2043 05:30:00 GMT+0530 (India Standard Time),106.1689,7.7582
IN2820260080,07.65 PN SGS 2043,7.65,Wed Aug 12 2043 05:30:00 GMT+0530 (India Standard Time),98.9819,7.7582
IN2120250120,07.57 MP SGS 2043,7.57,Fri Aug 28 2043 05:30:00 GMT+0530 (India Standard Time),98.238,7.7582
IN2920250171,07.57 RJ SGS 2043,7.57,Fri Aug 28 2043 05:30:00 GMT+0530 (India Standard Time),98.238,7.7582
IN4520180097,08.75 TS SDL 2043,8.75,Thu Sep 03 2043 05:30:00 GMT+0530 (India Standard Time),109.2777,7.7582
IN1020230448,07.40 AP SGS 2043,7.4,Sun Sep 06 2043 05:30:00 GMT+0530 (India Standard Time),96.6477,7.7582
IN4520230223,07.40 TS SGS 2043,7.4,Sun Sep 06 2043 05:30:00 GMT+0530 (India Standard Time),96.6477,7.7582
IN2220240294,07.13 MH SGS 2043,7.13,Sat Sep 19 2043 05:30:00 GMT+0530 (India Standard Time),94.1108,7.7582
IN2120250161,07.43 MP SGS 2043,7.43,Thu Sep 24 2043 05:30:00 GMT+0530 (India Standard Time),96.9178,7.7582
IN2220240336,07.12 MH SGS 2043,7.12,Fri Sep 25 2043 05:30:00 GMT+0530 (India Standard Time),94.0125,7.7582
IN2120240063,07.14 MP SGS 2043,7.14,Fri Sep 25 2043 05:30:00 GMT+0530 (India Standard Time),94.1999,7.7582
IN1320250146,07.58 BR SGS 2043,7.58,Thu Oct 01 2043 05:30:00 GMT+0530 (India Standard Time),98.3202,7.7582
IN4520180105,08.56 TS SDL 2043,8.56,Sat Oct 03 2043 05:30:00 GMT+0530 (India Standard Time),107.5077,7.7582
IN2120240089,07.15 MP SGS 2043,7.15,Fri Oct 09 2043 05:30:00 GMT+0530 (India Standard Time),94.2836,7.7582
IN1020230521,07.61 AP SGS 2043,7.61,Sun Oct 18 2043 05:30:00 GMT+0530 (India Standard Time),98.5954,7.7582
IN1720230060,07.62 HP SGS 2043,7.62,Sun Oct 18 2043 05:30:00 GMT+0530 (India Standard Time),98.6893,7.7582
IN2920230231,07.62 RJ SGS 2043,7.62,Sun Oct 18 2043 05:30:00 GMT+0530 (India Standard Time),98.6893,7.7582
IN3420230119,07.64 WB SGS 2043,7.64,Sun Oct 18 2043 05:30:00 GMT+0530 (India Standard Time),98.877,7.7582
IN3120230294,07.66 TN SGS 2043,7.66,Sun Oct 25 2043 05:30:00 GMT+0530 (India Standard Time),99.0629,7.7582
IN1020240561,07.17 AP SGS 2043,7.17,Fri Oct 30 2043 05:30:00 GMT+0530 (India Standard Time),94.4582,7.7582
IN1020230588,07.70 AP SGS 2043,7.7,Sun Nov 01 2043 05:30:00 GMT+0530 (India Standard Time),99.4373,7.7582
IN2920230272,07.70 RJ SGS 2043,7.7,Sun Nov 01 2043 05:30:00 GMT+0530 (India Standard Time),99.4373,7.7582
IN2120180087,08.52 MP SDL 2043,8.52,Fri Nov 06 2043 05:30:00 GMT+0530 (India Standard Time),107.1439,7.7582
IN4520180121,08.52 TS SDL 2043,8.52,Fri Nov 06 2043 05:30:00 GMT+0530 (India Standard Time),107.1439,7.7582
IN2120250237,07.46 MP SGS 2043,7.46,Thu Nov 12 2043 05:30:00 GMT+0530 (India Standard Time),97.1786,7.7582
IN4520210183,06.99 TS SDL 2043,6.99,Tue Nov 17 2043 05:30:00 GMT+0530 (India Standard Time),92.7557,7.7582
IN4520220257,07.63 TS SGS 2043,7.63,Mon Nov 23 2043 05:30:00 GMT+0530 (India Standard Time),98.7754,7.7582
IN4520180147,08.52 TS SDL 2043NOV,8.52,Sat Nov 28 2043 05:30:00 GMT+0530 (India Standard Time),107.1544,7.7582
IN2020230172,07.71 KL SGS 2043,7.71,Sun Nov 29 2043 05:30:00 GMT+0530 (India Standard Time),99.5279,7.7582
IN3420230143,07.71 WB SGS 2043,7.71,Sun Nov 29 2043 05:30:00 GMT+0530 (India Standard Time),99.5279,7.7582
IN4920230161,07.74 JK SGS 2043,7.74,Sun Nov 29 2043 05:30:00 GMT+0530 (India Standard Time),99.8104,7.7582
IN2020220108,07.63 KL SGS 2043,7.63,Mon Nov 30 2043 05:30:00 GMT+0530 (India Standard Time),98.7745,7.7582
IN4520180154,08.43 TS SDL 2043,8.43,Sat Dec 05 2043 05:30:00 GMT+0530 (India Standard Time),106.3104,7.7582
IN3420230176,07.64 WB SGS 2043 27 DEC,7.64,Sun Dec 27 2043 05:30:00 GMT+0530 (India Standard Time),98.8675,7.7582
IN4920230203,07.72 JK SGS 2043,7.72,Sun Dec 27 2043 05:30:00 GMT+0530 (India Standard Time),99.6225,7.7582
IN2120250336,07.59 MP SGS 2044,7.59,Thu Jan 07 2044 05:30:00 GMT+0530 (India Standard Time),98.4549,7.7518
IN1020250479,07.60 AP SGS 2044 07 JAN,7.6,Thu Jan 07 2044 05:30:00 GMT+0530 (India Standard Time),98.5494,7.7518
IN4920230211,07.68 JK SGS 2044,7.68,Sun Jan 10 2044 05:30:00 GMT+0530 (India Standard Time),99.3056,7.7518
IN1320250237,07.65 BR SGS 2044,7.65,Thu Jan 14 2044 05:30:00 GMT+0530 (India Standard Time),99.0224,7.7518
IN2020240239,07.24 KL SGS 2044,7.24,Fri Jan 15 2044 05:30:00 GMT+0530 (India Standard Time),95.1463,7.7518
IN2220240393,07.24 MH SGS 2044,7.24,Fri Jan 15 2044 05:30:00 GMT+0530 (India Standard Time),95.1463,7.7518
IN1020230729,07.60 AP SGS 2044,7.6,Sun Jan 17 2044 05:30:00 GMT+0530 (India Standard Time),98.55,7.7518
IN3120230385,07.59 TN SGS 2044,7.59,Sun Jan 24 2044 05:30:00 GMT+0530 (India Standard Time),98.4561,7.7518
IN4520250668,07.64 TS SGS 2044,7.64,Thu Jan 28 2044 05:30:00 GMT+0530 (India Standard Time),98.9297,7.7518
IN3420250315,07.67 WB SGS 2044 28 JAN,7.67,Thu Jan 28 2044 05:30:00 GMT+0530 (India Standard Time),99.2136,7.7518
IN3420240217,07.13 WB SGS 2044,7.13,Fri Jan 29 2044 05:30:00 GMT+0530 (India Standard Time),94.1028,7.7518
IN3420230200,07.67 WB SGS 2044,7.67,Sun Jan 31 2044 05:30:00 GMT+0530 (India Standard Time),99.214,7.7518
IN4520220364,07.66 TS SGS 2044,7.66,Mon Feb 01 2044 05:30:00 GMT+0530 (India Standard Time),99.1195,7.7518
IN4520180170,08.33 TS SDL 2044,8.33,Sat Feb 13 2044 05:30:00 GMT+0530 (India Standard Time),105.4707,7.7518
IN1020230828,07.48 AP SGS 2044,7.48,Sun Feb 14 2044 05:30:00 GMT+0530 (India Standard Time),97.4167,7.7518
IN3420230226,07.48 WB SGS 2044,7.48,Sun Feb 14 2044 05:30:00 GMT+0530 (India Standard Time),97.4167,7.7518
IN3420250372,07.74 WB SGS 2044,7.74,Thu Feb 18 2044 05:30:00 GMT+0530 (India Standard Time),100.116,7.7272
IN2120230197,07.45 MP SGS 2044 21 FEB,7.45,Sun Feb 21 2044 05:30:00 GMT+0530 (India Standard Time),97.1331,7.7518
IN2120230213,07.42 MP SGS 2044,7.42,Sun Feb 28 2044 05:30:00 GMT+0530 (India Standard Time),96.8494,7.7518
IN2920230470,07.43 RJ SGS 2044,7.43,Sun Feb 28 2044 05:30:00 GMT+0530 (India Standard Time),96.9443,7.7518
IN3420230242,07.44 WB SGS 2044,7.44,Sun Feb 28 2044 05:30:00 GMT+0530 (India Standard Time),97.0391,7.7518
IN4520180196,08.42 TS SDL 2044,8.42,Sun Mar 06 2044 05:30:00 GMT+0530 (India Standard Time),106.3419,7.7518
IN4920230252,07.40 JK SGS 2044,7.4,Sun Mar 06 2044 05:30:00 GMT+0530 (India Standard Time),96.6591,7.7518
IN3420230259,07.40 WB SGS 2044,7.4,Sun Mar 06 2044 05:30:00 GMT+0530 (India Standard Time),96.6591,7.7518
IN1620250390,07.69 HR SGS 2044,7.69,Fri Mar 11 2044 05:30:00 GMT+0530 (India Standard Time),99.4099,7.7518
IN3420250414,07.72 WB SGS 2044,7.72,Fri Mar 11 2044 05:30:00 GMT+0530 (India Standard Time),99.6948,7.7518
IN2020230230,07.38 KL SGS 2044,7.38,Sun Mar 13 2044 05:30:00 GMT+0530 (India Standard Time),96.4648,7.7518
IN3420230275,07.39 WB SGS 2044,7.39,Sun Mar 13 2044 05:30:00 GMT+0530 (India Standard Time),96.5598,7.7518
IN3320250258,07.72 UP SGS 2044,7.72,Fri Mar 18 2044 05:30:00 GMT+0530 (India Standard Time),100.0041,7.719
IN3520250132,07.73 CG SGS 2044,7.73,Fri Mar 18 2044 05:30:00 GMT+0530 (India Standard Time),99.7871,7.7518
IN3120230492,07.44 TN SGS 2044,7.44,Sun Mar 20 2044 05:30:00 GMT+0530 (India Standard Time),97.0307,7.7518
IN3420230291,07.45 WB SGS 2044,7.45,Sun Mar 20 2044 05:30:00 GMT+0530 (India Standard Time),97.1257,7.7518
IN4920230278,07.47 JK SGS 2044,7.47,Sun Mar 20 2044 05:30:00 GMT+0530 (India Standard Time),97.3158,7.7518
IN3320230359,07.48 UP SGS 2044,7.48,Tue Mar 22 2044 05:30:00 GMT+0530 (India Standard Time),97.4098,7.7518
IN3420250455,07.88 WB SGS 2044,7.88,Fri Mar 25 2044 05:30:00 GMT+0530 (India Standard Time),101.2105,7.7518
IN2220230386,07.50 MH SGS 2044,7.5,Sun Mar 27 2044 05:30:00 GMT+0530 (India Standard Time),97.5974,7.7518
IN2920230579,07.52 RJ SGS 2044,7.52,Sun Mar 27 2044 05:30:00 GMT+0530 (India Standard Time),97.7875,7.7518
IN3420230317,07.53 WB SGS 2044,7.53,Sun Mar 27 2044 05:30:00 GMT+0530 (India Standard Time),97.8826,7.7518
IN1620250465,07.99 HR SGS 2044,7.99,Wed Mar 30 2044 05:30:00 GMT+0530 (India Standard Time),102.2554,7.7518
IN3620250149,07.99 UK SGS 2044,7.99,Wed Mar 30 2044 05:30:00 GMT+0530 (India Standard Time),102.2554,7.7518
IN1020250651,08.00 AP SGS 2044,8,Wed Mar 30 2044 05:30:00 GMT+0530 (India Standard Time),102.551,7.7312
IN1720240010,07.45 HP SGS 2044,7.45,Sun Apr 03 2044 05:30:00 GMT+0530 (India Standard Time),97.1191,7.7518
IN1020240058,07.46 AP SGS 2044,7.46,Sun Apr 03 2044 05:30:00 GMT+0530 (India Standard Time),97.2142,7.7518
IN4520230017,07.61 TS SGS 2044,7.61,Tue Apr 19 2044 05:30:00 GMT+0530 (India Standard Time),98.6354,7.7518
IN2220260052,07.77 MH SGS 2044,7.77,Fri Apr 22 2044 05:30:00 GMT+0530 (India Standard Time),99.957,7.773
IN1020240082,07.48 AP SGS 2044 24 APR,7.48,Sun Apr 24 2044 05:30:00 GMT+0530 (India Standard Time),97.3957,7.7518
IN1020240116,07.49 AP SGS 2044,7.49,Mon May 02 2044 05:30:00 GMT+0530 (India Standard Time),97.4882,7.7518
IN2920240040,07.49 RJ SGS 2044,7.49,Mon May 02 2044 05:30:00 GMT+0530 (India Standard Time),97.4882,7.7518
IN3120240046,07.49 TN SGS 2044,7.49,Mon May 02 2044 05:30:00 GMT+0530 (India Standard Time),97.4882,7.7518
IN1020240165,07.42 AP SGS 2044,7.42,Sun May 08 2044 05:30:00 GMT+0530 (India Standard Time),96.8188,7.7518
IN2820260049,07.92 PN SGS 2044,7.92,Fri May 20 2044 05:30:00 GMT+0530 (India Standard Time),101.5868,7.7518
IN1020240231,07.38 AP SGS 2044,7.38,Sun May 22 2044 05:30:00 GMT+0530 (India Standard Time),96.4326,7.7518
IN3620260031,07.87 UK SGS 2044,7.87,Fri May 27 2044 05:30:00 GMT+0530 (India Standard Time),101.2891,7.7333
IN4520250114,06.92 TS SGS 2044,6.92,Sat Jun 04 2044 05:30:00 GMT+0530 (India Standard Time),92.0346,7.7518
IN1020240272,07.43 AP SGS 2044,7.43,Sun Jun 05 2044 05:30:00 GMT+0530 (India Standard Time),96.9066,7.7518
IN1720260026,07.78 HP SGS 2044,7.78,Fri Jun 24 2044 05:30:00 GMT+0530 (India Standard Time),100.2518,7.7518
IN1020240348,07.31 AP SGS 2044,7.31,Sun Jun 26 2044 05:30:00 GMT+0530 (India Standard Time),95.7546,7.7518
IN2920240164,07.33 RJ SGS 2044,7.33,Sun Jun 26 2044 05:30:00 GMT+0530 (India Standard Time),95.946,7.7518
IN4520260071,07.64 TS SGS 2044 01 JUL,7.64,Fri Jul 01 2044 05:30:00 GMT+0530 (India Standard Time),98.6749,7.7769
IN4520220067,07.90 TS SDL 2044,7.9,Wed Jul 06 2044 05:30:00 GMT+0530 (India Standard Time),101.4027,7.7518
IN2120260053,07.61 MP SGS 2044,7.61,Fri Jul 08 2044 05:30:00 GMT+0530 (India Standard Time),98.3566,7.7803
IN3420260025,07.64 WB SGS 2044,7.64,Fri Jul 08 2044 05:30:00 GMT+0530 (India Standard Time),98.6767,7.7767
IN4520230140,07.34 TS SGS 2044,7.34,Tue Jul 19 2044 05:30:00 GMT+0530 (India Standard Time),96.0384,7.7518
IN2720260016,07.70 OD SGS 2044,7.7,Fri Jul 22 2044 05:30:00 GMT+0530 (India Standard Time),99.4897,7.7518
IN1320260061,07.71 BR SGS 2044,7.71,Fri Jul 22 2044 05:30:00 GMT+0530 (India Standard Time),99.5856,7.7518
IN3420250075,07.11 WB SGS 2044,7.11,Sat Jul 23 2044 05:30:00 GMT+0530 (India Standard Time),93.8327,7.7518
IN2920260105,07.68 RJ SGS 2044,7.68,Fri Jul 29 2044 05:30:00 GMT+0530 (India Standard Time),99.325,7.7492
IN2220240096,07.33 MH SGS 2044,7.33,Sun Jul 31 2044 05:30:00 GMT+0530 (India Standard Time),95.9417,7.7518
IN1020240439,07.34 AP SGS 2044,7.34,Sun Jul 31 2044 05:30:00 GMT+0530 (India Standard Time),96.0376,7.7518
IN2920220133,07.82 RJ SDL 2044,7.82,Wed Aug 03 2044 05:30:00 GMT+0530 (India Standard Time),100.6435,7.7518
IN4520250262,07.19 TS SGS 2044,7.19,Sat Aug 06 2044 05:30:00 GMT+0530 (India Standard Time),94.5977,7.7518
IN2220240120,07.27 MH SGS 2044,7.27,Sun Aug 07 2044 05:30:00 GMT+0530 (India Standard Time),95.3655,7.7518
IN3420250083,07.45 WB SGS 2044 20 AUG,7.45,Sat Aug 20 2044 05:30:00 GMT+0530 (India Standard Time),97.0945,7.7518
IN2220240203,07.25 MH SGS 2044,7.25,Sun Aug 28 2044 05:30:00 GMT+0530 (India Standard Time),95.1727,7.7518
IN1020240504,07.25 AP SGS 2044,7.25,Sun Sep 04 2044 05:30:00 GMT+0530 (India Standard Time),95.1728,7.7518
IN1220240072,07.25 AS SGS 2044,7.25,Sun Sep 04 2044 05:30:00 GMT+0530 (India Standard Time),95.1728,7.7518
IN2120250153,07.50 MP SGS 2044,7.5,Sat Sep 10 2044 05:30:00 GMT+0530 (India Standard Time),97.5742,7.7518
IN3420250117,07.47 WB SGS 2044,7.47,Sat Sep 17 2044 05:30:00 GMT+0530 (India Standard Time),97.2816,7.7518
IN2820240207,07.15 PN SGS 2044,7.15,Sun Sep 25 2044 05:30:00 GMT+0530 (India Standard Time),94.1952,7.7518
IN3420240100,07.15 WB SGS 2044,7.15,Sun Sep 25 2044 05:30:00 GMT+0530 (India Standard Time),94.1952,7.7518
IN2120230080,07.45 MP SGS 2044,7.45,Tue Sep 27 2044 05:30:00 GMT+0530 (India Standard Time),97.0839,7.7518
IN2920230207,07.45 RJ SGS 2044,7.45,Tue Sep 27 2044 05:30:00 GMT+0530 (India Standard Time),97.0839,7.7518
IN1020240538,07.14 AP SGS 2044,7.14,Mon Oct 03 2044 05:30:00 GMT+0530 (India Standard Time),94.0933,7.7518
IN3420240126,07.15 WB SGS 2044 03 OCT,7.15,Mon Oct 03 2044 05:30:00 GMT+0530 (India Standard Time),94.1897,7.7518
IN4520230272,07.49 TS SGS 2044,7.49,Tue Oct 04 2044 05:30:00 GMT+0530 (India Standard Time),97.466,7.7518
IN2820240223,07.11 PN SGS 2044,7.11,Sun Oct 16 2044 05:30:00 GMT+0530 (India Standard Time),93.7955,7.7518
IN2020220082,07.81 KL SGS 2044,7.81,Thu Oct 27 2044 05:30:00 GMT+0530 (India Standard Time),100.546,7.7518
IN2820240231,07.17 PN SGS 2044,7.17,Sun Oct 30 2044 05:30:00 GMT+0530 (India Standard Time),94.3662,7.7518
IN2120250245,07.45 MP SGS 2044,7.45,Sat Nov 12 2044 05:30:00 GMT+0530 (India Standard Time),97.0658,7.7518
IN4520220265,07.63 TS SGS 2044,7.63,Wed Nov 23 2044 05:30:00 GMT+0530 (India Standard Time),98.8035,7.7518
IN3420250158,07.48 WB SGS 2044 26 NOV,7.48,Sat Nov 26 2044 05:30:00 GMT+0530 (India Standard Time),97.3522,7.7518
IN1120240016,07.16 AR SGS 2044,7.16,Sun Nov 27 2044 05:30:00 GMT+0530 (India Standard Time),94.2565,7.7518
IN2120240105,07.16 MP SGS 2044,7.16,Sun Nov 27 2044 05:30:00 GMT+0530 (India Standard Time),94.2565,7.7518
IN1020250396,07.59 AP SGS 2044,7.59,Sat Dec 03 2044 05:30:00 GMT+0530 (India Standard Time),98.4153,7.7518
IN4520250577,07.68 TS SGS 2044,7.68,Sat Dec 03 2044 05:30:00 GMT+0530 (India Standard Time),99.2863,7.7518
IN4920240178,07.10 JK SGS 2044,7.1,Sun Dec 04 2044 05:30:00 GMT+0530 (India Standard Time),93.6729,7.7518
IN4520240388,07.10 TS SGS 2044,7.1,Sun Dec 04 2044 05:30:00 GMT+0530 (India Standard Time),93.6729,7.7518
IN3420250190,07.52 WB SGS 2044,7.52,Sat Dec 17 2044 05:30:00 GMT+0530 (India Standard Time),97.736,7.7518
IN1120240024,07.11 AR SGS 2044,7.11,Sun Dec 18 2044 05:30:00 GMT+0530 (India Standard Time),93.764,7.7518
IN3120240475,07.14 TN SGS 2044,7.14,Mon Dec 26 2044 05:30:00 GMT+0530 (India Standard Time),94.0519,7.7518
IN2020230198,07.62 KL SGS 2044,7.62,Tue Dec 27 2044 05:30:00 GMT+0530 (India Standard Time),98.7047,7.7518
IN2020250220,07.56 KL SGS 2044,7.56,Sat Dec 31 2044 05:30:00 GMT+0530 (India Standard Time),98.123,7.7518
IN1020250487,07.60 AP SGS 2045,7.6,Sat Jan 07 2045 05:30:00 GMT+0530 (India Standard Time),98.7155,7.7306
IN3420250265,07.61 WB SGS 2045,7.61,Sat Jan 07 2045 05:30:00 GMT+0530 (India Standard Time),98.8126,7.7306
IN1320240220,07.14 BR SGS 2045,7.14,Sun Jan 22 2045 05:30:00 GMT+0530 (India Standard Time),94.2429,7.7306
IN2020240247,07.14 KL SGS 2045,7.14,Sun Jan 22 2045 05:30:00 GMT+0530 (India Standard Time),94.2429,7.7306
IN2020220140,07.60 KL SGS 2045,7.6,Wed Jan 25 2045 05:30:00 GMT+0530 (India Standard Time),98.7173,7.7306
IN1220240155,07.11 AS SGS 2045,7.11,Sun Jan 29 2045 05:30:00 GMT+0530 (India Standard Time),93.9497,7.7306
IN1320240246,07.11 BR SGS 2045,7.11,Sun Jan 29 2045 05:30:00 GMT+0530 (India Standard Time),93.9497,7.7306
IN3120240525,07.11 TN SGS 2045,7.11,Sun Jan 29 2045 05:30:00 GMT+0530 (India Standard Time),93.9497,7.7306
IN2820240272,07.12 PN SGS 2045,7.12,Sun Jan 29 2045 05:30:00 GMT+0530 (India Standard Time),94.047,7.7306
IN1320240261,07.19 BR SGS 2045,7.19,Sun Feb 05 2045 05:30:00 GMT+0530 (India Standard Time),94.7274,7.7306
IN2820240280,07.19 PN SGS 2045,7.19,Sun Feb 05 2045 05:30:00 GMT+0530 (India Standard Time),94.7274,7.7306
IN4520230421,07.46 TS SGS 2045,7.46,Tue Feb 07 2045 05:30:00 GMT+0530 (India Standard Time),97.3561,7.7306
IN3420250356,07.82 WB SGS 2045,7.82,Sat Feb 11 2045 05:30:00 GMT+0530 (India Standard Time),100.8627,7.7306
IN3120240558,07.17 TN SGS 2045,7.17,Sun Feb 12 2045 05:30:00 GMT+0530 (India Standard Time),94.532,7.7306
IN1320240287,07.18 BR SGS 2045,7.18,Sun Feb 12 2045 05:30:00 GMT+0530 (India Standard Time),94.6294,7.7306
IN4920240244,07.18 JK SGS 2045,7.18,Sun Feb 12 2045 05:30:00 GMT+0530 (India Standard Time),94.6294,7.7306
IN2120250427,07.72 MP SGS 2045,7.72,Sat Feb 18 2045 05:30:00 GMT+0530 (India Standard Time),99.891,7.7306
IN1620250358,07.73 HR SGS 2045,7.73,Sat Feb 18 2045 05:30:00 GMT+0530 (India Standard Time),99.9941,7.73
IN1320240303,07.18 BR SGS 2045 20 FEB,7.18,Mon Feb 20 2045 05:30:00 GMT+0530 (India Standard Time),94.6288,7.7306
IN2120230205,07.45 MP SGS 2045,7.45,Tue Feb 21 2045 05:30:00 GMT+0530 (India Standard Time),97.2604,7.7306
IN2020250261,07.72 KL SGS 2045,7.72,Sat Feb 25 2045 05:30:00 GMT+0530 (India Standard Time),99.8933,7.7306
IN1220240197,07.20 AS SGS 2045,7.2,Mon Feb 27 2045 05:30:00 GMT+0530 (India Standard Time),94.8236,7.7306
IN2720240091,07.20 OD SGS 2045,7.2,Mon Feb 27 2045 05:30:00 GMT+0530 (India Standard Time),94.8236,7.7306
IN2120230221,07.42 MP SGS 2045,7.42,Tue Feb 28 2045 05:30:00 GMT+0530 (India Standard Time),96.9693,7.7306
IN4520220414,07.58 TS SGS 2045,7.58,Wed Mar 01 2045 05:30:00 GMT+0530 (India Standard Time),98.53,7.7306
IN2120240196,07.27 MP SGS 2045,7.27,Sun Mar 05 2045 05:30:00 GMT+0530 (India Standard Time),95.5059,7.7306
IN1120240032,07.24 AR SGS 2045,7.24,Sun Mar 12 2045 05:30:00 GMT+0530 (India Standard Time),95.2083,7.7306
IN1220240213,07.24 AS SGS 2045,7.24,Sun Mar 12 2045 05:30:00 GMT+0530 (India Standard Time),95.2083,7.7306
IN2920230504,07.37 RJ SGS 2045,7.37,Mon Mar 13 2045 05:30:00 GMT+0530 (India Standard Time),96.4766,7.7306
IN1620250416,07.73 HR SGS 2045 18 MAR,7.73,Sat Mar 18 2045 05:30:00 GMT+0530 (India Standard Time),99.989,7.7306
IN4520250759,07.75 TS SGS 2045,7.75,Sat Mar 18 2045 05:30:00 GMT+0530 (India Standard Time),100.1843,7.7306
IN3420250430,07.79 WB SGS 2045,7.79,Sat Mar 18 2045 05:30:00 GMT+0530 (India Standard Time),100.5692,7.7312
IN3120240723,07.18 TN SGS 2045,7.18,Sun Mar 19 2045 05:30:00 GMT+0530 (India Standard Time),94.6178,7.7306
IN3420240266,07.18 WB SGS 2045,7.18,Sun Mar 19 2045 05:30:00 GMT+0530 (India Standard Time),94.6178,7.7306
IN1220240239,07.10 AS SGS 2045,7.1,Sun Mar 26 2045 05:30:00 GMT+0530 (India Standard Time),93.8315,7.7306
IN2820240298,07.10 PN SGS 2045,7.1,Sun Mar 26 2045 05:30:00 GMT+0530 (India Standard Time),93.8315,7.7306
IN3420240290,07.10 WB SGS 2045,7.1,Sun Mar 26 2045 05:30:00 GMT+0530 (India Standard Time),93.8315,7.7306
IN2820250016,06.88 PN SGS 2045,6.88,Tue Apr 04 2045 05:30:00 GMT+0530 (India Standard Time),91.6756,7.7306
IN1220250022,06.79 AS SGS 2045,6.79,Sun May 07 2045 05:30:00 GMT+0530 (India Standard Time),90.7696,7.7306
IN2820250040,06.79 PN SGS 2045,6.79,Sun May 07 2045 05:30:00 GMT+0530 (India Standard Time),90.7696,7.7306
IN2820250057,06.88 PN SGS 2045 14 MAY,6.88,Sun May 14 2045 05:30:00 GMT+0530 (India Standard Time),91.6466,7.7306
IN1020240199,07.42 AP SGS 2045,7.42,Mon May 15 2045 05:30:00 GMT+0530 (India Standard Time),96.9385,7.7306
IN2920240107,07.34 RJ SGS 2045,7.34,Mon May 29 2045 05:30:00 GMT+0530 (India Standard Time),96.1501,7.7306
IN1720250043,06.92 HP SGS 2045,6.92,Sun Jun 04 2045 05:30:00 GMT+0530 (India Standard Time),92.0272,7.7306
IN3120250086,06.92 TN SGS 2045,6.92,Sun Jun 04 2045 05:30:00 GMT+0530 (India Standard Time),92.0272,7.7306
IN4520250122,06.92 TS SGS 2045,6.92,Sun Jun 04 2045 05:30:00 GMT+0530 (India Standard Time),92.0272,7.7306
IN3420250018,06.92 WB SGS 2045,6.92,Sun Jun 04 2045 05:30:00 GMT+0530 (India Standard Time),92.0272,7.7306
IN4520230082,07.35 TS SGS 2045,7.35,Wed Jun 14 2045 05:30:00 GMT+0530 (India Standard Time),96.2446,7.7306
IN4520230090,07.40 TS SGS 2045,7.4,Wed Jun 28 2045 05:30:00 GMT+0530 (India Standard Time),96.7336,7.7306
IN2220250137,07.15 MH SGS 2045,7.15,Sun Jul 02 2045 05:30:00 GMT+0530 (India Standard Time),94.2752,7.7306
IN1020240389,07.36 AP SGS 2045,7.36,Mon Jul 03 2045 05:30:00 GMT+0530 (India Standard Time),96.3398,7.7306
IN4520220075,07.92 TS SDL 2045,7.92,Thu Jul 06 2045 05:30:00 GMT+0530 (India Standard Time),101.8469,7.7306
IN2220250160,07.14 MH SGS 2045,7.14,Sun Jul 09 2045 05:30:00 GMT+0530 (India Standard Time),94.1751,7.7306
IN4920250086,07.18 JK SGS 2045 16 JUL,7.18,Sun Jul 16 2045 05:30:00 GMT+0530 (India Standard Time),94.5672,7.7306
IN2020250097,07.10 KL SGS 2045,7.1,Sun Jul 23 2045 05:30:00 GMT+0530 (India Standard Time),93.7784,7.7306
IN2920240214,07.34 RJ SGS 2045 31 JUL,7.34,Mon Jul 31 2045 05:30:00 GMT+0530 (India Standard Time),96.1412,7.7306
IN2120250104,07.24 MP SGS 2045,7.24,Sun Aug 06 2045 05:30:00 GMT+0530 (India Standard Time),95.1557,7.7306
IN2120240022,07.28 MP SGS 2045,7.28,Mon Aug 07 2045 05:30:00 GMT+0530 (India Standard Time),95.5499,7.7306
IN4920240129,07.29 JK SGS 2045,7.29,Mon Aug 07 2045 05:30:00 GMT+0530 (India Standard Time),95.6485,7.7306
IN2920220158,07.93 RJ SDL 2045,7.93,Thu Aug 10 2045 05:30:00 GMT+0530 (India Standard Time),101.9574,7.7306
IN4520240271,07.28 TS SGS 2045,7.28,Mon Aug 14 2045 05:30:00 GMT+0530 (India Standard Time),95.5498,7.7306
IN2220240161,07.22 MH SGS 2045,7.22,Mon Aug 21 2045 05:30:00 GMT+0530 (India Standard Time),94.9581,7.7306
IN4520220125,07.74 TS SGS 2045,7.74,Thu Aug 24 2045 05:30:00 GMT+0530 (India Standard Time),100.0891,7.7306
IN2120240048,07.22 MP SGS 2045,7.22,Mon Aug 28 2045 05:30:00 GMT+0530 (India Standard Time),94.9581,7.7306
IN2120250138,07.57 MP SGS 2045,7.57,Mon Aug 28 2045 05:30:00 GMT+0530 (India Standard Time),98.4127,7.7306
IN2020250154,07.78 KL SGS 2045,7.78,Sun Sep 03 2045 05:30:00 GMT+0530 (India Standard Time),100.4875,7.7306
IN2220240245,07.25 MH SGS 2045,7.25,Mon Sep 04 2045 05:30:00 GMT+0530 (India Standard Time),95.2546,7.7306
IN3420240092,07.25 WB SGS 2045,7.25,Mon Sep 04 2045 05:30:00 GMT+0530 (India Standard Time),95.2546,7.7306
IN4920250128,07.51 JK SGS 2045,7.51,Sun Sep 10 2045 05:30:00 GMT+0530 (India Standard Time),97.8187,7.7306
IN2020240155,07.23 KL SGS 2045,7.23,Mon Sep 11 2045 05:30:00 GMT+0530 (India Standard Time),95.0522,7.7306
IN4520230249,07.44 TS SGS 2045,7.44,Wed Sep 13 2045 05:30:00 GMT+0530 (India Standard Time),97.1256,7.7306
IN1220250113,07.47 AS SGS 2045,7.47,Sun Sep 17 2045 05:30:00 GMT+0530 (India Standard Time),97.42,7.7306
IN1320250120,07.45 BR SGS 2045,7.45,Sun Sep 24 2045 05:30:00 GMT+0530 (India Standard Time),97.2188,7.7306
IN3420240118,07.15 WB SGS 2045,7.15,Mon Sep 25 2045 05:30:00 GMT+0530 (India Standard Time),94.2523,7.7306
IN2120250187,07.48 MP SGS 2045,7.48,Sun Oct 01 2045 05:30:00 GMT+0530 (India Standard Time),97.5122,7.7306
IN1020250321,07.50 AP SGS 2045,7.5,Sun Oct 01 2045 05:30:00 GMT+0530 (India Standard Time),97.71,7.7306
IN3420250141,07.56 WB SGS 2045,7.56,Sun Oct 01 2045 05:30:00 GMT+0530 (India Standard Time),98.3035,7.7306
IN2020230156,07.49 KL SGS 2045,7.49,Wed Oct 04 2045 05:30:00 GMT+0530 (India Standard Time),97.6099,7.7306
IN1320250161,07.31 BR SGS 2045,7.31,Sun Oct 15 2045 05:30:00 GMT+0530 (India Standard Time),95.8237,7.7306
IN4920250151,07.31 JK SGS 2045,7.31,Sun Oct 15 2045 05:30:00 GMT+0530 (India Standard Time),95.8237,7.7306
IN4520240347,07.11 TS SGS 2045,7.11,Mon Oct 16 2045 05:30:00 GMT+0530 (India Standard Time),93.8433,7.7306
IN2920240347,07.16 RJ SGS 2045,7.16,Mon Oct 30 2045 05:30:00 GMT+0530 (India Standard Time),94.3308,7.7306
IN4520230314,07.67 TS SGS 2045,7.67,Wed Nov 01 2045 05:30:00 GMT+0530 (India Standard Time),99.3838,7.7306
IN2020220090,07.80 KL SGS 2045,7.8,Thu Nov 02 2045 05:30:00 GMT+0530 (India Standard Time),100.6718,7.7306
IN2020250196,07.48 KL SGS 2045,7.48,Mon Nov 06 2045 05:30:00 GMT+0530 (India Standard Time),97.4997,7.7306
IN4920250177,07.46 JK SGS 2045,7.46,Sun Nov 12 2045 05:30:00 GMT+0530 (India Standard Time),97.2997,7.7306
IN1120250015,07.50 AR SGS 2045,7.5,Sun Nov 19 2045 05:30:00 GMT+0530 (India Standard Time),97.6948,7.7306
IN1320250187,07.46 BR SGS 2045,7.46,Sun Nov 26 2045 05:30:00 GMT+0530 (India Standard Time),97.2964,7.7306
IN4520240396,07.10 TS SGS 2045,7.1,Mon Dec 04 2045 05:30:00 GMT+0530 (India Standard Time),93.7203,7.7306
IN4520210191,06.96 TS SDL 2045,6.96,Fri Dec 08 2045 05:30:00 GMT+0530 (India Standard Time),92.3283,7.7306
IN2220250418,07.48 MH SGS 2045,7.48,Sun Dec 10 2045 05:30:00 GMT+0530 (India Standard Time),97.4927,7.7306
IN1120250023,07.55 AR SGS 2045,7.55,Sun Dec 10 2045 05:30:00 GMT+0530 (India Standard Time),98.188,7.7306
IN4920250201,07.60 JK SGS 2045,7.6,Sun Dec 24 2045 05:30:00 GMT+0530 (India Standard Time),98.6843,7.7306
IN3420250216,07.60 WB SGS 2045,7.6,Sun Dec 24 2045 05:30:00 GMT+0530 (India Standard Time),98.6843,7.7306
IN2120240121,07.14 MP SGS 2045,7.14,Tue Dec 26 2045 05:30:00 GMT+0530 (India Standard Time),94.1103,7.7306
IN1220250139,07.56 AS SGS 2045,7.56,Sun Dec 31 2045 05:30:00 GMT+0530 (India Standard Time),98.2866,7.7306
IN3520250058,07.59 CG SGS 2046,7.59,Sun Jan 07 2046 05:30:00 GMT+0530 (India Standard Time),98.7277,7.7161
IN3420250307,07.63 WB SGS 2046,7.63,Sun Jan 14 2046 05:30:00 GMT+0530 (India Standard Time),99.1269,7.7161
IN2720250140,07.59 OD SGS 2046,7.59,Sun Jan 21 2046 05:30:00 GMT+0530 (India Standard Time),98.7291,7.7161
IN1220250162,07.62 AS SGS 2046,7.62,Sun Jan 21 2046 05:30:00 GMT+0530 (India Standard Time),99.0278,7.7162
IN4520230405,07.59 TS SGS 2046,7.59,Wed Jan 24 2046 05:30:00 GMT+0530 (India Standard Time),98.7295,7.7161
IN2920200630,06.88 RJ SDL 2046,6.88,Sat Feb 03 2046 05:30:00 GMT+0530 (India Standard Time),91.6464,7.7161
IN3420250349,07.67 WB SGS 2046,7.67,Sun Feb 04 2046 05:30:00 GMT+0530 (India Standard Time),99.5294,7.7161
IN4520240495,07.19 TS SGS 2046,7.19,Mon Feb 05 2046 05:30:00 GMT+0530 (India Standard Time),94.7395,7.7161
IN1220250196,07.87 AS SGS 2046,7.87,Sun Feb 11 2046 05:30:00 GMT+0530 (India Standard Time),101.5279,7.7161
IN4520230439,07.44 TS SGS 2046,7.44,Wed Feb 14 2046 05:30:00 GMT+0530 (India Standard Time),97.2354,7.7161
IN4920250243,07.74 JK SGS 2046,7.74,Sun Feb 18 2046 05:30:00 GMT+0530 (India Standard Time),100.2324,7.7161
IN1220250204,07.76 AS SGS 2046,7.76,Sun Feb 18 2046 05:30:00 GMT+0530 (India Standard Time),100.4322,7.7161
IN3320250225,07.71 UP SGS 2046,7.71,Sun Feb 25 2046 05:30:00 GMT+0530 (India Standard Time),99.9352,7.7161
IN2120230239,07.42 MP SGS 2046,7.42,Wed Feb 28 2046 05:30:00 GMT+0530 (India Standard Time),97.0381,7.7161
IN2920200754,07.20 RJ SDL 2046,7.2,Sat Mar 03 2046 05:30:00 GMT+0530 (India Standard Time),94.8391,7.7161
IN4520250726,07.67 TS SGS 2046,7.67,Sun Mar 04 2046 05:30:00 GMT+0530 (India Standard Time),99.5386,7.7161
IN1720250134,07.69 HP SGS 2046,7.69,Sun Mar 04 2046 05:30:00 GMT+0530 (India Standard Time),99.7386,7.7161
IN4520220430,07.72 TS SGS 2046,7.72,Thu Mar 08 2046 05:30:00 GMT+0530 (India Standard Time),100.037,7.7161
IN1120250031,07.75 AR SGS 2046,7.75,Sun Mar 11 2046 05:30:00 GMT+0530 (India Standard Time),100.3359,7.7161
IN4920250276,07.80 JK SGS 2046,7.8,Sun Mar 18 2046 05:30:00 GMT+0530 (India Standard Time),100.8339,7.7161
IN2120240253,07.18 MP SGS 2046,7.18,Mon Mar 19 2046 05:30:00 GMT+0530 (India Standard Time),94.6289,7.7161
IN2720240190,07.18 OD SGS 2046,7.18,Mon Mar 19 2046 05:30:00 GMT+0530 (India Standard Time),94.6289,7.7161
IN3420240274,07.18 WB SGS 2046,7.18,Mon Mar 19 2046 05:30:00 GMT+0530 (India Standard Time),94.6289,7.7161
IN1020250610,07.88 AP SGS 2046,7.88,Sun Mar 25 2046 05:30:00 GMT+0530 (India Standard Time),101.6328,7.7161
IN2020250329,07.88 KL SGS 2046,7.88,Sun Mar 25 2046 05:30:00 GMT+0530 (India Standard Time),101.6328,7.7161
IN3620250123,07.88 UK SGS 2046,7.88,Sun Mar 25 2046 05:30:00 GMT+0530 (India Standard Time),101.6328,7.7161
IN3320250266,07.88 UP SGS 2046,7.88,Sun Mar 25 2046 05:30:00 GMT+0530 (India Standard Time),101.6328,7.7161
IN3420240308,07.10 WB SGS 2046,7.1,Mon Mar 26 2046 05:30:00 GMT+0530 (India Standard Time),93.8236,7.7161
IN3220250085,08.00 TR SGS 2046,8,Fri Mar 30 2046 05:30:00 GMT+0530 (India Standard Time),102.8334,7.7161
IN2020250345,08.04 KL SGS 2046,8.04,Fri Mar 30 2046 05:30:00 GMT+0530 (India Standard Time),103.234,7.7161
IN2820250024,06.88 PN SGS 2046,6.88,Wed Apr 04 2046 05:30:00 GMT+0530 (India Standard Time),91.6148,7.7161
IN1220260013,07.83 AS SGS 2046,7.83,Sun Apr 29 2046 05:30:00 GMT+0530 (India Standard Time),101.1266,7.7161
IN2020250014,06.78 KL SGS 2046,6.78,Mon Apr 30 2046 05:30:00 GMT+0530 (India Standard Time),90.5934,7.7161
IN3420230028,07.46 WB SGS 2046,7.46,Thu May 03 2046 05:30:00 GMT+0530 (India Standard Time),97.4139,7.7161
IN4520250080,06.86 TS SGS 2046,6.86,Mon May 14 2046 05:30:00 GMT+0530 (India Standard Time),91.387,7.7161
IN1020240207,07.42 AP SGS 2046,7.42,Tue May 15 2046 05:30:00 GMT+0530 (India Standard Time),97.0091,7.7161
IN3120210056,06.97 TN SDL 2046,6.97,Fri May 25 2046 05:30:00 GMT+0530 (India Standard Time),92.4857,7.7161
IN2820250065,06.89 PN SGS 2046,6.89,Mon May 28 2046 05:30:00 GMT+0530 (India Standard Time),91.6804,7.7161
IN3120210064,07.03 TN SDL 2046,7.03,Sat Jun 02 2046 05:30:00 GMT+0530 (India Standard Time),93.0854,7.7161
IN4920260010,07.91 JK SGS 2046,7.91,Sun Jun 03 2046 05:30:00 GMT+0530 (India Standard Time),101.9303,7.7161
IN1020240280,07.43 AP SGS 2046,7.43,Tue Jun 05 2046 05:30:00 GMT+0530 (India Standard Time),97.1053,7.7161
IN4920240046,07.43 JK SGS 2046,7.43,Tue Jun 05 2046 05:30:00 GMT+0530 (India Standard Time),97.1053,7.7161
IN2920210134,07.07 RJ SDL 2046,7.07,Sat Jun 09 2046 05:30:00 GMT+0530 (India Standard Time),93.4848,7.7161
IN3320260042,07.82 UP SGS 2046,7.82,Sun Jun 10 2046 05:30:00 GMT+0530 (India Standard Time),101.0262,7.7161
IN4920250060,07.08 JK SGS 2046 25 JUN,7.08,Mon Jun 25 2046 05:30:00 GMT+0530 (India Standard Time),93.58,7.7161
IN2020210083,07.13 KL SDL 2046,7.13,Sat Jun 30 2046 05:30:00 GMT+0530 (India Standard Time),94.082,7.7161
IN2220250145,07.15 MH SGS 2046,7.15,Mon Jul 02 2046 05:30:00 GMT+0530 (India Standard Time),94.2829,7.7161
IN4920240087,07.36 JK SGS 2046,7.36,Tue Jul 03 2046 05:30:00 GMT+0530 (India Standard Time),96.3973,7.7161
IN2020240072,07.42 KL SGS 2046,7.42,Tue Jul 03 2046 05:30:00 GMT+0530 (India Standard Time),97.0015,7.7161
IN2220250178,07.14 MH SGS 2046,7.14,Mon Jul 09 2046 05:30:00 GMT+0530 (India Standard Time),94.181,7.7161
IN2920240180,07.36 RJ SGS 2046,7.36,Tue Jul 10 2046 05:30:00 GMT+0530 (India Standard Time),96.3968,7.7161
IN4520230157,07.34 TS SGS 2046,7.34,Thu Jul 19 2046 05:30:00 GMT+0530 (India Standard Time),96.1948,7.7161
IN4920240111,07.35 JK SGS 2046,7.35,Tue Jul 31 2046 05:30:00 GMT+0530 (India Standard Time),96.2956,7.7161
IN4520240248,07.28 TS SGS 2046,7.28,Tue Aug 07 2046 05:30:00 GMT+0530 (India Standard Time),95.5894,7.7161
IN4520220133,07.74 TS SGS 2046,7.74,Fri Aug 24 2046 05:30:00 GMT+0530 (India Standard Time),100.2372,7.7161
IN1020240470,07.23 AP SGS 2046,7.23,Tue Aug 28 2046 05:30:00 GMT+0530 (India Standard Time),95.0852,7.7161
IN2920240263,07.23 RJ SGS 2046,7.23,Tue Aug 28 2046 05:30:00 GMT+0530 (India Standard Time),95.0852,7.7161
IN3420250091,07.77 WB SGS 2046,7.77,Tue Aug 28 2046 05:30:00 GMT+0530 (India Standard Time),100.5419,7.7161
IN4520240297,07.25 TS SGS 2046,7.25,Tue Sep 04 2046 05:30:00 GMT+0530 (India Standard Time),95.2878,7.7161
IN3420250125,07.47 WB SGS 2046,7.47,Mon Sep 17 2046 05:30:00 GMT+0530 (India Standard Time),97.5051,7.7161
IN2120250179,07.44 MP SGS 2046,7.44,Mon Sep 24 2046 05:30:00 GMT+0530 (India Standard Time),97.1982,7.7161
IN2920240313,07.13 RJ SGS 2046,7.13,Tue Sep 25 2046 05:30:00 GMT+0530 (India Standard Time),94.0604,7.7161
IN1020250339,07.50 AP SGS 2046,7.5,Mon Oct 01 2046 05:30:00 GMT+0530 (India Standard Time),97.8025,7.7161
IN2120250203,07.40 MP SGS 2046,7.4,Mon Oct 29 2046 05:30:00 GMT+0530 (India Standard Time),96.7789,7.7161
IN2020230164,07.66 KL SGS 2046,7.66,Thu Nov 01 2046 05:30:00 GMT+0530 (India Standard Time),99.4148,7.7161
IN2920230314,07.59 RJ SGS 2046,7.59,Thu Nov 08 2046 05:30:00 GMT+0530 (India Standard Time),98.7035,7.7161
IN3120210247,06.92 TN SDL 2046,6.92,Sat Dec 01 2046 05:30:00 GMT+0530 (India Standard Time),91.8944,7.7161
IN4520250585,07.55 TS SGS 2046,7.55,Mon Dec 03 2046 05:30:00 GMT+0530 (India Standard Time),98.2938,7.7161
IN4920240186,07.08 JK SGS 2046,7.08,Tue Dec 11 2046 05:30:00 GMT+0530 (India Standard Time),93.516,7.7161
IN2920240404,07.10 RJ SGS 2046,7.1,Tue Dec 18 2046 05:30:00 GMT+0530 (India Standard Time),93.7171,7.7161
IN4520240404,07.10 TS SGS 2046,7.1,Tue Dec 18 2046 05:30:00 GMT+0530 (India Standard Time),93.7171,7.7161
IN2120250302,07.54 MP SGS 2046,7.54,Mon Dec 31 2046 05:30:00 GMT+0530 (India Standard Time),98.191,7.7161
IN3420250240,07.57 WB SGS 2046,7.57,Mon Dec 31 2046 05:30:00 GMT+0530 (India Standard Time),98.4962,7.7161
IN2120240147,07.12 MP SGS 2047,7.12,Tue Jan 01 2047 05:30:00 GMT+0530 (India Standard Time),93.2567,7.7845
IN1020250495,07.59 AP SGS 2047,7.59,Mon Jan 07 2047 05:30:00 GMT+0530 (India Standard Time),98.0148,7.7845
IN3420250273,07.60 WB SGS 2047,7.6,Mon Jan 07 2047 05:30:00 GMT+0530 (India Standard Time),98.1161,7.7845
IN4920240228,07.20 JK SGS 2047,7.2,Tue Jan 15 2047 05:30:00 GMT+0530 (India Standard Time),94.0639,7.7845
IN4520230397,07.60 TS SGS 2047,7.6,Thu Jan 17 2047 05:30:00 GMT+0530 (India Standard Time),98.1167,7.7845
IN3420250323,07.62 WB SGS 2047,7.62,Mon Jan 28 2047 05:30:00 GMT+0530 (India Standard Time),98.3207,7.7845
IN4520240461,07.11 TS SGS 2047,7.11,Tue Jan 29 2047 05:30:00 GMT+0530 (India Standard Time),93.1494,7.7845
IN2020250246,07.64 KL SGS 2047,7.64,Mon Feb 04 2047 05:30:00 GMT+0530 (India Standard Time),98.5245,7.7845
IN4520240503,07.18 TS SGS 2047,7.18,Tue Feb 05 2047 05:30:00 GMT+0530 (India Standard Time),93.8586,7.7845
IN2120250393,07.84 MP SGS 2047,7.84,Mon Feb 11 2047 05:30:00 GMT+0530 (India Standard Time),100.5554,7.7845
IN4520250700,07.84 TS SGS 2047,7.84,Mon Feb 11 2047 05:30:00 GMT+0530 (India Standard Time),100.5554,7.7845
IN3420250364,07.84 WB SGS 2047,7.84,Mon Feb 11 2047 05:30:00 GMT+0530 (India Standard Time),100.5554,7.7845
IN3120210338,07.13 TN SDL 2047,7.13,Sat Feb 16 2047 05:30:00 GMT+0530 (India Standard Time),93.3504,7.7845
IN1020250560,07.70 AP SGS 2047,7.7,Mon Feb 25 2047 05:30:00 GMT+0530 (India Standard Time),99.1388,7.7845
IN2220250509,07.66 MH SGS 2047,7.66,Mon Mar 04 2047 05:30:00 GMT+0530 (India Standard Time),98.7354,7.7845
IN4520240529,07.27 TS SGS 2047,7.27,Tue Mar 05 2047 05:30:00 GMT+0530 (India Standard Time),94.7717,7.7845
IN2120250492,07.74 MP SGS 2047,7.74,Mon Mar 11 2047 05:30:00 GMT+0530 (India Standard Time),99.4204,7.7968
IN2120240238,07.23 MP SGS 2047,7.23,Tue Mar 12 2047 05:30:00 GMT+0530 (India Standard Time),94.3604,7.7845
IN2720240166,07.23 OD SGS 2047,7.23,Tue Mar 12 2047 05:30:00 GMT+0530 (India Standard Time),94.3604,7.7845
IN3420240282,07.18 WB SGS 2047,7.18,Tue Mar 19 2047 05:30:00 GMT+0530 (India Standard Time),93.8474,7.7845
IN3120210494,07.43 TN SDL 2047,7.43,Sat Mar 23 2047 05:30:00 GMT+0530 (India Standard Time),96.3877,7.7845
IN3420250463,07.84 WB SGS 2047 25 MAR,7.84,Mon Mar 25 2047 05:30:00 GMT+0530 (India Standard Time),100.5574,7.7845
IN3420240316,07.10 WB SGS 2047,7.1,Tue Mar 26 2047 05:30:00 GMT+0530 (India Standard Time),93.029,7.7845
IN2120220149,07.77 MP SGS 2047,7.77,Fri Mar 29 2047 05:30:00 GMT+0530 (India Standard Time),99.844,7.7845
IN4520250015,06.87 TS SGS 2047,6.87,Tue Apr 09 2047 05:30:00 GMT+0530 (India Standard Time),90.6793,7.7845
IN4520260055,07.82 TS SGS 2047,7.82,Mon Apr 22 2047 05:30:00 GMT+0530 (India Standard Time),100.3476,7.7845
IN2920250023,06.78 RJ SGS 2047,6.78,Tue Apr 30 2047 05:30:00 GMT+0530 (India Standard Time),89.7474,7.7845
IN4520250098,06.86 TS SGS 2047,6.86,Tue May 14 2047 05:30:00 GMT+0530 (India Standard Time),90.5539,7.7845
IN1020240215,07.41 AP SGS 2047,7.41,Wed May 15 2047 05:30:00 GMT+0530 (India Standard Time),96.163,7.7845
IN2020250030,06.84 KL SGS 2047,6.84,Tue May 21 2047 05:30:00 GMT+0530 (India Standard Time),90.3458,7.7845
IN2920250031,06.85 RJ SGS 2047,6.85,Tue May 21 2047 05:30:00 GMT+0530 (India Standard Time),90.4478,7.7845
IN3420250026,07.11 WB SGS 2047,7.11,Tue Jun 18 2047 05:30:00 GMT+0530 (India Standard Time),93.0905,7.7845
IN2920220075,07.81 RJ SDL 2047,7.81,Sat Jun 29 2047 05:30:00 GMT+0530 (India Standard Time),100.2441,7.7845
IN2220250152,07.15 MH SGS 2047,7.15,Tue Jul 02 2047 05:30:00 GMT+0530 (India Standard Time),93.4955,7.7845
IN2220250186,07.12 MH SGS 2047,7.12,Tue Jul 16 2047 05:30:00 GMT+0530 (India Standard Time),93.1856,7.7845
IN3420260058,07.71 WB SGS 2047,7.71,Mon Jul 22 2047 05:30:00 GMT+0530 (India Standard Time),99.3504,7.7721
IN1720250068,07.28 HP SGS 2047,7.28,Tue Jul 30 2047 05:30:00 GMT+0530 (India Standard Time),94.8221,7.7845
IN4520250270,07.21 TS SGS 2047,7.21,Tue Aug 06 2047 05:30:00 GMT+0530 (India Standard Time),94.1047,7.7845
IN4520230207,07.45 TS SGS 2047,7.45,Sat Aug 17 2047 05:30:00 GMT+0530 (India Standard Time),96.5649,7.7845
IN3420250109,07.75 WB SGS 2047,7.75,Wed Aug 28 2047 05:30:00 GMT+0530 (India Standard Time),99.6442,7.7845
IN1020240512,07.25 AP SGS 2047,7.25,Wed Sep 04 2047 05:30:00 GMT+0530 (India Standard Time),94.5154,7.7845
IN2020240163,07.14 KL SGS 2047,7.14,Thu Sep 19 2047 05:30:00 GMT+0530 (India Standard Time),93.376,7.7845
IN4520250395,07.44 TS SGS 2047,7.44,Tue Sep 24 2047 05:30:00 GMT+0530 (India Standard Time),96.4544,7.7845
IN2020220074,07.70 KL SGS 2047,7.7,Fri Oct 04 2047 05:30:00 GMT+0530 (India Standard Time),99.1217,7.7845
IN2120250211,07.40 MP SGS 2047,7.4,Tue Oct 29 2047 05:30:00 GMT+0530 (India Standard Time),96.0282,7.7845
IN1020240579,07.16 AP SGS 2047,7.16,Wed Oct 30 2047 05:30:00 GMT+0530 (India Standard Time),93.558,7.7845
IN4520240354,07.16 TS SGS 2047,7.16,Wed Oct 30 2047 05:30:00 GMT+0530 (India Standard Time),93.558,7.7845
IN1020240595,07.15 AP SGS 2047,7.15,Wed Nov 06 2047 05:30:00 GMT+0530 (India Standard Time),93.4523,7.7845
IN3120220212,07.63 TN SGS 2047,7.63,Sat Nov 23 2047 05:30:00 GMT+0530 (India Standard Time),98.3904,7.7845
IN4520220273,07.53 TS SGS 2047,7.53,Sat Dec 07 2047 05:30:00 GMT+0530 (India Standard Time),97.358,7.7845
IN4520240412,07.10 TS SGS 2047,7.1,Wed Dec 18 2047 05:30:00 GMT+0530 (India Standard Time),92.9209,7.7845
IN3420250224,07.59 WB SGS 2047,7.59,Tue Dec 24 2047 05:30:00 GMT+0530 (India Standard Time),97.9757,7.7845
IN4520250676,07.58 TS SGS 2048,7.58,Tue Jan 28 2048 05:30:00 GMT+0530 (India Standard Time),97.5042,7.8209
IN2020220157,07.65 KL SGS 2048,7.65,Sat Feb 01 2048 05:30:00 GMT+0530 (India Standard Time),98.2263,7.8209
IN2120250369,07.63 MP SGS 2048,7.63,Tue Feb 04 2048 05:30:00 GMT+0530 (India Standard Time),98.0206,7.8209
IN2920220281,07.56 RJ SGS 2048,7.56,Sat Feb 08 2048 05:30:00 GMT+0530 (India Standard Time),97.2993,7.8209
IN4520220398,07.56 TS SGS 2048,7.56,Sat Feb 08 2048 05:30:00 GMT+0530 (India Standard Time),97.2993,7.8209
IN3420250380,07.74 WB SGS 2048,7.74,Tue Feb 18 2048 05:30:00 GMT+0530 (India Standard Time),99.1586,7.8209
IN2120240170,07.18 MP SGS 2048,7.18,Thu Feb 20 2048 05:30:00 GMT+0530 (India Standard Time),93.3793,7.8209
IN2920220307,07.58 RJ SGS 2048,7.58,Sun Mar 01 2048 05:30:00 GMT+0530 (India Standard Time),97.5105,7.8209
IN2120240204,07.27 MP SGS 2048,7.27,Thu Mar 05 2048 05:30:00 GMT+0530 (India Standard Time),94.3085,7.8209
IN3420250422,07.70 WB SGS 2048,7.7,Wed Mar 11 2048 05:30:00 GMT+0530 (India Standard Time),98.7476,7.8209
IN2120220123,07.66 MP SGS 2048,7.66,Sun Mar 15 2048 05:30:00 GMT+0530 (India Standard Time),98.3324,7.8209
IN2020250287,07.77 KL SGS 2048,7.77,Wed Mar 18 2048 05:30:00 GMT+0530 (India Standard Time),99.4681,7.8209
IN4520220463,07.74 TS SGS 2048,7.74,Mon Mar 23 2048 05:30:00 GMT+0530 (India Standard Time),99.1561,7.8209
IN3220250093,08.04 TR SGS 2048,8.04,Mon Mar 30 2048 05:30:00 GMT+0530 (India Standard Time),102.2561,7.8209
IN2920230033,07.59 RJ SGS 2048,7.59,Sun Apr 19 2048 05:30:00 GMT+0530 (India Standard Time),97.5954,7.8209
IN3520260040,07.82 CG SGS 2048,7.82,Wed Apr 29 2048 05:30:00 GMT+0530 (India Standard Time),99.9743,7.8209
IN2120260046,07.83 MP SGS 2048,7.83,Wed Apr 29 2048 05:30:00 GMT+0530 (India Standard Time),100.0779,7.8209
IN2020230016,07.46 KL SGS 2048,7.46,Sun May 03 2048 05:30:00 GMT+0530 (India Standard Time),96.2449,7.8209
IN4520230033,07.46 TS SGS 2048 03 MAY,7.46,Sun May 03 2048 05:30:00 GMT+0530 (India Standard Time),96.2449,7.8209
IN4520240073,07.42 TS SGS 2048,7.42,Fri May 08 2048 05:30:00 GMT+0530 (India Standard Time),95.8289,7.8209
IN4520230041,07.32 TS SGS 2048,7.32,Sun May 17 2048 05:30:00 GMT+0530 (India Standard Time),94.7897,7.8209
IN2920250056,06.89 RJ SGS 2048,6.89,Thu May 28 2048 05:30:00 GMT+0530 (India Standard Time),90.327,7.8209
IN1020240249,07.34 AP SGS 2048,7.34,Fri May 29 2048 05:30:00 GMT+0530 (India Standard Time),94.9935,7.8209
IN2920230090,07.39 RJ SGS 2048,7.39,Sun Jun 28 2048 05:30:00 GMT+0530 (India Standard Time),95.5069,7.8209
IN1020240397,07.36 AP SGS 2048,7.36,Fri Jul 03 2048 05:30:00 GMT+0530 (India Standard Time),95.1947,7.8209
IN2820230083,07.43 PN SGS 2048,7.43,Sun Jul 05 2048 05:30:00 GMT+0530 (India Standard Time),95.9218,7.8209
IN2920230116,07.43 RJ SGS 2048,7.43,Sun Jul 05 2048 05:30:00 GMT+0530 (India Standard Time),95.9218,7.8209
IN2220250194,07.13 MH SGS 2048,7.13,Thu Jul 16 2048 05:30:00 GMT+0530 (India Standard Time),92.8027,7.8209
IN3620260056,07.70 UK SGS 2048,7.7,Wed Jul 22 2048 05:30:00 GMT+0530 (India Standard Time),98.729,7.8209
IN4520250288,07.21 TS SGS 2048,7.21,Thu Aug 06 2048 05:30:00 GMT+0530 (India Standard Time),93.6325,7.8209
IN2120250112,07.22 MP SGS 2048,7.22,Thu Aug 06 2048 05:30:00 GMT+0530 (India Standard Time),93.7366,7.8209
IN2820230091,07.43 PN SGS 2048 09 AUG,7.43,Sun Aug 09 2048 05:30:00 GMT+0530 (India Standard Time),95.9222,7.8209
IN2120260087,07.66 MP SGS 2048 19 AUG,7.66,Wed Aug 19 2048 05:30:00 GMT+0530 (India Standard Time),98.3184,7.8209
IN1620260027,07.69 HR SGS 2048,7.69,Thu Aug 27 2048 05:30:00 GMT+0530 (India Standard Time),98.6331,7.8209
IN4520220166,07.46 TS SGS 2048,7.46,Mon Sep 14 2048 05:30:00 GMT+0530 (India Standard Time),96.2328,7.8209
IN4520250403,07.44 TS SGS 2048,7.44,Thu Sep 24 2048 05:30:00 GMT+0530 (India Standard Time),96.019,7.8209
IN2120250195,07.51 MP SGS 2048,7.51,Thu Oct 01 2048 05:30:00 GMT+0530 (India Standard Time),96.746,7.8209
IN1020240546,07.14 AP SGS 2048,7.14,Sat Oct 03 2048 05:30:00 GMT+0530 (India Standard Time),92.8842,7.8209
IN2920230280,07.65 RJ SGS 2048,7.65,Sun Nov 01 2048 05:30:00 GMT+0530 (India Standard Time),98.1977,7.8209
IN4920230153,07.56 JK SGS 2048,7.56,Sun Nov 22 2048 05:30:00 GMT+0530 (India Standard Time),97.2526,7.8209
IN4520250544,07.45 TS SGS 2048,7.45,Thu Nov 26 2048 05:30:00 GMT+0530 (India Standard Time),96.1012,7.8209
IN2120250278,07.54 MP SGS 2048,7.54,Thu Dec 03 2048 05:30:00 GMT+0530 (India Standard Time),97.0416,7.8209
IN4920230195,07.71 JK SGS 2048,7.71,Sun Dec 20 2048 05:30:00 GMT+0530 (India Standard Time),98.8201,7.8209
IN4520250619,07.59 TS SGS 2048,7.59,Thu Dec 24 2048 05:30:00 GMT+0530 (India Standard Time),97.5633,7.8209
IN4520240438,07.13 TS SGS 2049,7.13,Fri Jan 08 2049 05:30:00 GMT+0530 (India Standard Time),93.3477,7.7601
IN4520240479,07.08 TS SGS 2049,7.08,Fri Jan 29 2049 05:30:00 GMT+0530 (India Standard Time),92.8179,7.7601
IN4520240511,07.18 TS SGS 2049,7.18,Fri Feb 05 2049 05:30:00 GMT+0530 (India Standard Time),93.872,7.7601
IN4920230237,07.46 JK SGS 2049,7.46,Sun Feb 14 2049 05:30:00 GMT+0530 (India Standard Time),96.8265,7.7601
IN2120250435,07.72 MP SGS 2049,7.72,Thu Feb 18 2049 05:30:00 GMT+0530 (India Standard Time),99.5712,7.7601
IN2020220165,07.58 KL SGS 2049,7.58,Mon Mar 01 2049 05:30:00 GMT+0530 (India Standard Time),98.0971,7.7601
IN3420250406,07.69 WB SGS 2049,7.69,Thu Mar 04 2049 05:30:00 GMT+0530 (India Standard Time),99.2599,7.7601
IN4520240537,07.27 TS SGS 2049,7.27,Fri Mar 05 2049 05:30:00 GMT+0530 (India Standard Time),94.823,7.7601
IN4520230454,07.38 TS SGS 2049,7.38,Sat Mar 06 2049 05:30:00 GMT+0530 (India Standard Time),95.9843,7.7601
IN2020250279,07.68 KL SGS 2049,7.68,Thu Mar 11 2049 05:30:00 GMT+0530 (India Standard Time),99.1513,7.7601
IN4520240545,07.23 TS SGS 2049,7.23,Fri Mar 12 2049 05:30:00 GMT+0530 (India Standard Time),94.396,7.7601
IN4520180204,08.38 TS SDL 2049,8.38,Sat Mar 13 2049 05:30:00 GMT+0530 (India Standard Time),106.5471,7.7601
IN4920230260,07.36 JK SGS 2049,7.36,Sat Mar 13 2049 05:30:00 GMT+0530 (India Standard Time),95.7691,7.7601
IN3420250448,07.76 WB SGS 2049,7.76,Thu Mar 18 2049 05:30:00 GMT+0530 (India Standard Time),99.994,7.7601
IN2120240261,07.18 MP SGS 2049,7.18,Fri Mar 19 2049 05:30:00 GMT+0530 (India Standard Time),93.8634,7.7601
IN2020230255,07.42 KL SGS 2049,7.42,Sat Mar 20 2049 05:30:00 GMT+0530 (India Standard Time),96.3996,7.7601
IN2920220331,07.74 RJ SGS 2049,7.74,Tue Mar 23 2049 05:30:00 GMT+0530 (India Standard Time),99.7809,7.7601
IN3420250489,08.06 WB SGS 2049,8.06,Tue Mar 30 2049 05:30:00 GMT+0530 (India Standard Time),103.1624,7.7601
IN2220260037,08.07 MH SGS 2049,8.07,Thu Apr 08 2049 05:30:00 GMT+0530 (India Standard Time),102.7424,7.8086
IN2920260048,07.81 RJ SGS 2049,7.81,Thu Apr 22 2049 05:30:00 GMT+0530 (India Standard Time),100.514,7.7601
IN2020260047,07.83 KL SGS 2049,7.83,Thu Apr 29 2049 05:30:00 GMT+0530 (India Standard Time),100.7247,7.7601
IN4920240012,07.41 JK SGS 2049,7.41,Sat May 15 2049 05:30:00 GMT+0530 (India Standard Time),96.2734,7.7601
IN2020230024,07.29 KL SGS 2049,7.29,Mon May 24 2049 05:30:00 GMT+0530 (India Standard Time),94.9994,7.7601
IN1020240256,07.34 AP SGS 2049,7.34,Sat May 29 2049 05:30:00 GMT+0530 (India Standard Time),95.5282,7.7601
IN4520230058,07.32 TS SGS 2049,7.32,Mon May 31 2049 05:30:00 GMT+0530 (India Standard Time),95.3159,7.7601
IN1020240298,07.38 AP SGS 2049,7.38,Sat Jun 05 2049 05:30:00 GMT+0530 (India Standard Time),95.9511,7.7601
IN4920240053,07.35 JK SGS 2049,7.35,Sat Jun 12 2049 05:30:00 GMT+0530 (India Standard Time),95.6317,7.7601
IN1720260034,07.77 HP SGS 2049,7.77,Thu Jun 24 2049 05:30:00 GMT+0530 (India Standard Time),100.0879,7.7601
IN4520260089,07.65 TS SGS 2049,7.65,Thu Jul 01 2049 05:30:00 GMT+0530 (India Standard Time),98.9597,7.7463
IN4520250205,07.14 TS SGS 2049,7.14,Fri Jul 02 2049 05:30:00 GMT+0530 (India Standard Time),93.3996,7.7601
IN4920240095,07.38 JK SGS 2049,7.38,Sat Jul 10 2049 05:30:00 GMT+0530 (India Standard Time),95.9475,7.7601
IN2220250202,07.15 MH SGS 2049,7.15,Fri Jul 16 2049 05:30:00 GMT+0530 (India Standard Time),93.5038,7.7601
IN2820250081,07.19 PN SGS 2049,7.19,Fri Jul 16 2049 05:30:00 GMT+0530 (India Standard Time),93.9288,7.7601
IN1020240447,07.34 AP SGS 2049 31 JUL,7.34,Sat Jul 31 2049 05:30:00 GMT+0530 (India Standard Time),95.5226,7.7601
IN2920240222,07.35 RJ SGS 2049,7.35,Sat Jul 31 2049 05:30:00 GMT+0530 (India Standard Time),95.629,7.7601
IN4520250296,07.19 TS SGS 2049,7.19,Fri Aug 06 2049 05:30:00 GMT+0530 (India Standard Time),93.9277,7.7601
IN2220240138,07.26 MH SGS 2049,7.26,Sat Aug 07 2049 05:30:00 GMT+0530 (India Standard Time),94.6722,7.7601
IN4920240137,07.27 JK SGS 2049,7.27,Sat Aug 14 2049 05:30:00 GMT+0530 (India Standard Time),94.7789,7.7601
IN2220260094,07.70 MH SGS 2049,7.7,Fri Aug 27 2049 05:30:00 GMT+0530 (India Standard Time),99.7275,7.7253
IN2220240211,07.22 MH SGS 2049,7.22,Sat Aug 28 2049 05:30:00 GMT+0530 (India Standard Time),94.2479,7.7601
IN3420240084,07.23 WB SGS 2049,7.23,Sat Aug 28 2049 05:30:00 GMT+0530 (India Standard Time),94.3544,7.7601
IN4520220174,07.46 TS SGS 2049,7.46,Tue Sep 14 2049 05:30:00 GMT+0530 (India Standard Time),96.7993,7.7601
IN4520250411,07.44 TS SGS 2049,7.44,Fri Sep 24 2049 05:30:00 GMT+0530 (India Standard Time),96.5814,7.7601
IN2820240215,07.14 PN SGS 2049,7.14,Sat Sep 25 2049 05:30:00 GMT+0530 (India Standard Time),93.3834,7.7601
IN2920230215,07.43 RJ SGS 2049,7.43,Mon Sep 27 2049 05:30:00 GMT+0530 (India Standard Time),96.4735,7.7601
IN1320250153,07.57 BR SGS 2049,7.57,Fri Oct 01 2049 05:30:00 GMT+0530 (India Standard Time),97.9643,7.7601
IN4520190112,07.35 TS SDL 2049,7.35,Sat Oct 09 2049 05:30:00 GMT+0530 (India Standard Time),95.6152,7.7601
IN4920240160,07.16 JK SGS 2049,7.16,Sat Oct 09 2049 05:30:00 GMT+0530 (India Standard Time),93.589,7.7601
IN2720250108,07.28 OD SGS 2049,7.28,Fri Oct 15 2049 05:30:00 GMT+0530 (India Standard Time),94.866,7.7601
IN4520240362,07.16 TS SGS 2049,7.16,Sat Oct 30 2049 05:30:00 GMT+0530 (India Standard Time),93.5792,7.7601
IN2920230348,07.64 RJ SGS 2049,7.64,Mon Nov 29 2049 05:30:00 GMT+0530 (India Standard Time),98.6985,7.7601
IN4920240194,07.10 JK SGS 2049,7.1,Sat Dec 18 2049 05:30:00 GMT+0530 (India Standard Time),92.922,7.7601
IN1320250260,07.60 BR SGS 2050,7.6,Fri Jan 28 2050 05:30:00 GMT+0530 (India Standard Time),98.4377,7.7445
IN2920240420,07.10 RJ SGS 2050,7.1,Sat Jan 29 2050 05:30:00 GMT+0530 (India Standard Time),93.0731,7.7445
IN4520240487,07.10 TS SGS 2050,7.1,Sat Jan 29 2050 05:30:00 GMT+0530 (India Standard Time),93.0731,7.7445
IN2020240262,07.18 KL SGS 2050,7.18,Sat Feb 05 2050 05:30:00 GMT+0530 (India Standard Time),93.9314,7.7445
IN3120190266,06.94 TN SDL 2050,6.94,Fri Mar 11 2050 05:30:00 GMT+0530 (India Standard Time),91.3487,7.7445
IN4520230470,07.36 TS SGS 2050,7.36,Sun Mar 13 2050 05:30:00 GMT+0530 (India Standard Time),95.8626,7.7445
IN2020220173,07.66 KL SGS 2050,7.66,Tue Mar 15 2050 05:30:00 GMT+0530 (India Standard Time),99.087,7.7445
IN2020240304,07.18 KL SGS 2050 19 MAR,7.18,Sat Mar 19 2050 05:30:00 GMT+0530 (India Standard Time),93.924,7.7445
IN4520230504,07.48 TS SGS 2050,7.48,Sun Mar 27 2050 05:30:00 GMT+0530 (India Standard Time),97.1464,7.7445
IN2020230289,07.53 KL SGS 2050,7.53,Sun Mar 27 2050 05:30:00 GMT+0530 (India Standard Time),97.6843,7.7445
IN2920220364,07.83 RJ SGS 2050,7.83,Tue Mar 29 2050 05:30:00 GMT+0530 (India Standard Time),100.9107,7.7445
IN2120250534,08.09 MP SGS 2050,8.09,Wed Mar 30 2050 05:30:00 GMT+0530 (India Standard Time),103.7074,7.7445
IN2020240023,07.47 KL SGS 2050,7.47,Mon May 02 2050 05:30:00 GMT+0530 (India Standard Time),97.0269,7.7445
IN4520250106,06.85 TS SGS 2050,6.85,Sat May 14 2050 05:30:00 GMT+0530 (India Standard Time),90.3427,7.7445
IN3120200123,06.74 TN SDL 2050,6.74,Fri Jun 10 2050 05:30:00 GMT+0530 (India Standard Time),89.1448,7.7445
IN2820250073,07.13 PN SGS 2050,7.13,Sat Jun 11 2050 05:30:00 GMT+0530 (India Standard Time),93.3519,7.7445
IN3120200131,06.69 TN SDL 2050,6.69,Fri Jun 17 2050 05:30:00 GMT+0530 (India Standard Time),88.6024,7.7445
IN2920200176,06.70 RJ SDL 2050,6.7,Fri Jun 24 2050 05:30:00 GMT+0530 (India Standard Time),88.7075,7.7445
IN3120200164,06.70 TN SDL 2050,6.7,Fri Jun 24 2050 05:30:00 GMT+0530 (India Standard Time),88.7075,7.7445
IN3420250034,07.10 WB SGS 2050,7.1,Sat Jun 25 2050 05:30:00 GMT+0530 (India Standard Time),93.0251,7.7445
IN2920200192,06.67 RJ SDL 2050,6.67,Fri Jul 01 2050 05:30:00 GMT+0530 (India Standard Time),88.3809,7.7445
IN1720250050,07.15 HP SGS 2050,7.15,Sat Jul 02 2050 05:30:00 GMT+0530 (India Standard Time),93.5637,7.7445
IN4520230124,07.43 TS SGS 2050,7.43,Tue Jul 05 2050 05:30:00 GMT+0530 (India Standard Time),96.5871,7.7445
IN4520200119,06.64 TS SDL 2050,6.64,Fri Jul 08 2050 05:30:00 GMT+0530 (India Standard Time),88.0544,7.7445
IN2820200086,06.65 PN SDL 2050,6.65,Fri Jul 08 2050 05:30:00 GMT+0530 (India Standard Time),88.1624,7.7445
IN2920200226,06.55 RJ SDL 2050,6.55,Fri Jul 15 2050 05:30:00 GMT+0530 (India Standard Time),87.0796,7.7445
IN2220250210,07.16 MH SGS 2050,7.16,Sat Jul 16 2050 05:30:00 GMT+0530 (India Standard Time),93.6701,7.7445
IN3120200230,06.49 TN SDL 2050,6.49,Fri Jul 22 2050 05:30:00 GMT+0530 (India Standard Time),86.4287,7.7445
IN4520200127,06.49 TS SDL 2050,6.49,Fri Jul 29 2050 05:30:00 GMT+0530 (India Standard Time),86.4261,7.7445
IN2720250041,07.16 OD SGS 2050,7.16,Sat Jul 30 2050 05:30:00 GMT+0530 (India Standard Time),93.6693,7.7445
IN4520240214,07.31 TS SGS 2050,7.31,Sun Jul 31 2050 05:30:00 GMT+0530 (India Standard Time),95.291,7.7445
IN2920200291,06.50 RJ SDL 2050,6.5,Fri Aug 05 2050 05:30:00 GMT+0530 (India Standard Time),86.5323,7.7445
IN4520200135,06.52 TS SDL 2050,6.52,Fri Aug 05 2050 05:30:00 GMT+0530 (India Standard Time),86.7485,7.7445
IN3120200263,06.67 TN SDL 2050,6.67,Fri Aug 19 2050 05:30:00 GMT+0530 (India Standard Time),88.3676,7.7445
IN4520200143,06.69 TS SDL 2050,6.69,Fri Aug 19 2050 05:30:00 GMT+0530 (India Standard Time),88.584,7.7445
IN2220240179,07.22 MH SGS 2050,7.22,Sun Aug 21 2050 05:30:00 GMT+0530 (India Standard Time),94.319,7.7445
IN2020250147,07.58 KL SGS 2050,7.58,Sun Aug 28 2050 05:30:00 GMT+0530 (India Standard Time),98.2167,7.7445
IN4520200150,06.71 TS SDL 2050,6.71,Fri Sep 02 2050 05:30:00 GMT+0530 (India Standard Time),88.7987,7.7445
IN2220240252,07.26 MH SGS 2050,7.26,Sun Sep 04 2050 05:30:00 GMT+0530 (India Standard Time),94.7537,7.7445
IN2020250170,07.44 KL SGS 2050,7.44,Sat Sep 24 2050 05:30:00 GMT+0530 (India Standard Time),96.693,7.7445
IN1320250138,07.45 BR SGS 2050,7.45,Sat Sep 24 2050 05:30:00 GMT+0530 (India Standard Time),96.8014,7.7445
IN4520200176,06.94 TS SDL 2050,6.94,Fri Sep 30 2050 05:30:00 GMT+0530 (India Standard Time),91.2715,7.7445
IN4520200184,06.94 TS SDL 2050 14 OCT,6.94,Fri Oct 14 2050 05:30:00 GMT+0530 (India Standard Time),91.2633,7.7445
IN2220250350,07.29 MH SGS 2050,7.29,Sun Oct 23 2050 05:30:00 GMT+0530 (India Standard Time),95.055,7.7445
IN4520200192,06.78 TS SDL 2050,6.78,Fri Oct 28 2050 05:30:00 GMT+0530 (India Standard Time),89.5201,7.7445
IN4520200200,06.80 TS SDL 2050,6.8,Fri Nov 04 2050 05:30:00 GMT+0530 (India Standard Time),89.7338,7.7445
IN4920230138,07.58 JK SGS 2050,7.58,Tue Nov 08 2050 05:30:00 GMT+0530 (India Standard Time),98.1975,7.7445
IN4520200218,06.80 TS SDL 2050 11 NOV,6.8,Fri Nov 11 2050 05:30:00 GMT+0530 (India Standard Time),89.7302,7.7445
IN4520200226,06.73 TS SDL 2050,6.73,Fri Nov 25 2050 05:30:00 GMT+0530 (India Standard Time),88.9633,7.7445
IN2020250204,07.45 KL SGS 2050,7.45,Sat Nov 26 2050 05:30:00 GMT+0530 (India Standard Time),96.7829,7.7445
IN4520200234,06.74 TS SDL 2050,6.74,Fri Dec 02 2050 05:30:00 GMT+0530 (India Standard Time),89.0688,7.7445
IN4920230179,07.64 JK SGS 2050,7.64,Tue Dec 06 2050 05:30:00 GMT+0530 (India Standard Time),98.8459,7.7445
IN4520200259,06.67 TS SDL 2050,6.67,Fri Dec 16 2050 05:30:00 GMT+0530 (India Standard Time),88.3021,7.7445
IN2820200177,06.65 PN SDL 2050 30 DEC,6.65,Fri Dec 30 2050 05:30:00 GMT+0530 (India Standard Time),88.0792,7.7445
IN4520240420,07.12 TS SGS 2051,7.12,Sun Jan 01 2051 05:30:00 GMT+0530 (India Standard Time),93.351,7.729
IN4520200283,06.64 TS SDL 2051,6.64,Fri Jan 06 2051 05:30:00 GMT+0530 (India Standard Time),88.1216,7.729
IN2820200185,06.63 PN SDL 2051,6.63,Fri Jan 13 2051 05:30:00 GMT+0530 (India Standard Time),88.0104,7.729
IN1320250245,07.65 BR SGS 2051,7.65,Sat Jan 14 2051 05:30:00 GMT+0530 (India Standard Time),99.1247,7.729
IN4520200317,06.61 TS SDL 2051,6.61,Fri Jan 27 2051 05:30:00 GMT+0530 (India Standard Time),87.7882,7.729
IN2920240438,07.10 RJ SGS 2051,7.1,Sun Jan 29 2051 05:30:00 GMT+0530 (India Standard Time),93.1304,7.729
IN3120200354,06.85 TN SDL 2051,6.85,Fri Feb 03 2051 05:30:00 GMT+0530 (India Standard Time),90.4039,7.729
IN2920200671,06.97 RJ SDL 2051,6.97,Fri Feb 10 2051 05:30:00 GMT+0530 (India Standard Time),91.7121,7.729
IN2920200713,06.97 RJ SDL 2051 17 FEB,6.97,Fri Feb 17 2051 05:30:00 GMT+0530 (India Standard Time),91.7118,7.729
IN4520200333,07.00 TS SDL 2051,7,Fri Feb 17 2051 05:30:00 GMT+0530 (India Standard Time),92.0392,7.729
IN4520200358,07.20 TS SDL 2051,7.2,Fri Mar 10 2051 05:30:00 GMT+0530 (India Standard Time),94.22,7.729
IN1020250628,07.79 AP SGS 2051,7.79,Sat Mar 25 2051 05:30:00 GMT+0530 (India Standard Time),100.6592,7.729
IN4920250284,07.79 JK SGS 2051,7.79,Sat Mar 25 2051 05:30:00 GMT+0530 (India Standard Time),100.6592,7.729
IN3320250274,07.79 UP SGS 2051,7.79,Sat Mar 25 2051 05:30:00 GMT+0530 (India Standard Time),100.6066,7.7338
IN3420250471,07.79 WB SGS 2051,7.79,Sat Mar 25 2051 05:30:00 GMT+0530 (India Standard Time),100.6592,7.729
IN2020220199,07.76 KL SGS 2051,7.76,Wed Mar 29 2051 05:30:00 GMT+0530 (India Standard Time),100.3302,7.729
IN3320250282,08.09 UP SGS 2051,8.09,Thu Mar 30 2051 05:30:00 GMT+0530 (India Standard Time),103.9368,7.729
IN1020260023,08.07 AP SGS 2051,8.07,Sat Apr 08 2051 05:30:00 GMT+0530 (India Standard Time),103.7171,7.729
IN4520240024,07.44 TS SGS 2051,7.44,Mon Apr 10 2051 05:30:00 GMT+0530 (India Standard Time),96.8286,7.729
IN1320260012,07.92 BR SGS 2051,7.92,Sat Apr 15 2051 05:30:00 GMT+0530 (India Standard Time),102.076,7.729
IN4520210019,06.89 TS SDL 2051,6.89,Thu Apr 20 2051 05:30:00 GMT+0530 (India Standard Time),90.8095,7.729
IN4520210027,06.96 TS SDL 2051,6.96,Fri May 05 2051 05:30:00 GMT+0530 (India Standard Time),91.5681,7.729
IN3120210023,06.96 TN SDL 2051,6.96,Fri May 19 2051 05:30:00 GMT+0530 (India Standard Time),91.5624,7.729
IN2920250049,06.85 RJ SGS 2051,6.85,Sun May 21 2051 05:30:00 GMT+0530 (India Standard Time),90.3571,7.729
IN4920240020,07.38 JK SGS 2051,7.38,Mon May 22 2051 05:30:00 GMT+0530 (India Standard Time),96.1605,7.729
IN2020250048,06.89 KL SGS 2051,6.89,Sun May 28 2051 05:30:00 GMT+0530 (India Standard Time),90.7924,7.729
IN3120210072,07.03 TN SDL 2051,7.03,Fri Jun 02 2051 05:30:00 GMT+0530 (India Standard Time),92.3246,7.729
IN2020230040,07.29 KL SGS 2051,7.29,Wed Jun 07 2051 05:30:00 GMT+0530 (India Standard Time),95.1719,7.729
IN4520210050,07.04 TS SDL 2051,7.04,Fri Jun 09 2051 05:30:00 GMT+0530 (India Standard Time),92.4322,7.729
IN4920260028,07.81 JK SGS 2051,7.81,Sat Jun 10 2051 05:30:00 GMT+0530 (India Standard Time),100.8696,7.729
IN4520210068,07.03 TS SDL 2051,7.03,Fri Jun 16 2051 05:30:00 GMT+0530 (India Standard Time),92.3208,7.729
IN4920240061,07.33 JK SGS 2051,7.33,Mon Jun 19 2051 05:30:00 GMT+0530 (India Standard Time),95.6086,7.729
IN3420250042,07.10 WB SGS 2051,7.1,Sun Jun 25 2051 05:30:00 GMT+0530 (India Standard Time),93.0863,7.729
IN4520230108,07.39 TS SGS 2051,7.39,Wed Jun 28 2051 05:30:00 GMT+0530 (India Standard Time),96.2659,7.729
IN4520210084,07.18 TS SDL 2051,7.18,Fri Jun 30 2051 05:30:00 GMT+0530 (India Standard Time),93.9628,7.729
IN4520210092,07.24 TS SDL 2051,7.24,Fri Jul 14 2051 05:30:00 GMT+0530 (India Standard Time),94.6199,7.729
IN4920240103,07.35 JK SGS 2051,7.35,Tue Jul 18 2051 05:30:00 GMT+0530 (India Standard Time),95.827,7.729
IN3120210130,07.24 TN SDL 2051,7.24,Thu Jul 20 2051 05:30:00 GMT+0530 (India Standard Time),94.6198,7.729
IN1020260106,07.68 AP SGS 2051,7.68,Sat Jul 29 2051 05:30:00 GMT+0530 (India Standard Time),99.4508,7.729
IN2020250105,07.17 KL SGS 2051,7.17,Sun Jul 30 2051 05:30:00 GMT+0530 (India Standard Time),93.8514,7.729
IN3120260119,07.70 TN SGS 2051,7.7,Sat Aug 05 2051 05:30:00 GMT+0530 (India Standard Time),99.7158,7.725
IN4920240145,07.23 JK SGS 2051,7.23,Mon Aug 21 2051 05:30:00 GMT+0530 (India Standard Time),94.5118,7.729
IN2020210117,07.19 KL SDL 2051,7.19,Fri Aug 25 2051 05:30:00 GMT+0530 (India Standard Time),94.0726,7.729
IN4520250312,07.54 TS SGS 2051,7.54,Mon Aug 28 2051 05:30:00 GMT+0530 (India Standard Time),97.9203,7.729
IN3420210111,07.12 WB SDL 2051,7.12,Fri Sep 01 2051 05:30:00 GMT+0530 (India Standard Time),93.3038,7.729
IN1320260079,07.76 BR SGS 2051,7.76,Sat Sep 02 2051 05:30:00 GMT+0530 (India Standard Time),100.349,7.7282
IN4520250346,07.74 TS SGS 2051,7.74,Sun Sep 03 2051 05:30:00 GMT+0530 (India Standard Time),100.1207,7.729
IN4520250429,07.44 TS SGS 2051 24 SEP,7.44,Sun Sep 24 2051 05:30:00 GMT+0530 (India Standard Time),96.8133,7.729
IN2920250239,07.46 RJ SGS 2051,7.46,Sun Oct 01 2051 05:30:00 GMT+0530 (India Standard Time),97.0305,7.729
IN4520250478,07.30 TS SGS 2051,7.3,Sun Oct 15 2051 05:30:00 GMT+0530 (India Standard Time),95.2639,7.729
IN2920250254,07.30 RJ SGS 2051,7.3,Mon Oct 23 2051 05:30:00 GMT+0530 (India Standard Time),95.261,7.729
IN4520250502,07.50 TS SGS 2051,7.5,Sun Nov 19 2051 05:30:00 GMT+0530 (India Standard Time),97.4581,7.729
IN4920240202,07.14 JK SGS 2051,7.14,Tue Dec 26 2051 05:30:00 GMT+0530 (India Standard Time),93.4815,7.729
IN4520250650,07.61 TS SGS 2052,7.61,Sun Jan 14 2052 05:30:00 GMT+0530 (India Standard Time),98.4902,7.7456
IN3120210312,07.33 TN SDL 2052,7.33,Fri Feb 02 2052 05:30:00 GMT+0530 (India Standard Time),95.4027,7.7456
IN1320250286,07.77 BR SGS 2052,7.77,Sun Feb 11 2052 05:30:00 GMT+0530 (India Standard Time),100.2618,7.7456
IN4520250734,07.65 TS SGS 2052,7.65,Mon Mar 04 2052 05:30:00 GMT+0530 (India Standard Time),98.944,7.7456
IN2220250517,07.66 MH SGS 2052,7.66,Mon Mar 04 2052 05:30:00 GMT+0530 (India Standard Time),99.0545,7.7456
IN3120210411,07.33 TN SDL 2052 09 MAR,7.33,Sat Mar 09 2052 05:30:00 GMT+0530 (India Standard Time),95.4049,7.7456
IN4520240552,07.23 TS SGS 2052,7.23,Tue Mar 12 2052 05:30:00 GMT+0530 (India Standard Time),94.2979,7.7456
IN3120210452,07.39 TN SDL 2052,7.39,Sat Mar 16 2052 05:30:00 GMT+0530 (India Standard Time),96.0646,7.7456
IN4520240578,07.07 TS SGS 2052,7.07,Tue Mar 26 2052 05:30:00 GMT+0530 (India Standard Time),92.5212,7.7456
IN3420250497,08.04 WB SGS 2052,8.04,Sat Mar 30 2052 05:30:00 GMT+0530 (India Standard Time),103.2475,7.7456
IN4520250049,06.79 TS SGS 2052,6.79,Tue Apr 30 2052 05:30:00 GMT+0530 (India Standard Time),89.4052,7.7456
IN2920250064,06.86 RJ SGS 2052,6.86,Tue May 28 2052 05:30:00 GMT+0530 (India Standard Time),90.1683,7.7456
IN3120220048,07.84 TN SDL 2052,7.84,Sat Jun 22 2052 05:30:00 GMT+0530 (India Standard Time),101.0299,7.7456
IN2020250071,07.09 KL SGS 2052,7.09,Tue Jun 25 2052 05:30:00 GMT+0530 (India Standard Time),92.7112,7.7456
IN2020230057,07.39 KL SGS 2052,7.39,Fri Jun 28 2052 05:30:00 GMT+0530 (India Standard Time),96.0387,7.7456
IN3120220055,07.81 TN SDL 2052,7.81,Sat Jun 29 2052 05:30:00 GMT+0530 (India Standard Time),100.698,7.7456
IN3420250059,07.15 WB SGS 2052,7.15,Tue Jul 02 2052 05:30:00 GMT+0530 (India Standard Time),93.3758,7.7456
IN3420260033,07.65 WB SGS 2052,7.65,Mon Jul 08 2052 05:30:00 GMT+0530 (India Standard Time),98.9239,7.7456
IN2020240098,07.30 KL SGS 2052,7.3,Wed Jul 31 2052 05:30:00 GMT+0530 (India Standard Time),95.0403,7.7456
IN2920250155,07.17 RJ SGS 2052,7.17,Tue Aug 06 2052 05:30:00 GMT+0530 (India Standard Time),93.5967,7.7456
IN4520250437,07.53 TS SGS 2052,7.53,Tue Oct 01 2052 05:30:00 GMT+0530 (India Standard Time),97.5916,7.7456
IN4520250510,07.50 TS SGS 2052,7.5,Tue Nov 19 2052 05:30:00 GMT+0530 (India Standard Time),97.2451,7.7456
IN4520250593,07.52 TS SGS 2052,7.52,Tue Dec 03 2052 05:30:00 GMT+0530 (India Standard Time),97.4663,7.7456
IN2020220132,07.62 KL SGS 2053,7.62,Sat Jan 04 2053 05:30:00 GMT+0530 (India Standard Time),98.5594,7.7476
IN3120220295,07.65 TN SGS 2053,7.65,Sat Feb 01 2053 05:30:00 GMT+0530 (India Standard Time),98.8985,7.7476
IN3120220303,07.55 TN SGS 2053,7.55,Sat Feb 08 2053 05:30:00 GMT+0530 (India Standard Time),97.7827,7.7476
IN4520250718,07.75 TS SGS 2053,7.75,Tue Feb 11 2053 05:30:00 GMT+0530 (India Standard Time),100.0185,7.7476
IN3120220311,07.53 TN SGS 2053,7.53,Sat Feb 22 2053 05:30:00 GMT+0530 (India Standard Time),97.5625,7.7476
IN3120220337,07.56 TN SGS 2053,7.56,Sat Mar 01 2053 05:30:00 GMT+0530 (India Standard Time),97.9005,7.7476
IN3120220345,07.57 TN SGS 2053,7.57,Sat Mar 08 2053 05:30:00 GMT+0530 (India Standard Time),98.0115,7.7476
IN4520240560,07.23 TS SGS 2053,7.23,Wed Mar 12 2053 05:30:00 GMT+0530 (India Standard Time),94.2059,7.7476
IN3120220352,07.67 TN SGS 2053,7.67,Sat Mar 15 2053 05:30:00 GMT+0530 (India Standard Time),99.1274,7.7476
IN2020250295,07.71 KL SGS 2053,7.71,Tue Mar 18 2053 05:30:00 GMT+0530 (India Standard Time),99.5738,7.7476
IN3120220386,07.76 TN SGS 2053,7.76,Sat Mar 29 2053 05:30:00 GMT+0530 (India Standard Time),100.1298,7.7476
IN4520240032,07.44 TS SGS 2053,7.44,Thu Apr 10 2053 05:30:00 GMT+0530 (India Standard Time),96.5439,7.7476
IN4520250064,06.79 TS SGS 2053,6.79,Wed May 07 2053 05:30:00 GMT+0530 (India Standard Time),89.2523,7.7476
IN2020230032,07.32 KL SGS 2053,7.32,Sat May 31 2053 05:30:00 GMT+0530 (India Standard Time),95.1864,7.7476
IN3120230054,07.32 TN SGS 2053,7.32,Sat May 31 2053 05:30:00 GMT+0530 (India Standard Time),95.1864,7.7476
IN3120230062,07.29 TN SGS 2053,7.29,Sat Jun 07 2053 05:30:00 GMT+0530 (India Standard Time),94.8489,7.7476
IN3120230120,07.39 TN SGS 2053,7.39,Sat Jun 28 2053 05:30:00 GMT+0530 (India Standard Time),95.9691,7.7476
IN2920260097,07.65 RJ SGS 2053,7.65,Tue Jul 01 2053 05:30:00 GMT+0530 (India Standard Time),98.8876,7.7476
IN2920250148,07.15 RJ SGS 2053,7.15,Wed Jul 30 2053 05:30:00 GMT+0530 (India Standard Time),93.2739,7.7476
IN3120230203,07.43 TN SGS 2053,7.43,Sat Aug 02 2053 05:30:00 GMT+0530 (India Standard Time),96.4203,7.7476
IN4920230054,07.44 JK SGS 2053,7.44,Sat Aug 02 2053 05:30:00 GMT+0530 (India Standard Time),96.5327,7.7476
IN4920230062,07.43 JK SGS 2053,7.43,Sat Aug 09 2053 05:30:00 GMT+0530 (India Standard Time),96.4214,7.7476
IN4920230070,07.45 JK SGS 2053,7.45,Sun Aug 17 2053 05:30:00 GMT+0530 (India Standard Time),96.6478,7.7476
IN2920250189,07.54 RJ SGS 2053,7.54,Thu Aug 28 2053 05:30:00 GMT+0530 (India Standard Time),97.6626,7.7476
IN4520250320,07.54 TS SGS 2053,7.54,Thu Aug 28 2053 05:30:00 GMT+0530 (India Standard Time),97.6626,7.7476
IN4920230088,07.43 JK SGS 2053 13 SEP,7.43,Sat Sep 13 2053 05:30:00 GMT+0530 (India Standard Time),96.4226,7.7476
IN4520250387,07.46 TS SGS 2053,7.46,Wed Sep 17 2053 05:30:00 GMT+0530 (India Standard Time),96.7584,7.7476
IN4920230096,07.41 JK SGS 2053,7.41,Mon Sep 22 2053 05:30:00 GMT+0530 (India Standard Time),96.1935,7.7476
IN3120230237,07.43 TN SGS 2053 27 SEP,7.43,Sat Sep 27 2053 05:30:00 GMT+0530 (India Standard Time),96.4166,7.7476
IN3120230252,07.62 TN SGS 2053,7.62,Sat Oct 11 2053 05:30:00 GMT+0530 (India Standard Time),98.5509,7.7476
IN4920230104,07.56 JK SGS 2053,7.56,Sat Oct 18 2053 05:30:00 GMT+0530 (India Standard Time),97.8733,7.7476
IN4920230112,07.60 JK SGS 2053,7.6,Sat Oct 25 2053 05:30:00 GMT+0530 (India Standard Time),98.3221,7.7476
IN4920230120,07.63 JK SGS 2053,7.63,Sat Nov 01 2053 05:30:00 GMT+0530 (India Standard Time),98.6589,7.7476
IN4920230146,07.60 JK SGS 2053 15 NOV,7.6,Sat Nov 15 2053 05:30:00 GMT+0530 (India Standard Time),98.3185,7.7476
IN4520250551,07.45 TS SGS 2053,7.45,Wed Nov 26 2053 05:30:00 GMT+0530 (India Standard Time),96.626,7.7476
IN4920230187,07.63 JK SGS 2053 13 DEC,7.63,Sat Dec 13 2053 05:30:00 GMT+0530 (India Standard Time),98.655,7.7476
IN4520250627,07.58 TS SGS 2053,7.58,Wed Dec 24 2053 05:30:00 GMT+0530 (India Standard Time),98.091,7.7476
IN3120230351,07.56 TN SGS 2053 27 DEC,7.56,Sat Dec 27 2053 05:30:00 GMT+0530 (India Standard Time),97.8654,7.7476
IN4520240446,07.12 TS SGS 2054,7.12,Thu Jan 08 2054 05:30:00 GMT+0530 (India Standard Time),92.8983,7.7476
IN3120230377,07.56 TN SGS 2054,7.56,Sat Jan 17 2054 05:30:00 GMT+0530 (India Standard Time),97.867,7.7476
IN3120230393,07.58 TN SGS 2054,7.58,Sat Jan 24 2054 05:30:00 GMT+0530 (India Standard Time),98.0939,7.7476
IN3120230427,07.55 TN SGS 2054,7.55,Sat Jan 31 2054 05:30:00 GMT+0530 (India Standard Time),97.7561,7.7476
IN4920230229,07.48 JK SGS 2054,7.48,Sat Feb 07 2054 05:30:00 GMT+0530 (India Standard Time),96.9664,7.7476
IN4920230245,07.45 JK SGS 2054,7.45,Sat Feb 21 2054 05:30:00 GMT+0530 (India Standard Time),96.6302,7.7476
IN1320250302,07.69 BR SGS 2054,7.69,Wed Feb 25 2054 05:30:00 GMT+0530 (India Standard Time),99.3451,7.7476
IN3120230468,07.38 TN SGS 2054,7.38,Fri Mar 06 2054 05:30:00 GMT+0530 (India Standard Time),95.8408,7.7476
IN2020230248,07.36 KL SGS 2054,7.36,Fri Mar 13 2054 05:30:00 GMT+0530 (India Standard Time),95.6111,7.7476
IN3120230476,07.36 TN SGS 2054,7.36,Fri Mar 13 2054 05:30:00 GMT+0530 (India Standard Time),95.6111,7.7476
IN4520250767,07.70 TS SGS 2054,7.7,Wed Mar 18 2054 05:30:00 GMT+0530 (India Standard Time),99.4559,7.7476
IN3120230500,07.40 TN SGS 2054,7.4,Fri Mar 20 2054 05:30:00 GMT+0530 (India Standard Time),96.0604,7.7476
IN3120230526,07.50 TN SGS 2054,7.5,Fri Mar 27 2054 05:30:00 GMT+0530 (India Standard Time),97.1893,7.7476
IN4920230286,07.51 JK SGS 2054,7.51,Fri Mar 27 2054 05:30:00 GMT+0530 (India Standard Time),97.3025,7.7476
IN2220260060,07.79 MH SGS 2054,7.79,Wed Apr 22 2054 05:30:00 GMT+0530 (India Standard Time),100.4656,7.7476
IN4920240038,07.34 JK SGS 2054,7.34,Fri May 29 2054 05:30:00 GMT+0530 (India Standard Time),95.3604,7.7476
IN3120240129,07.27 TN SGS 2054,7.27,Fri Jun 26 2054 05:30:00 GMT+0530 (India Standard Time),94.5635,7.7476
IN4920240079,07.28 JK SGS 2054,7.28,Fri Jun 26 2054 05:30:00 GMT+0530 (India Standard Time),94.677,7.7476
IN3120240145,07.31 TN SGS 2054,7.31,Fri Jul 10 2054 05:30:00 GMT+0530 (India Standard Time),95.0171,7.7476
IN2020240080,07.33 KL SGS 2054,7.33,Fri Jul 24 2054 05:30:00 GMT+0530 (India Standard Time),95.2448,7.7476
IN3120240194,07.29 TN SGS 2054,7.29,Fri Jul 31 2054 05:30:00 GMT+0530 (India Standard Time),94.7911,7.7476
IN2220250228,07.17 MH SGS 2054,7.17,Thu Aug 06 2054 05:30:00 GMT+0530 (India Standard Time),93.4284,7.7476
IN3120240244,07.22 TN SGS 2054,7.22,Fri Aug 28 2054 05:30:00 GMT+0530 (India Standard Time),93.9994,7.7476
IN4920240152,07.23 JK SGS 2054,7.23,Fri Aug 28 2054 05:30:00 GMT+0530 (India Standard Time),94.1131,7.7476
IN3120240285,07.22 TN SGS 2054 11 SEP,7.22,Fri Sep 11 2054 05:30:00 GMT+0530 (India Standard Time),93.9968,7.7476
IN4520250445,07.52 TS SGS 2054,7.52,Thu Oct 01 2054 05:30:00 GMT+0530 (India Standard Time),97.4007,7.7476
IN4520190120,07.35 TS SDL 2054,7.35,Fri Oct 30 2054 05:30:00 GMT+0530 (India Standard Time),95.4566,7.7476
IN3120240335,07.16 TN SGS 2054,7.16,Fri Oct 30 2054 05:30:00 GMT+0530 (India Standard Time),93.2931,7.7476
IN4520190138,07.43 TS SDL 2054,7.43,Fri Nov 13 2054 05:30:00 GMT+0530 (India Standard Time),96.3647,7.7476
IN3120240392,07.16 TN SGS 2054 27 NOV,7.16,Fri Nov 27 2054 05:30:00 GMT+0530 (India Standard Time),93.2858,7.7476
IN3120190241,07.33 TN SDL 2054,7.33,Fri Dec 04 2054 05:30:00 GMT+0530 (India Standard Time),95.2219,7.7476
IN3120240442,07.10 TN SGS 2054,7.1,Fri Dec 18 2054 05:30:00 GMT+0530 (India Standard Time),92.5981,7.7476
IN4920240210,07.11 JK SGS 2055,7.11,Fri Jan 01 2055 05:30:00 GMT+0530 (India Standard Time),92.6885,7.7497
IN3120240483,07.11 TN SGS 2055,7.11,Fri Jan 08 2055 05:30:00 GMT+0530 (India Standard Time),92.688,7.7497
IN4520240453,07.11 TS SGS 2055,7.11,Fri Jan 08 2055 05:30:00 GMT+0530 (India Standard Time),92.688,7.7497
IN3120240517,07.12 TN SGS 2055,7.12,Fri Jan 22 2055 05:30:00 GMT+0530 (India Standard Time),92.8017,7.7497
IN4920240236,07.08 JK SGS 2055,7.08,Fri Jan 29 2055 05:30:00 GMT+0530 (India Standard Time),92.3452,7.7497
IN3120240533,07.18 TN SGS 2055,7.18,Fri Feb 05 2055 05:30:00 GMT+0530 (India Standard Time),93.487,7.7497
IN3120240566,07.18 TN SGS 2055 12 FEB,7.18,Fri Feb 12 2055 05:30:00 GMT+0530 (India Standard Time),93.4876,7.7497
IN3120240590,07.20 TN SGS 2055,7.2,Sat Feb 27 2055 05:30:00 GMT+0530 (India Standard Time),93.7182,7.7497
IN4520250742,07.65 TS SGS 2055,7.65,Thu Mar 04 2055 05:30:00 GMT+0530 (India Standard Time),98.8612,7.7497
IN3120240632,07.26 TN SGS 2055,7.26,Fri Mar 05 2055 05:30:00 GMT+0530 (India Standard Time),94.4045,7.7497
IN3120240673,07.23 TN SGS 2055,7.23,Fri Mar 12 2055 05:30:00 GMT+0530 (India Standard Time),94.058,7.7497
IN3120240731,07.18 TN SGS 2055,7.18,Fri Mar 19 2055 05:30:00 GMT+0530 (India Standard Time),93.4831,7.7497
IN2020240338,07.06 KL SGS 2055,7.06,Fri Mar 26 2055 05:30:00 GMT+0530 (India Standard Time),92.1079,7.7497
IN4520240586,07.07 TS SGS 2055,7.07,Fri Mar 26 2055 05:30:00 GMT+0530 (India Standard Time),92.2222,7.7497
IN2020230297,07.54 KL SGS 2055,7.54,Sat Mar 27 2055 05:30:00 GMT+0530 (India Standard Time),97.5948,7.7497
IN4520250023,06.87 TS SGS 2055,6.87,Fri Apr 09 2055 05:30:00 GMT+0530 (India Standard Time),89.9291,7.7497
IN3120250029,06.79 TN SGS 2055,6.79,Fri Apr 30 2055 05:30:00 GMT+0530 (India Standard Time),89.0043,7.7497
IN2020240049,07.34 KL SGS 2055,7.34,Sat May 29 2055 05:30:00 GMT+0530 (India Standard Time),95.291,7.7497
IN3120250094,06.94 TN SGS 2055,6.94,Fri Jun 04 2055 05:30:00 GMT+0530 (India Standard Time),90.7097,7.7497
IN2020240056,07.38 KL SGS 2055,7.38,Sat Jun 05 2055 05:30:00 GMT+0530 (India Standard Time),95.7482,7.7497
IN4520250130,07.10 TS SGS 2055,7.1,Fri Jun 11 2055 05:30:00 GMT+0530 (India Standard Time),92.5407,7.7497
IN3120250144,07.09 TN SGS 2055,7.09,Fri Jun 25 2055 05:30:00 GMT+0530 (India Standard Time),92.4242,7.7497
IN3120200180,06.68 TN SDL 2055,6.68,Thu Jul 01 2055 05:30:00 GMT+0530 (India Standard Time),87.725,7.7497
IN4520260097,07.65 TS SGS 2055 01 JUL,7.65,Thu Jul 01 2055 05:30:00 GMT+0530 (India Standard Time),98.8411,7.7497
IN4520250213,07.14 TS SGS 2055,7.14,Fri Jul 02 2055 05:30:00 GMT+0530 (India Standard Time),92.9965,7.7497
IN3120200206,06.63 TN SDL 2055,6.63,Thu Jul 08 2055 05:30:00 GMT+0530 (India Standard Time),87.1505,7.7497
IN4520250221,07.13 TS SGS 2055,7.13,Fri Jul 09 2055 05:30:00 GMT+0530 (India Standard Time),92.8815,7.7497
IN2920200234,06.55 RJ SDL 2055,6.55,Thu Jul 15 2055 05:30:00 GMT+0530 (India Standard Time),86.232,7.7497
IN3120250177,07.07 TN SGS 2055,7.07,Fri Jul 23 2055 05:30:00 GMT+0530 (India Standard Time),92.1933,7.7497
IN2220250236,07.16 MH SGS 2055,7.16,Fri Aug 06 2055 05:30:00 GMT+0530 (India Standard Time),93.226,7.7497
IN1320250054,07.43 BR SGS 2055,7.43,Fri Aug 13 2055 05:30:00 GMT+0530 (India Standard Time),96.3246,7.7497
IN3120250219,07.44 TN SGS 2055,7.44,Fri Aug 20 2055 05:30:00 GMT+0530 (India Standard Time),96.4409,7.7497
IN4520250338,07.54 TS SGS 2055,7.54,Sat Aug 28 2055 05:30:00 GMT+0530 (India Standard Time),97.5908,7.7497
IN2920250197,07.73 RJ SGS 2055,7.73,Fri Sep 03 2055 05:30:00 GMT+0530 (India Standard Time),99.7738,7.7497
IN4520250353,07.74 TS SGS 2055,7.74,Fri Sep 03 2055 05:30:00 GMT+0530 (India Standard Time),99.8886,7.7497
IN3120250318,07.44 TN SGS 2055 01 OCT,7.44,Fri Oct 01 2055 05:30:00 GMT+0530 (India Standard Time),96.4331,7.7497
IN3120250367,07.46 TN SGS 2055,7.46,Sat Nov 06 2055 05:30:00 GMT+0530 (India Standard Time),96.6529,7.7497
IN3120250433,07.44 TN SGS 2055,7.44,Fri Nov 26 2055 05:30:00 GMT+0530 (India Standard Time),96.4195,7.7497
IN3120250474,07.52 TN SGS 2055,7.52,Fri Dec 03 2055 05:30:00 GMT+0530 (India Standard Time),97.3392,7.7497
IN3120250524,07.45 TN SGS 2055,7.45,Fri Dec 17 2055 05:30:00 GMT+0530 (India Standard Time),96.533,7.7497
IN3120250607,07.58 TN SGS 2056,7.58,Fri Jan 07 2056 05:30:00 GMT+0530 (India Standard Time),98.1676,7.7376
IN3120250649,07.58 TN SGS 2056 21 JAN,7.58,Fri Jan 21 2056 05:30:00 GMT+0530 (India Standard Time),98.1694,7.7376
IN3120250680,07.61 TN SGS 2056,7.61,Fri Feb 04 2056 05:30:00 GMT+0530 (India Standard Time),98.5181,7.7376
IN3120250789,07.63 TN SGS 2056,7.63,Sat Mar 04 2056 05:30:00 GMT+0530 (India Standard Time),98.7579,7.7376
IN4520250775,07.69 TS SGS 2056,7.69,Sat Mar 18 2056 05:30:00 GMT+0530 (India Standard Time),99.4453,7.7376
IN3420250505,08.04 WB SGS 2056,8.04,Thu Mar 30 2056 05:30:00 GMT+0530 (India Standard Time),103.4851,7.7376
IN3320250290,08.09 UP SGS 2056,8.09,Thu Mar 30 2056 05:30:00 GMT+0530 (India Standard Time),104.0628,7.7376
IN4520260022,08.07 TS SGS 2056,8.07,Sat Apr 08 2056 05:30:00 GMT+0530 (India Standard Time),103.8302,7.7376
IN2120260020,07.90 MP SGS 2056,7.9,Sat Apr 15 2056 05:30:00 GMT+0530 (India Standard Time),101.8538,7.7385
IN4520250031,06.84 TS SGS 2056,6.84,Sun Apr 16 2056 05:30:00 GMT+0530 (India Standard Time),89.6128,7.7376
IN1020260056,07.81 AP SGS 2056,7.81,Sat Apr 22 2056 05:30:00 GMT+0530 (India Standard Time),100.8229,7.7376
IN4520250056,06.79 TS SGS 2056,6.79,Sun Apr 30 2056 05:30:00 GMT+0530 (India Standard Time),89.0289,7.7376
IN3120210031,06.96 TN SDL 2056,6.96,Fri May 19 2056 05:30:00 GMT+0530 (India Standard Time),90.9882,7.7376
IN4520250148,07.08 TS SGS 2056,7.08,Sun Jun 11 2056 05:30:00 GMT+0530 (India Standard Time),92.3718,7.7376
IN2020210091,07.20 KL SDL 2056,7.2,Fri Jun 30 2056 05:30:00 GMT+0530 (India Standard Time),93.759,7.7376
IN1020260122,07.64 AP SGS 2056,7.64,Sat Aug 12 2056 05:30:00 GMT+0530 (India Standard Time),98.8612,7.7376
IN2020250121,07.49 KL SGS 2056,7.49,Sun Aug 20 2056 05:30:00 GMT+0530 (India Standard Time),97.1244,7.7376
IN2120260095,07.75 MP SGS 2056,7.75,Sat Sep 02 2056 05:30:00 GMT+0530 (India Standard Time),100.1539,7.7367
IN4520250452,07.44 TS SGS 2056,7.44,Sun Oct 01 2056 05:30:00 GMT+0530 (India Standard Time),96.5373,7.7376
IN4520250494,07.44 TS SGS 2056 12 NOV,7.44,Sun Nov 12 2056 05:30:00 GMT+0530 (India Standard Time),96.5264,7.7376
IN3120210429,07.33 TN SDL 2057,7.33,Fri Mar 09 2057 05:30:00 GMT+0530 (India Standard Time),95.2502,7.7376
IN2920260022,08.06 RJ SGS 2057,8.06,Sun Apr 08 2057 05:30:00 GMT+0530 (India Standard Time),103.7469,7.7376
IN4520250072,06.80 TS SGS 2057,6.8,Mon May 07 2057 05:30:00 GMT+0530 (India Standard Time),89.0486,7.7376
IN4520250155,07.08 TS SGS 2057,7.08,Mon Jun 11 2057 05:30:00 GMT+0530 (India Standard Time),92.3069,7.7376
IN4520250239,07.10 TS SGS 2057,7.1,Mon Jul 16 2057 05:30:00 GMT+0530 (India Standard Time),92.5381,7.7376
IN4520250361,07.72 TS SGS 2057,7.72,Mon Sep 03 2057 05:30:00 GMT+0530 (India Standard Time),99.7941,7.7376
IN4520250486,07.45 TS SGS 2057,7.45,Tue Nov 06 2057 05:30:00 GMT+0530 (India Standard Time),96.6161,7.7376
IN2020220207,07.76 KL SGS 2058,7.76,Fri Mar 29 2058 05:30:00 GMT+0530 (India Standard Time),100.2547,7.7376
IN4520250163,07.09 TS SGS 2058,7.09,Tue Jun 18 2058 05:30:00 GMT+0530 (India Standard Time),92.3637,7.7376
IN2020250089,07.13 KL SGS 2058,7.13,Tue Jul 02 2058 05:30:00 GMT+0530 (India Standard Time),92.8334,7.7376
IN4520250460,07.44 TS SGS 2058,7.44,Tue Oct 01 2058 05:30:00 GMT+0530 (India Standard Time),96.4821,7.7376
IN4520250171,07.09 TS SGS 2059,7.09,Wed Jun 18 2059 05:30:00 GMT+0530 (India Standard Time),92.3089,7.7376
IN2020240114,07.27 KL SGS 2059,7.27,Thu Aug 07 2059 05:30:00 GMT+0530 (India Standard Time),94.4447,7.7376
IN2020240130,07.22 KL SGS 2059,7.22,Thu Aug 28 2059 05:30:00 GMT+0530 (India Standard Time),93.8557,7.7376
IN4520190146,07.39 TS SDL 2059,7.39,Thu Dec 11 2059 05:30:00 GMT+0530 (India Standard Time),95.85,7.7376
IN4520190153,07.31 TS SDL 2060,7.31,Thu Jan 15 2060 05:30:00 GMT+0530 (India Standard Time),94.8994,7.7376
IN4520190161,06.94 TS SDL 2060,6.94,Thu Mar 11 2060 05:30:00 GMT+0530 (India Standard Time),90.4989,7.7376
IN4520250189,07.09 TS SGS 2060,7.09,Fri Jun 18 2060 05:30:00 GMT+0530 (India Standard Time),92.2581,7.7376
IN4520250247,07.09 TS SGS 2060 16 JUL,7.09,Fri Jul 16 2060 05:30:00 GMT+0530 (India Standard Time),92.2576,7.7376
IN4520250304,07.33 TS SGS 2060,7.33,Fri Aug 13 2060 05:30:00 GMT+0530 (India Standard Time),95.1259,7.7376
IN2020250162,07.74 KL SGS 2060,7.74,Fri Sep 03 2060 05:30:00 GMT+0530 (India Standard Time),100.0287,7.7376
IN4520250197,07.09 TS SGS 2061,7.09,Sat Jun 18 2061 05:30:00 GMT+0530 (India Standard Time),92.2111,7.7376
IN2020250063,06.94 KL SGS 2062,6.94,Sun Jun 04 2062 05:30:00 GMT+0530 (India Standard Time),90.3589,7.7376
IN4520250254,07.09 TS SGS 2063,7.09,Mon Jul 16 2063 05:30:00 GMT+0530 (India Standard Time),92.1273,7.7376
IN4520250379,07.72 TS SGS 2063,7.72,Mon Sep 03 2063 05:30:00 GMT+0530 (India Standard Time),99.7862,7.7376
IN2020230263,07.42 KL SGS 2064,7.42,Thu Mar 20 2064 05:30:00 GMT+0530 (India Standard Time),96.1274,7.7376